Pair,SymA,SymB,Days,ADF_p,Coint_p,Hurst,HalfLife,Corr,R2,Z_30d,Passes,Sector
SUNPHARMA/CIPLA,SUNPHARMA,CIPLA,742,0.7575,0.6512,1.0148,92.5,0.452,0.832,2.08,False,PHARMA
SUNPHARMA/DRREDDY,SUNPHARMA,DRREDDY,725,0.7555,0.5202,1.0383,238.3,0.106,0.209,-0.66,False,PHARMA
SUNPHARMA/LUPIN,SUNPHARMA,LUPIN,725,0.0129,0.0242,0.9995,68.0,0.555,0.961,-0.21,False,PHARMA
SUNPHARMA/AUROPHARMA,SUNPHARMA,AUROPHARMA,475,0.0002,0.3368,0.9929,22.9,0.558,0.825,1.51,False,PHARMA
SUNPHARMA/BIOCON,SUNPHARMA,BIOCON,501,0.0942,0.437,1.022,28.4,0.333,0.249,0.58,False,PHARMA
SUNPHARMA/DIVISLAB,SUNPHARMA,DIVISLAB,501,0.4042,0.3584,1.0337,114.4,0.415,0.299,-0.11,False,PHARMA
SUNPHARMA/TORNTPHARM,SUNPHARMA,TORNTPHARM,501,0.656,0.4043,0.9896,81.9,0.398,0.29,0.02,False,PHARMA
SUNPHARMA/ALKEM,SUNPHARMA,ALKEM,251,0.6573,0.1203,0.9999,46.0,0.469,0.038,-0.3,False,PHARMA
SUNPHARMA/GLENMARK,SUNPHARMA,GLENMARK,529,0.1619,0.8401,1.0162,71.4,0.364,0.801,0.43,False,PHARMA
SUNPHARMA/LAURUSLABS,SUNPHARMA,LAURUSLABS,251,0.8366,0.1126,1.0316,172.8,0.429,0.007,0.69,False,PHARMA
SUNPHARMA/ZYDUSLIFE,SUNPHARMA,ZYDUSLIFE,725,0.2386,0.6769,1.0239,54.5,0.47,0.773,0.6,False,PHARMA
SUNPHARMA/SYNGENE,SUNPHARMA,SYNGENE,725,0.9924,0.8284,1.0048,DIV,0.334,0.022,1.54,False,PHARMA
CIPLA/DRREDDY,CIPLA,DRREDDY,725,0.7416,0.2729,1.0441,247.1,0.158,0.088,-1.23,False,PHARMA
CIPLA/LUPIN,CIPLA,LUPIN,725,0.2685,0.3669,1.0113,120.9,0.48,0.841,-0.89,False,PHARMA
CIPLA/AUROPHARMA,CIPLA,AUROPHARMA,475,0.0008,0.5795,1.0109,20.6,0.399,0.85,-0.15,False,PHARMA
CIPLA/BIOCON,CIPLA,BIOCON,501,0.1397,0.1847,0.9934,31.8,0.273,0.088,-0.98,False,PHARMA
CIPLA/DIVISLAB,CIPLA,DIVISLAB,501,0.5442,0.0983,1.0134,127.0,0.407,0.045,-1.57,False,PHARMA
CIPLA/TORNTPHARM,CIPLA,TORNTPHARM,501,0.8702,0.4694,1.0096,122.3,0.373,0.063,-0.76,False,PHARMA
CIPLA/ALKEM,CIPLA,ALKEM,251,0.8901,0.6004,1.0055,108.5,0.364,0.002,-0.98,False,PHARMA
CIPLA/GLENMARK,CIPLA,GLENMARK,529,0.57,0.8798,1.0304,127.8,0.337,0.615,-1.33,False,PHARMA
CIPLA/LAURUSLABS,CIPLA,LAURUSLABS,251,0.9366,0.6011,1.0298,594.3,0.452,0.005,-0.69,False,PHARMA
CIPLA/ZYDUSLIFE,CIPLA,ZYDUSLIFE,725,0.3954,0.0964,1.0286,67.6,0.43,0.84,-0.73,False,PHARMA
CIPLA/SYNGENE,CIPLA,SYNGENE,725,0.9316,0.3573,1.0148,687.8,0.28,0.029,1.49,False,PHARMA
DRREDDY/LUPIN,DRREDDY,LUPIN,743,0.5505,0.7728,1.0005,262.6,0.118,0.25,0.46,False,PHARMA
DRREDDY/AUROPHARMA,DRREDDY,AUROPHARMA,493,0.4719,0.5635,1.0226,119.9,-0.223,0.417,1.97,False,PHARMA
DRREDDY/BIOCON,DRREDDY,BIOCON,501,0.5502,0.6533,1.0209,106.3,0.034,0.229,1.26,False,PHARMA
DRREDDY/DIVISLAB,DRREDDY,DIVISLAB,501,0.5583,0.3337,1.0286,155.2,0.102,0.655,0.5,False,PHARMA
DRREDDY/TORNTPHARM,DRREDDY,TORNTPHARM,501,0.6059,0.6745,1.0199,144.7,0.217,0.33,0.64,False,PHARMA
DRREDDY/ALKEM,DRREDDY,ALKEM,251,0.4354,0.2644,1.0253,35.7,0.408,0.095,0.31,False,PHARMA
DRREDDY/GLENMARK,DRREDDY,GLENMARK,546,0.7774,0.7448,1.0184,278.3,0.071,0.218,1.08,False,PHARMA
DRREDDY/LAURUSLABS,DRREDDY,LAURUSLABS,251,0.3869,0.1912,1.0123,143.9,0.41,0.184,0.83,False,PHARMA
DRREDDY/ZYDUSLIFE,DRREDDY,ZYDUSLIFE,743,0.7209,0.9074,1.012,276.8,0.158,0.033,1.99,False,PHARMA
DRREDDY/SYNGENE,DRREDDY,SYNGENE,743,0.7027,0.7585,1.0214,210.4,0.107,0.105,1.48,False,PHARMA
LUPIN/AUROPHARMA,LUPIN,AUROPHARMA,493,0.8315,0.6139,1.0166,181.5,0.597,0.861,1.52,False,PHARMA
LUPIN/BIOCON,LUPIN,BIOCON,501,0.0626,0.2948,1.0262,21.4,0.393,0.436,0.63,False,PHARMA
LUPIN/DIVISLAB,LUPIN,DIVISLAB,501,0.3982,0.4253,1.0491,68.6,0.463,0.5,0.11,False,PHARMA
LUPIN/TORNTPHARM,LUPIN,TORNTPHARM,501,0.1851,0.2919,0.9696,31.7,0.47,0.569,0.66,False,PHARMA
LUPIN/ALKEM,LUPIN,ALKEM,251,0.2024,0.0644,0.9815,19.7,0.506,0.255,-0.24,False,PHARMA
LUPIN/GLENMARK,LUPIN,GLENMARK,546,0.4033,0.4687,1.003,53.0,0.28,0.879,0.56,False,PHARMA
LUPIN/LAURUSLABS,LUPIN,LAURUSLABS,251,0.657,0.0839,1.0025,107.8,0.548,0.129,0.57,False,PHARMA
LUPIN/ZYDUSLIFE,LUPIN,ZYDUSLIFE,743,0.6455,0.8596,1.0269,169.8,0.542,0.757,0.82,False,PHARMA
LUPIN/SYNGENE,LUPIN,SYNGENE,743,0.9958,0.9329,1.0244,DIV,0.37,0.031,1.4,False,PHARMA
AUROPHARMA/BIOCON,AUROPHARMA,BIOCON,251,0.2338,0.1067,0.9787,19.3,0.464,0.1,-1.1,False,PHARMA
AUROPHARMA/DIVISLAB,AUROPHARMA,DIVISLAB,251,0.2583,0.0876,1.0016,15.2,0.428,0.088,-1.43,False,PHARMA
AUROPHARMA/TORNTPHARM,AUROPHARMA,TORNTPHARM,251,0.5088,0.0795,0.989,36.9,0.446,0.031,-1.18,False,PHARMA
AUROPHARMA/ALKEM,AUROPHARMA,ALKEM,251,0.473,0.0891,0.9729,28.6,0.463,0.079,-1.35,False,PHARMA
AUROPHARMA/GLENMARK,AUROPHARMA,GLENMARK,301,0.8599,0.7034,0.9895,111.9,0.626,0.641,-1.09,False,PHARMA
AUROPHARMA/LAURUSLABS,AUROPHARMA,LAURUSLABS,251,0.8286,0.0763,1.0442,166.0,0.503,0.019,-0.22,False,PHARMA
AUROPHARMA/ZYDUSLIFE,AUROPHARMA,ZYDUSLIFE,498,0.1258,0.3728,1.0117,46.7,0.584,0.767,-1.27,False,PHARMA
AUROPHARMA/SYNGENE,AUROPHARMA,SYNGENE,498,0.9623,0.3068,1.0104,DIV,0.277,0.003,1.11,False,PHARMA
BIOCON/DIVISLAB,BIOCON,DIVISLAB,501,0.3804,0.1146,1.0111,41.9,0.402,0.582,-0.74,False,PHARMA
BIOCON/TORNTPHARM,BIOCON,TORNTPHARM,501,0.0122,0.0441,1.0077,14.4,0.293,0.653,-0.4,False,PHARMA
BIOCON/ALKEM,BIOCON,ALKEM,251,0.1552,0.2023,1.0074,16.7,0.432,0.353,-0.71,False,PHARMA
BIOCON/GLENMARK,BIOCON,GLENMARK,304,0.2811,0.2737,1.0479,36.9,0.347,0.704,-0.17,False,PHARMA
BIOCON/LAURUSLABS,BIOCON,LAURUSLABS,251,0.4565,0.0024,1.0437,63.4,0.573,0.643,0.39,False,PHARMA
BIOCON/ZYDUSLIFE,BIOCON,ZYDUSLIFE,501,0.6241,0.329,0.9941,62.6,0.415,0.008,0.04,False,PHARMA
BIOCON/SYNGENE,BIOCON,SYNGENE,501,0.9944,0.2667,1.0159,DIV,0.421,0.001,1.45,False,PHARMA
DIVISLAB/TORNTPHARM,DIVISLAB,TORNTPHARM,501,0.2301,0.4654,1.0254,50.8,0.334,0.651,0.07,False,PHARMA
DIVISLAB/ALKEM,DIVISLAB,ALKEM,251,0.5095,0.3689,1.0461,38.3,0.425,0.078,-0.24,False,PHARMA
DIVISLAB/GLENMARK,DIVISLAB,GLENMARK,304,0.1633,0.501,1.0386,22.8,0.457,0.842,0.68,False,PHARMA
DIVISLAB/LAURUSLABS,DIVISLAB,LAURUSLABS,251,0.8721,0.3073,1.0447,209.8,0.527,0.155,0.88,False,PHARMA
DIVISLAB/ZYDUSLIFE,DIVISLAB,ZYDUSLIFE,501,0.7579,0.229,1.0239,241.9,0.385,0.088,0.62,False,PHARMA
DIVISLAB/SYNGENE,DIVISLAB,SYNGENE,501,0.9868,0.5905,0.9992,DIV,0.333,0.035,1.64,False,PHARMA
TORNTPHARM/ALKEM,TORNTPHARM,ALKEM,251,0.261,0.0612,0.9663,9.5,0.382,0.747,-0.74,False,PHARMA
TORNTPHARM/GLENMARK,TORNTPHARM,GLENMARK,304,0.1611,0.0411,1.021,37.5,0.662,0.938,0.32,False,PHARMA
TORNTPHARM/LAURUSLABS,TORNTPHARM,LAURUSLABS,251,0.7308,0.0375,0.988,78.3,0.395,0.9,0.45,False,PHARMA
TORNTPHARM/ZYDUSLIFE,TORNTPHARM,ZYDUSLIFE,501,0.9277,0.8004,1.0141,483.2,0.344,0.017,0.48,False,PHARMA
TORNTPHARM/SYNGENE,TORNTPHARM,SYNGENE,501,0.999,0.7469,1.0088,DIV,0.346,0.04,1.37,False,PHARMA
ALKEM/LAURUSLABS,ALKEM,LAURUSLABS,251,0.6779,0.1457,1.0162,79.1,0.397,0.732,0.69,False,PHARMA
ALKEM/ZYDUSLIFE,ALKEM,ZYDUSLIFE,251,0.8467,0.9229,1.0215,60.2,0.435,0.029,0.83,False,PHARMA
ALKEM/SYNGENE,ALKEM,SYNGENE,251,0.9957,0.3199,1.0127,DIV,0.305,0.238,1.5,False,PHARMA
GLENMARK/ZYDUSLIFE,GLENMARK,ZYDUSLIFE,551,0.9473,0.9769,1.0127,1422.0,0.27,0.596,0.17,False,PHARMA
GLENMARK/SYNGENE,GLENMARK,SYNGENE,551,0.999,1.0,1.0209,DIV,0.108,0.065,1.48,False,PHARMA
LAURUSLABS/ZYDUSLIFE,LAURUSLABS,ZYDUSLIFE,251,0.8984,0.9433,1.0166,283.1,0.536,0.084,-0.32,False,PHARMA
LAURUSLABS/SYNGENE,LAURUSLABS,SYNGENE,251,0.9988,0.7509,1.0029,DIV,0.43,0.167,1.79,False,PHARMA
ZYDUSLIFE/SYNGENE,ZYDUSLIFE,SYNGENE,748,0.9385,0.8385,1.0352,DIV,0.357,0.055,1.31,False,PHARMA
HDFCBANK/ICICIBANK,HDFCBANK,ICICIBANK,743,0.7936,0.8063,1.005,236.4,0.288,0.005,-0.93,False,BANKING
HDFCBANK/KOTAKBANK,HDFCBANK,KOTAKBANK,743,0.3605,0.5369,0.9993,39.8,0.115,0.061,0.62,False,BANKING
HDFCBANK/AXISBANK,HDFCBANK,AXISBANK,743,0.7246,0.6182,1.0144,148.9,0.271,0.073,-1.11,False,BANKING
HDFCBANK/SBIN,HDFCBANK,SBIN,743,0.8654,0.4644,1.001,326.6,0.22,0.156,-2.28,False,BANKING
HDFCBANK/INDUSINDBK,HDFCBANK,INDUSINDBK,503,0.515,0.8867,1.015,75.4,0.133,0.009,-0.84,False,BANKING
HDFCBANK/BANKBARODA,HDFCBANK,BANKBARODA,743,0.6458,0.4605,0.9923,136.4,0.216,0.172,0.28,False,BANKING
HDFCBANK/PNB,HDFCBANK,PNB,743,0.5381,0.7172,1.0054,183.2,0.19,0.08,-0.14,False,BANKING
HDFCBANK/FEDERALBNK,HDFCBANK,FEDERALBNK,743,0.8747,0.5463,1.0134,345.9,0.198,0.128,-1.21,False,BANKING
HDFCBANK/IDFCFIRSTB,HDFCBANK,IDFCFIRSTB,501,0.7916,0.4413,1.0383,147.5,0.193,0.299,0.12,False,BANKING
HDFCBANK/CANBK,HDFCBANK,CANBK,251,0.8626,0.6156,1.0119,158.8,0.135,0.522,0.72,False,BANKING
HDFCBANK/BANDHANBNK,HDFCBANK,BANDHANBNK,501,0.534,0.8362,0.9815,67.5,0.19,0.076,-2.26,False,BANKING
HDFCBANK/AUBANK,HDFCBANK,AUBANK,743,0.8261,0.3313,1.0318,211.5,0.097,0.274,-0.48,False,BANKING
HDFCBANK/RBLBANK,HDFCBANK,RBLBANK,743,0.7983,0.2292,1.0159,233.5,0.196,0.36,-1.13,False,BANKING
HDFCBANK/INDIANB,HDFCBANK,INDIANB,300,0.9126,0.3597,0.9989,312.0,0.153,0.618,-1.25,False,BANKING
HDFCBANK/YESBANK,HDFCBANK,YESBANK,300,0.826,0.4768,1.0222,121.8,0.142,0.389,0.37,False,BANKING
HDFCBANK/BANKINDIA,HDFCBANK,BANKINDIA,300,0.8885,0.4881,1.0245,195.5,0.139,0.477,-1.19,False,BANKING
HDFCBANK/UNIONBANK,HDFCBANK,UNIONBANK,300,0.8547,0.689,0.967,141.8,0.147,0.249,-0.92,False,BANKING
ICICIBANK/KOTAKBANK,ICICIBANK,KOTAKBANK,743,0.9228,0.9772,1.0218,254.6,0.204,0.047,0.68,False,BANKING
ICICIBANK/AXISBANK,ICICIBANK,AXISBANK,743,0.5185,0.7105,1.0185,114.6,0.557,0.55,-0.4,False,BANKING
ICICIBANK/SBIN,ICICIBANK,SBIN,743,0.7824,0.9426,1.0002,101.4,0.462,0.713,-2.31,False,BANKING
ICICIBANK/INDUSINDBK,ICICIBANK,INDUSINDBK,503,0.5462,0.0483,1.0203,119.7,0.171,0.729,0.03,False,BANKING
ICICIBANK/BANKBARODA,ICICIBANK,BANKBARODA,743,0.3739,0.757,0.9923,62.5,0.372,0.451,1.25,False,BANKING
ICICIBANK/PNB,ICICIBANK,PNB,743,0.3923,0.8607,1.0147,128.3,0.316,0.442,1.12,False,BANKING
ICICIBANK/FEDERALBNK,ICICIBANK,FEDERALBNK,743,0.7441,0.6736,1.0069,61.4,0.236,0.74,-0.72,False,BANKING
ICICIBANK/IDFCFIRSTB,ICICIBANK,IDFCFIRSTB,501,0.2734,0.5969,1.0256,60.2,0.251,0.043,1.44,False,BANKING
ICICIBANK/CANBK,ICICIBANK,CANBK,251,0.8654,0.4454,0.9946,153.6,0.121,0.06,1.51,False,BANKING
ICICIBANK/BANDHANBNK,ICICIBANK,BANDHANBNK,501,0.2008,0.378,0.9802,52.9,0.242,0.235,-1.97,False,BANKING
ICICIBANK/AUBANK,ICICIBANK,AUBANK,743,0.5072,0.7522,1.0229,123.3,0.118,0.078,0.81,False,BANKING
ICICIBANK/RBLBANK,ICICIBANK,RBLBANK,743,0.682,0.8369,1.0132,146.7,0.321,0.1,0.24,False,BANKING
ICICIBANK/INDIANB,ICICIBANK,INDIANB,300,0.9242,0.5848,1.0161,180.7,0.17,0.155,-0.58,False,BANKING
ICICIBANK/YESBANK,ICICIBANK,YESBANK,300,0.4475,0.6473,1.0279,24.8,0.162,0.179,1.58,False,BANKING
ICICIBANK/BANKINDIA,ICICIBANK,BANKINDIA,300,0.899,0.6731,1.0294,100.5,0.198,0.145,-0.87,False,BANKING
ICICIBANK/UNIONBANK,ICICIBANK,UNIONBANK,300,0.608,0.6503,0.9813,39.3,0.184,0.329,-0.66,False,BANKING
KOTAKBANK/AXISBANK,KOTAKBANK,AXISBANK,743,0.8794,0.786,1.0127,176.0,0.074,0.003,-0.69,False,BANKING
KOTAKBANK/SBIN,KOTAKBANK,SBIN,743,0.9719,0.7312,1.0056,DIV,0.146,0.008,-0.73,False,BANKING
KOTAKBANK/INDUSINDBK,KOTAKBANK,INDUSINDBK,503,0.6962,0.9093,1.0018,93.2,0.008,0.088,-0.69,False,BANKING
KOTAKBANK/BANKBARODA,KOTAKBANK,BANKBARODA,743,0.8852,0.766,1.0008,223.0,0.091,0.009,-0.67,False,BANKING
KOTAKBANK/PNB,KOTAKBANK,PNB,743,0.826,0.8043,1.0114,279.0,0.06,0.003,-0.68,False,BANKING
KOTAKBANK/FEDERALBNK,KOTAKBANK,FEDERALBNK,743,0.9691,0.7721,1.0123,DIV,0.137,0.003,-0.7,False,BANKING
KOTAKBANK/IDFCFIRSTB,KOTAKBANK,IDFCFIRSTB,501,0.8845,0.7796,1.0126,155.7,0.102,0.074,-0.68,False,BANKING
KOTAKBANK/CANBK,KOTAKBANK,CANBK,251,0.9786,0.9175,1.0094,DIV,-0.005,0.117,-0.67,False,BANKING
KOTAKBANK/BANDHANBNK,KOTAKBANK,BANDHANBNK,501,0.4553,0.8994,0.985,40.4,0.066,0.006,-0.73,False,BANKING
KOTAKBANK/AUBANK,KOTAKBANK,AUBANK,743,0.9359,0.7688,1.0164,499.8,0.069,0.005,-0.68,False,BANKING
KOTAKBANK/RBLBANK,KOTAKBANK,RBLBANK,743,0.904,0.7914,1.017,343.0,0.103,0.003,-0.69,False,BANKING
KOTAKBANK/INDIANB,KOTAKBANK,INDIANB,300,0.9735,0.8835,1.0276,DIV,-0.03,0.08,-0.7,False,BANKING
KOTAKBANK/YESBANK,KOTAKBANK,YESBANK,300,0.9281,0.948,1.0238,199.3,0.055,0.009,-0.67,False,BANKING
KOTAKBANK/BANKINDIA,KOTAKBANK,BANKINDIA,300,0.9714,0.7194,1.0298,DIV,-0.015,0.175,-0.7,False,BANKING
KOTAKBANK/UNIONBANK,KOTAKBANK,UNIONBANK,300,0.9621,0.7947,0.9664,DIV,-0.117,0.15,-0.69,False,BANKING
AXISBANK/SBIN,AXISBANK,SBIN,743,0.6354,0.1139,1.0101,106.5,0.496,0.766,-3.08,False,BANKING
AXISBANK/INDUSINDBK,AXISBANK,INDUSINDBK,503,0.4798,0.6124,1.0317,111.7,0.292,0.001,0.47,False,BANKING
AXISBANK/BANKBARODA,AXISBANK,BANKBARODA,743,0.0098,0.0393,0.9896,22.6,0.447,0.764,1.15,False,BANKING
AXISBANK/PNB,AXISBANK,PNB,743,0.3105,0.2734,0.9988,125.5,0.401,0.671,1.27,False,BANKING
AXISBANK/FEDERALBNK,AXISBANK,FEDERALBNK,743,0.8045,0.1614,1.0048,119.2,0.33,0.658,-0.9,False,BANKING
AXISBANK/IDFCFIRSTB,AXISBANK,IDFCFIRSTB,501,0.0871,0.1799,1.0052,27.4,0.369,0.32,1.45,False,BANKING
AXISBANK/CANBK,AXISBANK,CANBK,251,0.7473,0.34,1.0105,69.1,0.271,0.702,1.44,False,BANKING
AXISBANK/BANDHANBNK,AXISBANK,BANDHANBNK,501,0.6762,0.5888,0.9734,40.1,0.315,0.021,-2.45,False,BANKING
AXISBANK/AUBANK,AXISBANK,AUBANK,743,0.3496,0.4879,1.0169,73.3,0.221,0.21,0.98,False,BANKING
AXISBANK/RBLBANK,AXISBANK,RBLBANK,743,0.4713,0.5059,1.0143,93.6,0.409,0.382,0.43,False,BANKING
AXISBANK/INDIANB,AXISBANK,INDIANB,300,0.6873,0.4283,1.0161,67.5,0.376,0.653,-0.47,False,BANKING
AXISBANK/YESBANK,AXISBANK,YESBANK,300,0.1317,0.5578,1.0021,16.4,0.292,0.56,1.12,False,BANKING
AXISBANK/BANKINDIA,AXISBANK,BANKINDIA,300,0.4142,0.0986,0.9935,27.6,0.432,0.786,-0.96,False,BANKING
AXISBANK/UNIONBANK,AXISBANK,UNIONBANK,300,0.0967,0.0471,0.9571,14.9,0.397,0.787,-0.59,False,BANKING
SBIN/INDUSINDBK,SBIN,INDUSINDBK,503,0.7826,0.9894,1.0278,196.9,0.327,0.076,2.89,False,BANKING
SBIN/BANKBARODA,SBIN,BANKBARODA,743,0.818,0.924,0.9916,140.7,0.759,0.825,2.56,False,BANKING
SBIN/PNB,SBIN,PNB,743,0.5173,1.0,1.0169,153.1,0.686,0.712,2.85,False,BANKING
SBIN/FEDERALBNK,SBIN,FEDERALBNK,743,0.3396,0.4191,0.9889,38.7,0.462,0.849,1.54,False,BANKING
SBIN/IDFCFIRSTB,SBIN,IDFCFIRSTB,501,0.2918,0.9745,1.0257,32.4,0.424,0.314,2.92,False,BANKING
SBIN/CANBK,SBIN,CANBK,251,0.6831,1.0,1.0126,57.7,0.593,0.905,2.8,False,BANKING
SBIN/BANDHANBNK,SBIN,BANDHANBNK,501,0.9314,0.9881,0.9999,125.7,0.444,0.058,0.18,False,BANKING
SBIN/AUBANK,SBIN,AUBANK,743,0.2458,0.9587,1.0204,99.8,0.19,0.159,2.7,False,BANKING
SBIN/RBLBANK,SBIN,RBLBANK,743,0.655,0.9889,1.0187,137.5,0.5,0.278,2.04,False,BANKING
SBIN/INDIANB,SBIN,INDIANB,300,0.6091,0.9905,1.0019,39.2,0.567,0.863,3.0,False,BANKING
SBIN/YESBANK,SBIN,YESBANK,300,0.9621,1.0,1.0203,DIV,0.491,0.597,2.37,False,BANKING
SBIN/BANKINDIA,SBIN,BANKINDIA,300,0.0613,0.2495,0.9964,14.5,0.662,0.923,2.04,False,BANKING
SBIN/UNIONBANK,SBIN,UNIONBANK,300,0.1149,0.8903,0.9749,18.0,0.596,0.75,2.3,False,BANKING
INDUSINDBK/BANKBARODA,INDUSINDBK,BANKBARODA,503,0.5928,0.7829,1.0215,120.3,0.361,0.031,1.15,False,BANKING
INDUSINDBK/PNB,INDUSINDBK,PNB,503,0.5996,0.845,1.0049,96.6,0.38,0.275,1.49,False,BANKING
INDUSINDBK/FEDERALBNK,INDUSINDBK,FEDERALBNK,503,0.4446,0.8379,1.0065,139.8,0.234,0.342,-0.88,False,BANKING
INDUSINDBK/IDFCFIRSTB,INDUSINDBK,IDFCFIRSTB,501,0.7319,0.9153,1.0125,154.6,0.424,0.167,1.1,False,BANKING
INDUSINDBK/CANBK,INDUSINDBK,CANBK,251,0.1545,0.0116,1.0194,30.7,0.222,0.023,1.61,False,BANKING
INDUSINDBK/BANDHANBNK,INDUSINDBK,BANDHANBNK,501,0.528,0.2929,0.9937,77.6,0.406,0.583,-1.98,False,BANKING
INDUSINDBK/AUBANK,INDUSINDBK,AUBANK,503,0.7466,0.7199,1.0063,220.2,0.319,0.136,0.82,False,BANKING
INDUSINDBK/RBLBANK,INDUSINDBK,RBLBANK,503,0.8167,0.7671,1.0274,205.3,0.38,0.001,0.18,False,BANKING
INDUSINDBK/INDIANB,INDUSINDBK,INDIANB,300,0.668,0.3587,1.04,77.7,0.217,0.033,-0.71,False,BANKING
INDUSINDBK/YESBANK,INDUSINDBK,YESBANK,300,0.2765,0.335,1.0469,37.0,0.319,0.001,1.23,False,BANKING
INDUSINDBK/BANKINDIA,INDUSINDBK,BANKINDIA,300,0.5802,0.3524,1.0403,59.3,0.294,0.006,-1.09,False,BANKING
INDUSINDBK/UNIONBANK,INDUSINDBK,UNIONBANK,300,0.5456,0.3447,1.0159,55.4,0.313,0.02,-0.84,False,BANKING
BANKBARODA/PNB,BANKBARODA,PNB,743,0.4748,0.1682,1.0265,161.7,0.767,0.874,-0.6,False,BANKING
BANKBARODA/FEDERALBNK,BANKBARODA,FEDERALBNK,743,0.6514,0.4099,1.0059,107.4,0.502,0.575,-1.22,False,BANKING
BANKBARODA/IDFCFIRSTB,BANKBARODA,IDFCFIRSTB,501,0.0016,0.0016,1.0109,12.5,0.511,0.715,-0.27,False,BANKING
BANKBARODA/CANBK,BANKBARODA,CANBK,251,0.7712,0.0706,1.0084,85.1,0.768,0.939,0.72,False,BANKING
BANKBARODA/BANDHANBNK,BANKBARODA,BANDHANBNK,501,0.3542,0.6407,0.9952,56.5,0.489,0.014,-2.0,False,BANKING
BANKBARODA/AUBANK,BANKBARODA,AUBANK,743,0.3207,0.4528,0.9973,73.8,0.218,0.136,-0.81,False,BANKING
BANKBARODA/RBLBANK,BANKBARODA,RBLBANK,743,0.4634,0.3668,1.0077,92.6,0.527,0.46,-1.02,False,BANKING
BANKBARODA/INDIANB,BANKBARODA,INDIANB,300,0.7091,0.3123,1.026,69.4,0.662,0.822,-1.46,False,BANKING
BANKBARODA/YESBANK,BANKBARODA,YESBANK,300,0.09,0.4398,1.0166,19.2,0.541,0.685,0.15,False,BANKING
BANKBARODA/BANKINDIA,BANKBARODA,BANKINDIA,300,0.6626,0.3399,0.998,38.1,0.733,0.868,-1.43,False,BANKING
BANKBARODA/UNIONBANK,BANKBARODA,UNIONBANK,300,0.4059,0.6412,1.0172,30.9,0.713,0.712,-1.19,False,BANKING
PNB/FEDERALBNK,PNB,FEDERALBNK,743,0.5928,0.8406,1.0002,162.0,0.534,0.448,-1.23,False,BANKING
PNB/IDFCFIRSTB,PNB,IDFCFIRSTB,501,0.0002,0.0008,0.997,8.5,0.575,0.828,0.21,False,BANKING
PNB/CANBK,PNB,CANBK,251,0.7378,0.0369,1.006,84.4,0.768,0.933,1.13,False,BANKING
PNB/BANDHANBNK,PNB,BANDHANBNK,501,0.44,0.7833,1.0054,48.8,0.553,0.176,-2.14,False,BANKING
PNB/AUBANK,PNB,AUBANK,743,0.5009,0.6801,0.9981,142.1,0.277,0.022,-0.46,False,BANKING
PNB/RBLBANK,PNB,RBLBANK,743,0.5613,0.7282,1.0051,131.6,0.55,0.376,-0.79,False,BANKING
PNB/INDIANB,PNB,INDIANB,300,0.7773,0.0646,1.0352,84.1,0.658,0.872,-1.38,False,BANKING
PNB/YESBANK,PNB,YESBANK,300,0.0301,0.1827,1.0204,12.6,0.589,0.764,0.63,False,BANKING
PNB/BANKINDIA,PNB,BANKINDIA,300,0.9142,0.522,1.0075,72.2,0.745,0.834,-1.42,False,BANKING
PNB/UNIONBANK,PNB,UNIONBANK,300,0.6167,0.7273,1.0477,35.8,0.741,0.758,-1.2,False,BANKING
FEDERALBNK/IDFCFIRSTB,FEDERALBNK,IDFCFIRSTB,501,0.5261,0.9803,1.0164,82.8,0.438,0.048,1.42,False,BANKING
FEDERALBNK/CANBK,FEDERALBNK,CANBK,251,0.5668,0.9474,1.0115,39.4,0.471,0.846,1.55,False,BANKING
FEDERALBNK/BANDHANBNK,FEDERALBNK,BANDHANBNK,501,0.7819,0.9162,0.9665,170.9,0.332,0.242,-1.19,False,BANKING
FEDERALBNK/AUBANK,FEDERALBNK,AUBANK,748,0.5095,0.9278,1.0118,115.7,0.262,0.267,1.15,False,BANKING
FEDERALBNK/RBLBANK,FEDERALBNK,RBLBANK,748,0.6888,0.9881,1.0151,161.1,0.456,0.217,0.74,False,BANKING
FEDERALBNK/INDIANB,FEDERALBNK,INDIANB,300,0.3529,0.6344,1.0013,34.4,0.44,0.732,0.63,False,BANKING
FEDERALBNK/YESBANK,FEDERALBNK,YESBANK,300,0.9304,0.9726,1.046,231.2,0.415,0.474,1.15,False,BANKING
FEDERALBNK/BANKINDIA,FEDERALBNK,BANKINDIA,300,0.0199,0.0565,1.0181,12.5,0.541,0.872,-0.12,False,BANKING
FEDERALBNK/UNIONBANK,FEDERALBNK,UNIONBANK,300,0.0658,0.5612,1.0076,14.7,0.426,0.749,0.26,False,BANKING
IDFCFIRSTB/CANBK,IDFCFIRSTB,CANBK,251,0.456,0.1022,1.0255,31.6,0.483,0.897,0.66,False,BANKING
IDFCFIRSTB/BANDHANBNK,IDFCFIRSTB,BANDHANBNK,501,0.5501,0.8945,0.9909,65.0,0.507,0.131,-2.55,False,BANKING
IDFCFIRSTB/AUBANK,IDFCFIRSTB,AUBANK,501,0.4959,0.4144,1.0017,77.4,0.477,0.35,-0.72,False,BANKING
IDFCFIRSTB/RBLBANK,IDFCFIRSTB,RBLBANK,501,0.6185,0.254,0.9865,70.3,0.582,0.717,-1.08,False,BANKING
IDFCFIRSTB/INDIANB,IDFCFIRSTB,INDIANB,300,0.7337,0.1967,1.0383,36.1,0.491,0.845,-1.52,False,BANKING
IDFCFIRSTB/YESBANK,IDFCFIRSTB,YESBANK,300,0.2025,0.2492,1.0337,19.9,0.465,0.656,0.35,False,BANKING
IDFCFIRSTB/BANKINDIA,IDFCFIRSTB,BANKINDIA,300,0.0974,0.1609,1.0247,17.7,0.474,0.813,-1.37,False,BANKING
IDFCFIRSTB/UNIONBANK,IDFCFIRSTB,UNIONBANK,300,0.1009,0.2706,1.026,14.0,0.496,0.785,-1.09,False,BANKING
CANBK/BANDHANBNK,CANBK,BANDHANBNK,251,0.8112,0.9489,1.0124,158.6,0.456,0.011,-2.2,False,BANKING
CANBK/AUBANK,CANBK,AUBANK,251,0.0245,0.087,1.0013,8.9,0.277,0.924,-1.22,False,BANKING
CANBK/RBLBANK,CANBK,RBLBANK,251,0.2267,0.5329,1.0065,18.2,0.36,0.823,-1.37,False,BANKING
CANBK/INDIANB,CANBK,INDIANB,251,0.2061,0.5203,1.0263,16.3,0.623,0.914,-1.74,False,BANKING
CANBK/YESBANK,CANBK,YESBANK,251,0.7681,0.583,1.0105,76.3,0.552,0.747,-0.2,False,BANKING
CANBK/BANKINDIA,CANBK,BANKINDIA,251,0.5513,0.8483,1.029,38.6,0.737,0.899,-1.65,False,BANKING
CANBK/UNIONBANK,CANBK,UNIONBANK,251,0.6885,0.7701,1.0239,63.9,0.734,0.784,-1.36,False,BANKING
BANDHANBNK/AUBANK,BANDHANBNK,AUBANK,501,0.747,0.457,0.9876,100.9,0.391,0.064,2.24,False,BANKING
BANDHANBNK/RBLBANK,BANDHANBNK,RBLBANK,501,0.8519,0.5402,0.9986,143.4,0.49,0.003,1.9,False,BANKING
BANDHANBNK/INDIANB,BANDHANBNK,INDIANB,300,0.8995,0.4236,0.9929,148.0,0.497,0.002,2.2,False,BANKING
BANDHANBNK/YESBANK,BANDHANBNK,YESBANK,300,0.4146,0.4423,1.0,35.4,0.459,0.038,2.08,False,BANKING
BANDHANBNK/BANKINDIA,BANDHANBNK,BANKINDIA,300,0.8619,0.4195,1.0005,149.0,0.564,0.004,1.16,False,BANKING
BANDHANBNK/UNIONBANK,BANDHANBNK,UNIONBANK,300,0.6483,0.4116,0.9829,58.0,0.517,0.028,1.39,False,BANKING
AUBANK/RBLBANK,AUBANK,RBLBANK,748,0.3421,0.7187,0.9972,62.0,0.339,0.456,-0.52,False,BANKING
AUBANK/INDIANB,AUBANK,INDIANB,300,0.1235,0.3386,1.0239,17.8,0.309,0.849,-1.15,False,BANKING
AUBANK/YESBANK,AUBANK,YESBANK,300,0.7804,0.5643,1.0309,88.3,0.26,0.569,0.91,False,BANKING
AUBANK/BANKINDIA,AUBANK,BANKINDIA,300,0.2156,0.2462,1.0225,24.2,0.329,0.835,-1.22,False,BANKING
AUBANK/UNIONBANK,AUBANK,UNIONBANK,300,0.2482,0.1179,1.015,25.1,0.277,0.82,-0.94,False,BANKING
RBLBANK/INDIANB,RBLBANK,INDIANB,300,0.1428,0.4317,0.9839,22.4,0.417,0.889,-0.65,False,BANKING
RBLBANK/YESBANK,RBLBANK,YESBANK,300,0.6463,0.388,1.0364,78.9,0.414,0.599,1.4,False,BANKING
RBLBANK/BANKINDIA,RBLBANK,BANKINDIA,300,0.4344,0.6446,0.9808,47.1,0.439,0.697,-0.82,False,BANKING
RBLBANK/UNIONBANK,RBLBANK,UNIONBANK,300,0.508,0.6916,1.0176,48.4,0.388,0.667,-0.6,False,BANKING
INDIANB/YESBANK,INDIANB,YESBANK,300,0.8982,0.6195,1.0432,161.6,0.499,0.675,1.21,False,BANKING
INDIANB/BANKINDIA,INDIANB,BANKINDIA,300,0.3379,0.4787,0.9999,29.8,0.708,0.889,-0.94,False,BANKING
INDIANB/UNIONBANK,INDIANB,UNIONBANK,300,0.5249,0.61,1.0165,44.4,0.653,0.747,-0.31,False,BANKING
YESBANK/BANKINDIA,YESBANK,BANKINDIA,300,0.7946,0.2698,1.0181,70.7,0.577,0.593,-1.22,False,BANKING
YESBANK/UNIONBANK,YESBANK,UNIONBANK,300,0.737,0.4193,1.0175,45.4,0.612,0.534,-1.11,False,BANKING
BANKINDIA/UNIONBANK,BANKINDIA,UNIONBANK,300,0.1762,0.3886,1.0379,19.2,0.751,0.851,0.63,False,BANKING
BAJFINANCE/BAJAJFINSV,BAJFINANCE,BAJAJFINSV,551,0.881,0.5405,1.0286,193.3,-0.19,0.304,0.24,False,NBFC
BAJFINANCE/CHOLAFIN,BAJFINANCE,CHOLAFIN,496,0.7698,0.5181,0.9942,147.9,0.189,0.281,0.07,False,NBFC
BAJFINANCE/SHRIRAMFIN,BAJFINANCE,SHRIRAMFIN,743,0.2739,0.7471,1.0267,59.8,0.092,0.182,-1.33,False,NBFC
BAJFINANCE/MUTHOOTFIN,BAJFINANCE,MUTHOOTFIN,497,0.6221,0.4605,1.0224,131.6,0.31,0.126,1.41,False,NBFC
BAJFINANCE/LTF,BAJFINANCE,LTF,743,0.7891,0.1486,1.0153,239.5,0.15,0.565,1.32,False,NBFC
BAJFINANCE/LICHSGFIN,BAJFINANCE,LICHSGFIN,727,0.7349,0.8797,1.0244,177.5,0.142,0.0,0.59,False,NBFC
BAJFINANCE/MANAPPURAM,BAJFINANCE,MANAPPURAM,551,0.8115,0.3627,1.0271,142.4,-0.52,0.516,0.12,False,NBFC
BAJFINANCE/PNBHOUSING,BAJFINANCE,PNBHOUSING,217,0.2231,0.2995,1.0026,28.5,0.067,0.222,1.01,False,NBFC
BAJFINANCE/MFSL,BAJFINANCE,MFSL,743,0.8798,0.2781,1.0339,426.0,0.044,0.508,-1.44,False,NBFC
BAJFINANCE/SBICARD,BAJFINANCE,SBICARD,743,0.8367,0.8553,0.9786,262.2,0.161,0.086,1.16,False,NBFC
BAJFINANCE/HDFCAMC,BAJFINANCE,HDFCAMC,743,0.7416,0.865,1.0258,251.2,0.089,0.1,-2.33,False,NBFC
BAJFINANCE/ICICIGI,BAJFINANCE,ICICIGI,743,0.7846,0.7821,1.0189,219.7,0.098,0.117,-0.36,False,NBFC
BAJFINANCE/ICICIPRULI,BAJFINANCE,ICICIPRULI,497,0.3929,0.6104,1.0264,70.8,0.245,0.112,1.47,False,NBFC
BAJFINANCE/SBILIFE,BAJFINANCE,SBILIFE,497,0.5734,0.6212,1.0315,75.6,0.342,0.089,1.15,False,NBFC
BAJFINANCE/HDFCLIFE,BAJFINANCE,HDFCLIFE,743,0.7775,0.6116,1.0262,195.7,0.049,0.27,1.97,False,NBFC
BAJFINANCE/JIOFIN,BAJFINANCE,JIOFIN,300,0.806,0.5538,1.0133,121.9,0.108,0.371,0.53,False,NBFC
BAJFINANCE/ANGELONE,BAJFINANCE,ANGELONE,300,0.7944,0.881,1.0364,112.8,0.08,0.001,-1.35,False,NBFC
BAJFINANCE/POLICYBZR,BAJFINANCE,POLICYBZR,251,0.658,0.5787,1.0007,69.9,0.042,0.273,1.09,False,NBFC
BAJAJFINSV/CHOLAFIN,BAJAJFINSV,CHOLAFIN,304,0.2709,0.4327,1.0281,26.7,0.713,0.727,-0.08,False,NBFC
BAJAJFINSV/SHRIRAMFIN,BAJAJFINSV,SHRIRAMFIN,551,0.3584,0.8274,1.025,49.7,0.423,0.0,-1.43,False,NBFC
BAJAJFINSV/MUTHOOTFIN,BAJAJFINSV,MUTHOOTFIN,497,0.6169,0.2097,1.0203,114.2,0.322,0.571,1.42,False,NBFC
BAJAJFINSV/LTF,BAJAJFINSV,LTF,551,0.442,0.2213,1.0031,65.9,0.603,0.766,1.25,False,NBFC
BAJAJFINSV/LICHSGFIN,BAJAJFINSV,LICHSGFIN,537,0.7074,0.894,1.0353,138.5,0.382,0.15,1.61,False,NBFC
BAJAJFINSV/MANAPPURAM,BAJAJFINSV,MANAPPURAM,552,0.4855,0.2112,1.0392,63.8,0.555,0.722,0.12,False,NBFC
BAJAJFINSV/MFSL,BAJAJFINSV,MFSL,551,0.7434,0.0284,1.0052,84.1,0.558,0.838,-1.51,False,NBFC
BAJAJFINSV/SBICARD,BAJAJFINSV,SBICARD,551,0.7671,0.8717,1.0057,100.8,0.453,0.027,1.17,False,NBFC
BAJAJFINSV/HDFCAMC,BAJAJFINSV,HDFCAMC,551,0.5826,0.8791,1.0059,102.1,0.037,0.138,-2.14,False,NBFC
BAJAJFINSV/ICICIGI,BAJAJFINSV,ICICIGI,551,0.4244,0.5749,1.0214,73.4,0.391,0.568,-0.51,False,NBFC
BAJAJFINSV/ICICIPRULI,BAJAJFINSV,ICICIPRULI,497,0.312,0.3357,1.0193,48.2,0.309,0.598,1.52,False,NBFC
BAJAJFINSV/SBILIFE,BAJAJFINSV,SBILIFE,497,0.2853,0.2208,1.0155,32.3,0.417,0.69,1.07,False,NBFC
BAJAJFINSV/HDFCLIFE,BAJAJFINSV,HDFCLIFE,551,0.0473,0.2948,1.0157,21.1,0.538,0.709,2.25,False,NBFC
CHOLAFIN/SHRIRAMFIN,CHOLAFIN,SHRIRAMFIN,496,0.6061,0.3734,1.0197,114.9,0.355,0.253,-1.06,False,NBFC
CHOLAFIN/MUTHOOTFIN,CHOLAFIN,MUTHOOTFIN,250,0.5521,0.6947,1.0288,39.2,0.433,0.29,1.67,False,NBFC
CHOLAFIN/LTF,CHOLAFIN,LTF,496,0.7885,0.24,1.0115,106.3,0.487,0.565,1.34,False,NBFC
CHOLAFIN/LICHSGFIN,CHOLAFIN,LICHSGFIN,495,0.8083,0.3225,1.0246,171.1,0.442,0.109,0.38,False,NBFC
CHOLAFIN/MANAPPURAM,CHOLAFIN,MANAPPURAM,304,0.3749,0.3531,0.9962,29.2,0.656,0.67,0.08,False,NBFC
CHOLAFIN/PNBHOUSING,CHOLAFIN,PNBHOUSING,217,0.6689,0.4435,0.9758,39.0,0.332,0.005,1.07,False,NBFC
CHOLAFIN/MFSL,CHOLAFIN,MFSL,496,0.3637,0.1395,1.0235,54.1,0.295,0.636,-1.4,False,NBFC
CHOLAFIN/SBICARD,CHOLAFIN,SBICARD,496,0.3798,0.597,0.982,40.3,0.457,0.543,1.22,False,NBFC
CHOLAFIN/HDFCAMC,CHOLAFIN,HDFCAMC,496,0.7855,0.6964,1.0297,111.5,0.26,0.018,-2.11,False,NBFC
CHOLAFIN/ICICIGI,CHOLAFIN,ICICIGI,496,0.4425,0.7808,0.9911,39.9,0.345,0.338,-0.4,False,NBFC
CHOLAFIN/ICICIPRULI,CHOLAFIN,ICICIPRULI,250,0.4123,0.4255,1.044,24.8,0.352,0.494,1.8,False,NBFC
CHOLAFIN/SBILIFE,CHOLAFIN,SBILIFE,250,0.4154,0.3158,1.042,23.2,0.431,0.481,1.28,False,NBFC
CHOLAFIN/HDFCLIFE,CHOLAFIN,HDFCLIFE,496,0.2022,0.466,1.0153,29.0,0.344,0.581,1.81,False,NBFC
CHOLAFIN/JIOFIN,CHOLAFIN,JIOFIN,300,0.3608,0.5367,1.0322,44.5,0.433,0.025,0.59,False,NBFC
CHOLAFIN/ANGELONE,CHOLAFIN,ANGELONE,300,0.1687,0.5679,1.0381,26.4,0.342,0.0,-1.27,False,NBFC
CHOLAFIN/POLICYBZR,CHOLAFIN,POLICYBZR,251,0.2691,0.4535,0.9972,17.0,0.319,0.13,1.01,False,NBFC
SHRIRAMFIN/MUTHOOTFIN,SHRIRAMFIN,MUTHOOTFIN,497,0.9323,0.9781,1.0134,338.3,0.217,0.289,-0.43,False,NBFC
SHRIRAMFIN/LTF,SHRIRAMFIN,LTF,743,0.6757,0.7,1.0191,150.8,0.362,0.081,1.73,False,NBFC
SHRIRAMFIN/LICHSGFIN,SHRIRAMFIN,LICHSGFIN,727,0.588,0.8069,1.036,123.4,0.338,0.145,1.74,False,NBFC
SHRIRAMFIN/MANAPPURAM,SHRIRAMFIN,MANAPPURAM,551,0.7071,0.722,1.0293,98.8,0.495,0.003,1.02,False,NBFC
SHRIRAMFIN/PNBHOUSING,SHRIRAMFIN,PNBHOUSING,217,0.9911,0.9927,1.0293,DIV,0.396,0.01,1.24,False,NBFC
SHRIRAMFIN/MFSL,SHRIRAMFIN,MFSL,743,0.7408,0.6497,1.0135,193.1,0.182,0.156,0.33,False,NBFC
SHRIRAMFIN/SBICARD,SHRIRAMFIN,SBICARD,743,0.6486,0.103,1.0123,156.4,0.2,0.493,1.42,False,NBFC
SHRIRAMFIN/HDFCAMC,SHRIRAMFIN,HDFCAMC,743,0.6175,0.8125,1.0272,148.0,0.191,0.006,-0.93,False,NBFC
SHRIRAMFIN/ICICIGI,SHRIRAMFIN,ICICIGI,743,0.6892,0.831,0.9914,166.1,0.182,0.003,0.86,False,NBFC
SHRIRAMFIN/ICICIPRULI,SHRIRAMFIN,ICICIPRULI,497,0.653,0.7043,1.0214,60.5,0.184,0.559,-0.39,False,NBFC
SHRIRAMFIN/SBILIFE,SHRIRAMFIN,SBILIFE,497,0.5782,0.6835,0.9992,53.7,0.136,0.572,-0.43,False,NBFC
SHRIRAMFIN/HDFCLIFE,SHRIRAMFIN,HDFCLIFE,743,0.6215,0.6994,1.0228,136.8,0.18,0.072,2.36,False,NBFC
SHRIRAMFIN/JIOFIN,SHRIRAMFIN,JIOFIN,300,0.0383,0.1518,1.057,18.5,0.254,0.116,0.89,False,NBFC
SHRIRAMFIN/ANGELONE,SHRIRAMFIN,ANGELONE,300,0.0147,0.0736,1.0295,15.2,0.209,0.295,-0.99,False,NBFC
SHRIRAMFIN/POLICYBZR,SHRIRAMFIN,POLICYBZR,251,0.9982,1.0,1.0454,DIV,0.384,0.006,1.58,False,NBFC
MUTHOOTFIN/LTF,MUTHOOTFIN,LTF,497,0.9404,0.9865,1.0254,707.3,0.372,0.424,-0.08,False,NBFC
MUTHOOTFIN/LICHSGFIN,MUTHOOTFIN,LICHSGFIN,482,0.9243,0.9839,1.0413,287.1,0.401,0.565,1.91,False,NBFC
MUTHOOTFIN/MANAPPURAM,MUTHOOTFIN,MANAPPURAM,497,0.4533,0.8274,1.033,53.1,0.482,0.641,-0.04,False,NBFC
MUTHOOTFIN/MFSL,MUTHOOTFIN,MFSL,497,0.6043,0.7652,1.0317,50.4,0.284,0.768,-0.58,False,NBFC
MUTHOOTFIN/SBICARD,MUTHOOTFIN,SBICARD,497,0.7808,0.91,0.9962,220.7,0.207,0.175,-1.54,False,NBFC
MUTHOOTFIN/HDFCAMC,MUTHOOTFIN,HDFCAMC,497,0.6979,0.8548,0.9936,69.0,0.378,0.809,1.48,False,NBFC
MUTHOOTFIN/ICICIGI,MUTHOOTFIN,ICICIGI,497,0.6089,0.7762,0.9914,55.4,0.321,0.841,1.5,False,NBFC
MUTHOOTFIN/ICICIPRULI,MUTHOOTFIN,ICICIPRULI,497,0.9805,0.9811,1.0229,DIV,0.39,0.717,1.27,False,NBFC
MUTHOOTFIN/SBILIFE,MUTHOOTFIN,SBILIFE,497,0.9359,0.9647,1.0105,647.9,0.349,0.588,0.17,False,NBFC
MUTHOOTFIN/HDFCLIFE,MUTHOOTFIN,HDFCLIFE,497,0.9506,0.9679,0.9968,658.5,0.326,0.328,-0.77,False,NBFC
LTF/LICHSGFIN,LTF,LICHSGFIN,727,0.9965,0.9934,1.0223,DIV,0.542,0.137,-1.14,False,NBFC
LTF/MANAPPURAM,LTF,MANAPPURAM,551,0.0145,0.0198,1.0191,17.4,0.744,0.907,-1.22,False,NBFC
LTF/PNBHOUSING,LTF,PNBHOUSING,217,0.8312,0.5324,0.9927,144.6,0.362,0.168,0.57,False,NBFC
LTF/MFSL,LTF,MFSL,748,0.2871,0.6784,1.0001,51.7,0.36,0.789,-1.66,False,NBFC
LTF/SBICARD,LTF,SBICARD,748,0.9726,0.9879,1.0088,DIV,0.398,0.098,0.7,False,NBFC
LTF/HDFCAMC,LTF,HDFCAMC,748,0.8624,0.9916,1.0114,237.1,0.263,0.226,-2.1,False,NBFC
LTF/ICICIGI,LTF,ICICIGI,748,0.9743,0.989,1.0069,405.0,0.322,0.456,-2.17,False,NBFC
LTF/ICICIPRULI,LTF,ICICIPRULI,497,0.4354,0.6475,1.0237,63.7,0.322,0.436,0.86,False,NBFC
LTF/SBILIFE,LTF,SBILIFE,497,0.2652,0.472,1.0345,37.2,0.284,0.682,0.11,False,NBFC
LTF/HDFCLIFE,LTF,HDFCLIFE,743,0.9513,0.9271,1.0156,2722.8,0.326,0.53,0.64,False,NBFC
LTF/JIOFIN,LTF,JIOFIN,300,0.9186,0.9332,1.0088,298.2,0.436,0.146,-0.44,False,NBFC
LTF/ANGELONE,LTF,ANGELONE,300,0.6953,0.9695,1.0298,117.1,0.446,0.0,-1.42,False,NBFC
LTF/POLICYBZR,LTF,POLICYBZR,251,0.9041,0.9398,0.9973,223.3,0.345,0.189,0.64,False,NBFC
LICHSGFIN/MANAPPURAM,LICHSGFIN,MANAPPURAM,537,0.7798,0.9179,1.0306,108.7,0.377,0.239,-0.89,False,NBFC
LICHSGFIN/PNBHOUSING,LICHSGFIN,PNBHOUSING,217,0.3254,0.6203,1.0223,22.6,0.474,0.431,0.92,False,NBFC
LICHSGFIN/MFSL,LICHSGFIN,MFSL,727,0.8491,0.6985,1.0092,277.9,0.38,0.153,-1.35,False,NBFC
LICHSGFIN/SBICARD,LICHSGFIN,SBICARD,727,0.5008,0.2557,1.0279,132.7,0.336,0.08,1.1,False,NBFC
LICHSGFIN/HDFCAMC,LICHSGFIN,HDFCAMC,727,0.1701,0.441,1.0044,49.6,0.331,0.477,-2.0,False,NBFC
LICHSGFIN/ICICIGI,LICHSGFIN,ICICIGI,727,0.3168,0.5639,1.0137,55.3,0.354,0.59,-0.88,False,NBFC
LICHSGFIN/ICICIPRULI,LICHSGFIN,ICICIPRULI,482,0.489,0.7017,1.0344,83.0,0.37,0.47,0.45,False,NBFC
LICHSGFIN/SBILIFE,LICHSGFIN,SBILIFE,482,0.453,0.5889,1.0373,68.9,0.392,0.644,-1.12,False,NBFC
LICHSGFIN/HDFCLIFE,LICHSGFIN,HDFCLIFE,727,0.4926,0.6434,1.0219,131.1,0.384,0.103,2.27,False,NBFC
LICHSGFIN/JIOFIN,LICHSGFIN,JIOFIN,299,0.6092,0.2592,1.0088,71.0,0.612,0.202,0.29,False,NBFC
LICHSGFIN/ANGELONE,LICHSGFIN,ANGELONE,299,0.3285,0.2876,1.0246,24.2,0.493,0.331,-1.44,False,NBFC
LICHSGFIN/POLICYBZR,LICHSGFIN,POLICYBZR,250,0.1307,0.4543,1.0229,14.4,0.406,0.161,1.13,False,NBFC
MANAPPURAM/MFSL,MANAPPURAM,MFSL,551,0.0607,0.2095,1.0378,25.2,0.673,0.823,-0.86,False,NBFC
MANAPPURAM/SBICARD,MANAPPURAM,SBICARD,551,0.9386,0.9561,1.0076,399.7,0.352,0.0,1.38,False,NBFC
MANAPPURAM/HDFCAMC,MANAPPURAM,HDFCAMC,551,0.8263,0.9641,1.0327,144.5,-0.109,0.115,-1.61,False,NBFC
MANAPPURAM/ICICIGI,MANAPPURAM,ICICIGI,551,0.6865,0.9204,1.0228,79.7,0.467,0.538,-0.37,False,NBFC
MANAPPURAM/ICICIPRULI,MANAPPURAM,ICICIPRULI,497,0.3013,0.5649,1.0345,41.5,0.301,0.482,0.76,False,NBFC
MANAPPURAM/SBILIFE,MANAPPURAM,SBILIFE,497,0.1298,0.2585,1.0378,28.0,0.287,0.673,0.08,False,NBFC
MANAPPURAM/HDFCLIFE,MANAPPURAM,HDFCLIFE,551,0.9048,0.9425,1.032,296.5,0.565,0.435,1.66,False,NBFC
PNBHOUSING/MFSL,PNBHOUSING,MFSL,217,0.678,0.4479,1.0183,58.8,0.255,0.078,-1.25,False,NBFC
PNBHOUSING/SBICARD,PNBHOUSING,SBICARD,217,0.1366,0.2776,1.0057,13.0,0.316,0.514,-0.2,False,NBFC
PNBHOUSING/HDFCAMC,PNBHOUSING,HDFCAMC,217,0.7233,0.7063,1.0189,54.3,0.02,0.001,-1.53,False,NBFC
PNBHOUSING/ICICIGI,PNBHOUSING,ICICIGI,217,0.594,0.7879,1.0006,30.1,0.283,0.044,-1.24,False,NBFC
PNBHOUSING/HDFCLIFE,PNBHOUSING,HDFCLIFE,217,0.3945,0.7275,0.995,33.0,0.317,0.003,-0.24,False,NBFC
PNBHOUSING/JIOFIN,PNBHOUSING,JIOFIN,217,0.5609,0.6465,1.0126,45.8,0.389,0.017,-1.25,False,NBFC
PNBHOUSING/ANGELONE,PNBHOUSING,ANGELONE,217,0.0312,0.4751,1.0309,18.8,0.318,0.265,-1.28,False,NBFC
PNBHOUSING/POLICYBZR,PNBHOUSING,POLICYBZR,217,0.4082,0.7152,0.9958,24.4,0.258,0.011,-0.07,False,NBFC
MFSL/SBICARD,MFSL,SBICARD,748,0.9097,0.9713,1.0294,1302.6,0.214,0.165,1.43,False,NBFC
MFSL/HDFCAMC,MFSL,HDFCAMC,748,0.8085,0.9872,1.0058,158.4,0.205,0.451,-1.82,False,NBFC
MFSL/ICICIGI,MFSL,ICICIGI,748,0.8336,0.9289,1.0164,222.8,0.313,0.615,0.9,False,NBFC
MFSL/ICICIPRULI,MFSL,ICICIPRULI,497,0.3046,0.5467,1.0279,38.1,0.481,0.768,1.64,False,NBFC
MFSL/SBILIFE,MFSL,SBILIFE,497,0.4819,0.633,1.0095,51.5,0.498,0.714,0.59,False,NBFC
MFSL/HDFCLIFE,MFSL,HDFCLIFE,743,0.9876,0.9385,1.005,DIV,0.526,0.766,2.34,False,NBFC
MFSL/JIOFIN,MFSL,JIOFIN,300,0.6105,0.7855,0.9905,62.8,0.382,0.324,0.96,False,NBFC
MFSL/ANGELONE,MFSL,ANGELONE,300,0.3824,0.9088,1.0212,43.8,0.358,0.039,-0.97,False,NBFC
MFSL/POLICYBZR,MFSL,POLICYBZR,251,0.9205,0.5423,0.9807,37.2,0.302,0.5,1.33,False,NBFC
SBICARD/HDFCAMC,SBICARD,HDFCAMC,748,0.4397,0.4436,1.0257,130.4,0.2,0.021,-1.66,False,NBFC
SBICARD/ICICIGI,SBICARD,ICICIGI,748,0.5275,0.4589,1.0057,154.8,0.284,0.009,-1.49,False,NBFC
SBICARD/ICICIPRULI,SBICARD,ICICIPRULI,497,0.546,0.5921,1.0254,105.6,0.217,0.097,1.58,False,NBFC
SBICARD/SBILIFE,SBICARD,SBILIFE,497,0.6651,0.3778,1.0047,112.9,0.165,0.146,1.29,False,NBFC
SBICARD/HDFCLIFE,SBICARD,HDFCLIFE,743,0.1574,0.3413,1.0324,52.4,0.256,0.24,-0.2,False,NBFC
SBICARD/JIOFIN,SBICARD,JIOFIN,300,0.2658,0.4441,1.0222,43.2,0.357,0.0,-1.34,False,NBFC
SBICARD/ANGELONE,SBICARD,ANGELONE,300,0.1725,0.4483,1.0393,28.6,0.36,0.0,-1.35,False,NBFC
SBICARD/POLICYBZR,SBICARD,POLICYBZR,251,0.1338,0.5554,1.0064,14.8,0.336,0.132,0.03,False,NBFC
HDFCAMC/ICICIGI,HDFCAMC,ICICIGI,748,0.3313,0.5115,0.9998,65.6,0.238,0.642,1.74,False,NBFC
HDFCAMC/ICICIPRULI,HDFCAMC,ICICIPRULI,497,0.6193,0.6336,1.0143,90.6,0.321,0.707,0.43,False,NBFC
HDFCAMC/SBILIFE,HDFCAMC,SBILIFE,497,0.5678,0.473,0.9895,102.9,0.391,0.761,-1.44,False,NBFC
HDFCAMC/HDFCLIFE,HDFCAMC,HDFCLIFE,743,0.4201,0.5621,0.9974,91.3,0.215,0.422,2.45,False,NBFC
HDFCAMC/JIOFIN,HDFCAMC,JIOFIN,300,0.6224,0.7867,0.9963,49.3,0.199,0.223,1.54,False,NBFC
HDFCAMC/ANGELONE,HDFCAMC,ANGELONE,300,0.7662,0.9172,1.0434,78.2,0.258,0.016,-0.27,False,NBFC
HDFCAMC/POLICYBZR,HDFCAMC,POLICYBZR,251,0.6645,0.8343,1.0006,48.5,0.143,0.096,1.65,False,NBFC
ICICIGI/ICICIPRULI,ICICIGI,ICICIPRULI,497,0.2935,0.3465,1.01,38.8,0.417,0.85,0.54,False,NBFC
ICICIGI/SBILIFE,ICICIGI,SBILIFE,497,0.6931,0.7065,0.9952,62.8,0.481,0.863,-2.7,False,NBFC
ICICIGI/HDFCLIFE,ICICIGI,HDFCLIFE,743,0.4754,0.6659,1.0167,91.6,0.409,0.56,2.72,False,NBFC
ICICIGI/JIOFIN,ICICIGI,JIOFIN,300,0.2385,0.0456,0.974,26.5,0.354,0.582,0.78,False,NBFC
ICICIGI/ANGELONE,ICICIGI,ANGELONE,300,0.0682,0.0665,1.0168,14.6,0.267,0.281,-1.05,False,NBFC
ICICIGI/POLICYBZR,ICICIGI,POLICYBZR,251,0.0149,0.0328,0.9994,7.1,0.311,0.555,1.42,False,NBFC
ICICIPRULI/SBILIFE,ICICIPRULI,SBILIFE,497,0.1871,0.3582,1.0205,35.3,0.507,0.787,-1.48,False,NBFC
ICICIPRULI/HDFCLIFE,ICICIPRULI,HDFCLIFE,497,0.4366,0.5043,1.0005,64.1,0.583,0.687,-1.47,False,NBFC
SBILIFE/HDFCLIFE,SBILIFE,HDFCLIFE,497,0.4985,0.7223,1.0017,58.2,0.606,0.603,-0.9,False,NBFC
HDFCLIFE/JIOFIN,HDFCLIFE,JIOFIN,300,0.2148,0.4935,1.0089,31.9,0.45,0.286,-0.7,False,NBFC
HDFCLIFE/ANGELONE,HDFCLIFE,ANGELONE,300,0.1405,0.766,1.0259,24.8,0.295,0.027,-1.77,False,NBFC
HDFCLIFE/POLICYBZR,HDFCLIFE,POLICYBZR,251,0.0001,0.0012,0.9552,4.5,0.359,0.678,0.2,False,NBFC
JIOFIN/ANGELONE,JIOFIN,ANGELONE,300,0.4562,0.7915,1.026,33.3,0.542,0.351,-1.07,False,NBFC
JIOFIN/POLICYBZR,JIOFIN,POLICYBZR,251,0.0515,0.0181,0.9603,11.1,0.29,0.664,0.7,False,NBFC
ANGELONE/POLICYBZR,ANGELONE,POLICYBZR,251,0.2286,0.5168,0.998,14.5,0.369,0.332,1.49,False,NBFC
TCS/INFY,TCS,INFY,496,0.7501,0.8966,1.0225,125.0,0.735,0.539,0.79,False,IT
TCS/HCLTECH,TCS,HCLTECH,743,0.6738,0.9588,1.025,219.2,0.687,0.304,-0.39,False,IT
TCS/WIPRO,TCS,WIPRO,497,0.4108,0.7078,1.0085,42.7,0.353,0.227,-1.25,False,IT
TCS/TECHM,TCS,TECHM,743,0.6641,0.9699,1.0131,178.0,0.625,0.124,-1.24,False,IT
TCS/LTIM,TCS,LTIM,743,0.67,0.9576,1.0258,131.7,0.606,0.172,0.04,False,IT
TCS/MPHASIS,TCS,MPHASIS,743,0.6247,0.9519,1.0049,125.7,0.582,0.177,-0.41,False,IT
TCS/COFORGE,TCS,COFORGE,501,0.7379,0.4541,1.0186,118.8,0.268,0.593,0.57,False,IT
TCS/PERSISTENT,TCS,PERSISTENT,501,0.4253,0.952,0.9995,61.6,0.327,0.0,0.32,False,IT
TCS/KPITTECH,TCS,KPITTECH,300,0.0769,0.1226,1.0008,13.3,0.39,0.659,0.78,False,IT
TCS/TATAELXSI,TCS,TATAELXSI,300,0.207,0.5949,1.0311,21.9,0.4,0.546,-1.1,False,IT
TCS/OFSS,TCS,OFSS,743,0.2024,0.8858,1.0218,145.0,0.443,0.301,-0.46,False,IT
INFY/HCLTECH,INFY,HCLTECH,496,0.1984,0.5036,1.0184,32.2,0.707,0.742,-1.41,False,IT
INFY/WIPRO,INFY,WIPRO,250,0.7766,0.8686,1.003,65.6,0.263,0.033,-0.73,False,IT
INFY/TECHM,INFY,TECHM,496,0.368,0.8203,1.0069,54.1,0.682,0.496,-1.99,False,IT
INFY/LTIM,INFY,LTIM,496,0.6112,0.8366,1.0181,63.9,0.693,0.494,-0.77,False,IT
INFY/MPHASIS,INFY,MPHASIS,496,0.2604,0.6795,1.002,40.1,0.647,0.423,-1.14,False,IT
INFY/COFORGE,INFY,COFORGE,496,0.8208,0.4759,1.0219,174.5,0.271,0.373,-0.42,False,IT
INFY/PERSISTENT,INFY,PERSISTENT,496,0.1171,0.7583,1.0092,32.9,0.346,0.082,-0.48,False,IT
INFY/KPITTECH,INFY,KPITTECH,300,0.4982,0.5583,1.0065,21.5,0.423,0.497,0.45,False,IT
INFY/TATAELXSI,INFY,TATAELXSI,300,0.2927,0.7295,1.0102,20.2,0.415,0.467,-1.28,False,IT
INFY/OFSS,INFY,OFSS,496,0.186,0.2237,1.0159,36.6,0.498,0.629,-1.98,False,IT
HCLTECH/WIPRO,HCLTECH,WIPRO,497,0.6675,0.948,1.0226,76.0,0.321,0.112,-0.83,False,IT
HCLTECH/TECHM,HCLTECH,TECHM,743,0.1142,0.3009,0.9994,38.4,0.591,0.825,-1.88,False,IT
HCLTECH/LTIM,HCLTECH,LTIM,743,0.4141,0.6141,1.0009,94.3,0.598,0.44,0.41,False,IT
HCLTECH/MPHASIS,HCLTECH,MPHASIS,743,0.0414,0.1337,1.0247,31.3,0.534,0.737,0.24,False,IT
HCLTECH/COFORGE,HCLTECH,COFORGE,501,0.8396,0.5201,1.0081,190.8,0.278,0.241,0.97,False,IT
HCLTECH/PERSISTENT,HCLTECH,PERSISTENT,501,0.0326,0.3494,0.9782,23.0,0.371,0.252,0.56,False,IT
HCLTECH/KPITTECH,HCLTECH,KPITTECH,300,0.7769,0.566,1.0008,33.8,0.439,0.44,0.76,False,IT
HCLTECH/TATAELXSI,HCLTECH,TATAELXSI,300,0.1396,0.3602,1.0344,17.4,0.383,0.499,-0.68,False,IT
HCLTECH/OFSS,HCLTECH,OFSS,743,0.2999,0.2849,1.0145,127.2,0.432,0.793,0.09,False,IT
WIPRO/TECHM,WIPRO,TECHM,497,0.7537,0.6512,1.0197,96.3,0.358,0.063,0.53,False,IT
WIPRO/LTIM,WIPRO,LTIM,497,0.5028,0.6024,1.0136,53.0,0.313,0.064,1.25,False,IT
WIPRO/MPHASIS,WIPRO,MPHASIS,497,0.57,0.5825,1.0135,59.4,0.339,0.149,2.05,False,IT
WIPRO/COFORGE,WIPRO,COFORGE,255,0.923,0.5261,1.0333,279.5,0.227,0.265,1.39,False,IT
WIPRO/PERSISTENT,WIPRO,PERSISTENT,255,0.5742,0.7869,1.0013,42.4,0.091,0.006,1.92,False,IT
WIPRO/OFSS,WIPRO,OFSS,497,0.6788,0.546,1.017,204.8,0.224,0.157,0.97,False,IT
TECHM/LTIM,TECHM,LTIM,743,0.4742,0.7137,1.0096,90.1,0.631,0.4,1.32,False,IT
TECHM/MPHASIS,TECHM,MPHASIS,743,0.0291,0.19,1.0175,30.8,0.594,0.749,1.22,False,IT
TECHM/COFORGE,TECHM,COFORGE,501,0.8928,0.5784,1.0284,294.9,0.288,0.024,1.68,False,IT
TECHM/PERSISTENT,TECHM,PERSISTENT,501,0.0357,0.4319,0.9818,27.6,0.406,0.046,1.3,False,IT
TECHM/KPITTECH,TECHM,KPITTECH,300,0.973,0.6674,1.017,DIV,0.481,0.243,1.11,False,IT
TECHM/TATAELXSI,TECHM,TATAELXSI,300,0.3456,0.2542,1.0069,23.9,0.466,0.478,0.44,False,IT
TECHM/OFSS,TECHM,OFSS,743,0.1798,0.485,1.0142,174.0,0.487,0.751,1.67,False,IT
LTIM/MPHASIS,LTIM,MPHASIS,748,0.1478,0.1101,0.997,54.4,0.636,0.595,-0.51,False,IT
LTIM/COFORGE,LTIM,COFORGE,501,0.8947,0.5991,1.0252,326.7,0.262,0.001,0.61,False,IT
LTIM/PERSISTENT,LTIM,PERSISTENT,501,0.0713,0.4614,1.0048,29.2,0.401,0.151,0.29,False,IT
LTIM/KPITTECH,LTIM,KPITTECH,300,0.9494,0.7867,1.0171,170.2,0.47,0.038,0.78,False,IT
LTIM/TATAELXSI,LTIM,TATAELXSI,300,0.6725,0.755,1.025,63.2,0.488,0.082,-1.11,False,IT
LTIM/OFSS,LTIM,OFSS,748,0.2339,0.254,0.991,181.9,0.301,0.239,-0.5,False,IT
MPHASIS/COFORGE,MPHASIS,COFORGE,501,0.8724,0.3117,1.0374,276.8,0.345,0.001,1.57,False,IT
MPHASIS/PERSISTENT,MPHASIS,PERSISTENT,501,0.0703,0.2025,1.0159,30.3,0.466,0.106,1.02,False,IT
MPHASIS/KPITTECH,MPHASIS,KPITTECH,300,0.7824,0.5175,1.0198,67.6,0.543,0.085,0.92,False,IT
MPHASIS/TATAELXSI,MPHASIS,TATAELXSI,300,0.4177,0.5568,0.9997,34.9,0.51,0.173,-1.09,False,IT
MPHASIS/OFSS,MPHASIS,OFSS,748,0.1184,0.0594,1.0165,128.8,0.43,0.658,-0.26,False,IT
COFORGE/PERSISTENT,COFORGE,PERSISTENT,501,0.6936,0.8924,1.0085,103.3,0.274,0.002,-0.28,False,IT
COFORGE/KPITTECH,COFORGE,KPITTECH,300,0.5964,0.4658,0.9975,64.8,0.216,0.417,0.59,False,IT
COFORGE/TATAELXSI,COFORGE,TATAELXSI,300,0.6715,0.7275,1.0359,75.7,0.163,0.246,-1.58,False,IT
COFORGE/OFSS,COFORGE,OFSS,501,0.4741,0.5816,1.0339,68.0,0.198,0.242,-1.08,False,IT
PERSISTENT/KPITTECH,PERSISTENT,KPITTECH,300,0.9174,0.5307,0.9838,94.9,0.549,0.097,0.77,False,IT
PERSISTENT/TATAELXSI,PERSISTENT,TATAELXSI,300,0.4326,0.4409,1.0073,32.1,0.449,0.121,-1.58,False,IT
PERSISTENT/OFSS,PERSISTENT,OFSS,501,0.0081,0.0958,1.0047,30.6,0.41,0.0,-0.63,False,IT
KPITTECH/TATAELXSI,KPITTECH,TATAELXSI,300,0.2626,0.5789,1.0172,14.8,0.571,0.669,-1.2,False,IT
KPITTECH/OFSS,KPITTECH,OFSS,300,0.1183,0.3437,1.0024,20.8,0.55,0.571,-0.85,False,IT
TATAELXSI/OFSS,TATAELXSI,OFSS,300,0.1177,0.1108,1.0192,24.3,0.607,0.663,0.7,False,IT
TATASTEEL/JSWSTEEL,TATASTEEL,JSWSTEEL,496,0.5628,0.8489,1.0317,88.7,0.763,0.329,2.55,False,METALS
TATASTEEL/HINDALCO,TATASTEEL,HINDALCO,743,0.3212,0.1888,1.0057,63.7,0.702,0.847,2.58,False,METALS
TATASTEEL/VEDL,TATASTEEL,VEDL,496,0.0405,0.6468,1.0139,69.1,0.668,0.34,0.74,False,METALS
TATASTEEL/SAIL,TATASTEEL,SAIL,743,0.0654,0.2448,1.0329,30.0,0.763,0.853,1.73,False,METALS
TATASTEEL/NMDC,TATASTEEL,NMDC,743,0.8863,0.9532,1.0079,466.8,0.452,0.009,1.33,False,METALS
TATASTEEL/JINDALSTEL,TATASTEEL,JINDALSTEL,743,0.1143,0.1598,1.0081,49.4,0.749,0.894,0.16,False,METALS
TATASTEEL/NATIONALUM,TATASTEEL,NATIONALUM,743,0.6981,0.3696,1.0209,241.0,0.676,0.724,1.38,False,METALS
TATASTEEL/HINDZINC,TATASTEEL,HINDZINC,217,0.1607,0.6643,1.0182,28.0,0.529,0.538,1.73,False,METALS
TATASTEEL/COALINDIA,TATASTEEL,COALINDIA,551,0.5339,0.9774,1.0315,94.4,0.491,0.687,2.9,False,METALS
JSWSTEEL/HINDALCO,JSWSTEEL,HINDALCO,496,0.1487,0.3773,1.009,29.6,0.618,0.749,0.76,False,METALS
JSWSTEEL/VEDL,JSWSTEEL,VEDL,496,0.2252,0.563,1.0108,46.6,0.534,0.597,-0.45,False,METALS
JSWSTEEL/SAIL,JSWSTEEL,SAIL,496,0.5973,0.8432,1.0288,75.5,0.669,0.005,-1.95,False,METALS
JSWSTEEL/NMDC,JSWSTEEL,NMDC,496,0.7018,0.4647,1.0154,164.7,0.345,0.404,0.08,False,METALS
JSWSTEEL/JINDALSTEL,JSWSTEEL,JINDALSTEL,496,0.293,0.7396,1.0248,43.8,0.703,0.454,-1.41,False,METALS
JSWSTEEL/NATIONALUM,JSWSTEEL,NATIONALUM,496,0.7605,0.4538,1.0316,86.6,0.555,0.5,0.27,False,METALS
JSWSTEEL/HINDZINC,JSWSTEEL,HINDZINC,217,0.5757,0.5691,0.9816,32.2,0.418,0.427,0.94,False,METALS
JSWSTEEL/COALINDIA,JSWSTEEL,COALINDIA,304,0.9369,0.8281,1.0059,328.1,0.482,0.078,2.13,False,METALS
HINDALCO/VEDL,HINDALCO,VEDL,496,0.0755,0.2818,0.9711,37.4,0.7,0.823,-0.98,False,METALS
HINDALCO/SAIL,HINDALCO,SAIL,743,0.2599,0.8202,1.0287,56.0,0.62,0.619,-1.6,False,METALS
HINDALCO/NMDC,HINDALCO,NMDC,743,0.9118,0.9743,1.0145,671.3,0.41,0.01,-0.36,False,METALS
HINDALCO/JINDALSTEL,HINDALCO,JINDALSTEL,743,0.079,0.246,1.0012,32.2,0.627,0.855,-1.42,False,METALS
HINDALCO/NATIONALUM,HINDALCO,NATIONALUM,743,0.5215,0.242,1.0242,137.4,0.677,0.893,-0.05,False,METALS
HINDALCO/HINDZINC,HINDALCO,HINDZINC,217,0.0921,0.2343,1.0182,21.5,0.645,0.745,0.89,False,METALS
HINDALCO/COALINDIA,HINDALCO,COALINDIA,551,0.7728,0.989,1.0155,131.8,0.405,0.525,1.93,False,METALS
VEDL/SAIL,VEDL,SAIL,496,0.4579,0.9106,1.0039,81.7,0.662,0.068,-0.1,False,METALS
VEDL/NMDC,VEDL,NMDC,496,0.7946,0.8741,1.02,200.4,0.426,0.093,0.3,False,METALS
VEDL/JINDALSTEL,VEDL,JINDALSTEL,496,0.5142,0.4784,1.0004,66.0,0.6,0.567,-0.48,False,METALS
VEDL/NATIONALUM,VEDL,NATIONALUM,496,0.2493,0.1327,1.0113,41.7,0.693,0.774,1.55,False,METALS
VEDL/HINDZINC,VEDL,HINDZINC,217,0.2758,0.0302,1.0436,14.5,0.733,0.898,1.58,False,METALS
VEDL/COALINDIA,VEDL,COALINDIA,304,0.9708,0.9364,1.023,DIV,0.555,0.024,1.48,False,METALS
SAIL/NMDC,SAIL,NMDC,743,0.8524,0.9356,1.0206,341.1,0.483,0.107,0.8,False,METALS
SAIL/JINDALSTEL,SAIL,JINDALSTEL,743,0.2625,0.3883,1.0269,36.8,0.682,0.766,-0.76,False,METALS
SAIL/NATIONALUM,SAIL,NATIONALUM,748,0.771,0.5485,1.0169,292.7,0.719,0.566,0.72,False,METALS
SAIL/HINDZINC,SAIL,HINDZINC,217,0.3632,0.0364,1.0346,22.9,0.501,0.562,1.32,False,METALS
SAIL/COALINDIA,SAIL,COALINDIA,551,0.2615,0.5137,1.0295,46.7,0.551,0.762,2.5,False,METALS
NMDC/JINDALSTEL,NMDC,JINDALSTEL,743,0.822,0.8802,1.0202,291.7,0.404,0.001,-1.02,False,METALS
NMDC/NATIONALUM,NMDC,NATIONALUM,743,0.8844,0.8379,1.0277,557.4,0.464,0.006,0.13,False,METALS
NMDC/HINDZINC,NMDC,HINDZINC,217,0.56,0.1674,1.0105,30.6,0.584,0.679,0.73,False,METALS
NMDC/COALINDIA,NMDC,COALINDIA,551,0.6571,0.8863,1.017,87.7,0.392,0.45,1.57,False,METALS
JINDALSTEL/NATIONALUM,JINDALSTEL,NATIONALUM,743,0.6292,0.461,1.0363,154.1,0.604,0.764,0.96,False,METALS
JINDALSTEL/HINDZINC,JINDALSTEL,HINDZINC,217,0.2996,0.4855,1.0336,36.5,0.497,0.359,1.29,False,METALS
JINDALSTEL/COALINDIA,JINDALSTEL,COALINDIA,551,0.4379,0.9295,1.0296,62.4,0.439,0.733,2.0,False,METALS
NATIONALUM/HINDZINC,NATIONALUM,HINDZINC,217,0.8673,0.2285,1.0353,176.7,0.717,0.858,0.8,False,METALS
NATIONALUM/COALINDIA,NATIONALUM,COALINDIA,551,0.9972,1.0,1.0225,DIV,0.546,0.434,0.81,False,METALS
NTPC/POWERGRID,NTPC,POWERGRID,503,0.0448,0.2254,0.9898,23.3,0.706,0.659,-1.4,False,POWER
NTPC/TATAPOWER,NTPC,TATAPOWER,501,0.1528,0.4587,1.0103,21.0,0.701,0.626,0.79,False,POWER
NTPC/NHPC,NTPC,NHPC,300,0.2712,0.3869,1.0008,18.4,0.616,0.302,1.59,False,POWER
NTPC/PFC,NTPC,PFC,727,0.0265,0.0831,1.0064,29.9,0.608,0.899,-1.29,False,POWER
NTPC/RECLTD,NTPC,RECLTD,727,0.0323,0.7691,1.0189,80.2,0.627,0.859,2.69,False,POWER
NTPC/IREDA,NTPC,IREDA,236,0.9957,0.8003,1.0065,DIV,0.535,0.063,1.98,False,POWER
NTPC/IRFC,NTPC,IRFC,299,0.7113,0.5361,1.0096,31.7,0.497,0.065,1.78,False,POWER
NTPC/HUDCO,NTPC,HUDCO,300,0.7567,0.5644,1.0089,43.7,0.559,0.073,1.46,False,POWER
NTPC/TORNTPOWER,NTPC,TORNTPOWER,251,0.4387,0.2905,1.0083,13.6,0.583,0.446,0.72,False,POWER
NTPC/JSWENERGY,NTPC,JSWENERGY,300,0.4053,0.6592,0.9745,31.1,0.547,0.117,0.92,False,POWER
NTPC/ADANIENT,NTPC,ADANIENT,501,0.3277,0.3163,1.003,33.2,0.574,0.335,0.2,False,POWER
NTPC/ADANIGREEN,NTPC,ADANIGREEN,300,0.0472,0.5005,0.9941,14.7,0.53,0.064,-0.21,False,POWER
NTPC/ADANIENSOL,NTPC,ADANIENSOL,300,0.3202,0.3772,0.9941,28.2,0.522,0.087,-0.41,False,POWER
POWERGRID/TATAPOWER,POWERGRID,TATAPOWER,501,0.0171,0.0951,0.9767,15.0,0.616,0.615,1.62,False,POWER
POWERGRID/NHPC,POWERGRID,NHPC,300,0.0258,0.1021,0.9672,12.9,0.489,0.307,2.0,False,POWER
POWERGRID/PFC,POWERGRID,PFC,502,0.0001,0.0001,0.9802,8.3,0.605,0.811,0.5,False,POWER
POWERGRID/RECLTD,POWERGRID,RECLTD,502,0.409,0.024,0.9983,48.7,0.609,0.719,2.61,False,POWER
POWERGRID/IREDA,POWERGRID,IREDA,236,0.9232,0.5254,0.9601,23.7,0.459,0.616,2.32,False,POWER
POWERGRID/IRFC,POWERGRID,IRFC,299,0.0307,0.1235,0.9966,9.2,0.421,0.587,2.1,False,POWER
POWERGRID/HUDCO,POWERGRID,HUDCO,300,0.1702,0.2708,0.9859,16.1,0.482,0.37,1.83,False,POWER
POWERGRID/TORNTPOWER,POWERGRID,TORNTPOWER,251,0.1562,0.4161,1.0139,15.6,0.557,0.397,1.95,False,POWER
POWERGRID/JSWENERGY,POWERGRID,JSWENERGY,300,0.0685,0.0751,1.0229,17.0,0.503,0.491,1.57,False,POWER
POWERGRID/ADANIENT,POWERGRID,ADANIENT,501,0.0359,0.1023,0.9939,22.5,0.449,0.308,1.27,False,POWER
POWERGRID/ADANIGREEN,POWERGRID,ADANIGREEN,300,0.0169,0.4604,0.9937,10.8,0.477,0.284,0.41,False,POWER
POWERGRID/ADANIENSOL,POWERGRID,ADANIENSOL,300,0.4772,0.1506,0.9716,41.5,0.478,0.018,0.33,False,POWER
TATAPOWER/NHPC,TATAPOWER,NHPC,300,0.0118,0.0504,1.0027,10.1,0.707,0.557,1.88,False,POWER
TATAPOWER/PFC,TATAPOWER,PFC,500,0.0488,0.0631,1.0014,21.9,0.653,0.534,-1.14,False,POWER
TATAPOWER/RECLTD,TATAPOWER,RECLTD,500,0.5075,0.0511,1.0144,67.5,0.647,0.509,2.08,False,POWER
TATAPOWER/IREDA,TATAPOWER,IREDA,236,0.948,0.008,0.9984,35.3,0.669,0.429,2.86,False,POWER
TATAPOWER/IRFC,TATAPOWER,IRFC,299,0.4593,0.2353,1.0128,17.5,0.604,0.362,2.6,False,POWER
TATAPOWER/HUDCO,TATAPOWER,HUDCO,300,0.066,0.0279,1.0025,12.0,0.651,0.673,1.74,False,POWER
TATAPOWER/TORNTPOWER,TATAPOWER,TORNTPOWER,251,0.5317,0.3093,1.0235,37.1,0.677,0.039,-0.58,False,POWER
TATAPOWER/JSWENERGY,TATAPOWER,JSWENERGY,300,0.1176,0.25,1.0342,20.4,0.639,0.363,0.65,False,POWER
TATAPOWER/ADANIENT,TATAPOWER,ADANIENT,501,0.0782,0.0626,0.9984,22.6,0.579,0.526,-0.55,False,POWER
TATAPOWER/ADANIGREEN,TATAPOWER,ADANIGREEN,300,0.0003,0.025,0.9861,7.0,0.647,0.59,-0.8,False,POWER
TATAPOWER/ADANIENSOL,TATAPOWER,ADANIENSOL,300,0.6126,0.2437,1.0225,44.8,0.617,0.101,-1.14,False,POWER
NHPC/PFC,NHPC,PFC,299,0.0739,0.2219,0.984,21.4,0.712,0.214,-1.61,False,POWER
NHPC/RECLTD,NHPC,RECLTD,299,0.205,0.2039,1.0104,41.5,0.711,0.021,0.69,False,POWER
NHPC/IREDA,NHPC,IREDA,236,0.4525,0.0006,0.9643,11.8,0.543,0.643,2.11,False,POWER
NHPC/IRFC,NHPC,IRFC,299,0.0989,0.2054,0.9838,17.8,0.644,0.229,1.4,False,POWER
NHPC/HUDCO,NHPC,HUDCO,300,0.095,0.1084,0.9744,15.7,0.642,0.42,1.09,False,POWER
NHPC/TORNTPOWER,NHPC,TORNTPOWER,251,0.2664,0.3134,1.0278,19.6,0.503,0.171,-1.54,False,POWER
NHPC/JSWENERGY,NHPC,JSWENERGY,300,0.1006,0.1851,1.0051,19.0,0.571,0.112,-0.78,False,POWER
NHPC/ADANIENT,NHPC,ADANIENT,300,0.0013,0.0089,0.9818,6.4,0.473,0.545,-1.37,False,POWER
NHPC/ADANIGREEN,NHPC,ADANIGREEN,300,0.0039,0.141,0.9822,10.4,0.54,0.164,-1.3,False,POWER
NHPC/ADANIENSOL,NHPC,ADANIENSOL,300,0.656,0.2832,1.011,44.2,0.547,0.075,-1.54,False,POWER
PFC/RECLTD,PFC,RECLTD,742,0.3052,0.6205,1.0153,100.3,0.873,0.939,1.34,False,POWER
PFC/IREDA,PFC,IREDA,235,0.9499,0.8722,1.0057,199.1,0.666,0.507,1.97,False,POWER
PFC/IRFC,PFC,IRFC,314,0.9488,0.5288,1.0131,405.1,0.656,0.541,1.94,False,POWER
PFC/HUDCO,PFC,HUDCO,299,0.4905,0.2069,1.017,36.8,0.703,0.221,1.54,False,POWER
PFC/TORNTPOWER,PFC,TORNTPOWER,250,0.3474,0.682,1.0182,17.4,0.584,0.304,1.38,False,POWER
PFC/JSWENERGY,PFC,JSWENERGY,299,0.0954,0.2373,1.0084,13.9,0.629,0.681,1.16,False,POWER
PFC/ADANIENT,PFC,ADANIENT,500,0.1175,0.2016,0.9744,25.0,0.543,0.391,0.71,False,POWER
PFC/ADANIGREEN,PFC,ADANIGREEN,299,0.222,0.5931,1.0103,16.2,0.564,0.252,0.15,False,POWER
PFC/ADANIENSOL,PFC,ADANIENSOL,299,0.4786,0.0489,1.0256,49.9,0.55,0.11,0.03,False,POWER
RECLTD/IREDA,RECLTD,IREDA,235,0.0539,0.1092,1.0186,17.4,0.649,0.551,0.83,False,POWER
RECLTD/IRFC,RECLTD,IRFC,314,0.1152,0.2446,0.9783,18.8,0.673,0.646,2.15,False,POWER
RECLTD/HUDCO,RECLTD,HUDCO,299,0.3628,0.2389,1.021,45.4,0.727,0.134,0.51,False,POWER
RECLTD/TORNTPOWER,RECLTD,TORNTPOWER,250,0.0658,0.2914,1.0197,11.2,0.569,0.498,-2.28,False,POWER
RECLTD/JSWENERGY,RECLTD,JSWENERGY,299,0.2052,0.4275,1.0281,21.0,0.616,0.644,-0.92,False,POWER
RECLTD/ADANIENT,RECLTD,ADANIENT,500,0.1758,0.3446,1.0046,31.3,0.561,0.499,-1.48,False,POWER
RECLTD/ADANIGREEN,RECLTD,ADANIGREEN,299,0.4706,0.8141,1.0094,35.2,0.576,0.167,-1.31,False,POWER
RECLTD/ADANIENSOL,RECLTD,ADANIENSOL,299,0.6547,0.094,1.0149,83.5,0.573,0.188,-1.61,False,POWER
IREDA/IRFC,IREDA,IRFC,235,0.5805,0.6853,1.0333,8.8,0.693,0.686,-1.47,False,POWER
IREDA/HUDCO,IREDA,HUDCO,236,0.084,0.5866,0.9506,11.0,0.61,0.359,-0.01,False,POWER
IREDA/TORNTPOWER,IREDA,TORNTPOWER,236,0.8117,0.9325,1.0158,34.5,0.563,0.335,-1.97,False,POWER
IREDA/JSWENERGY,IREDA,JSWENERGY,236,0.6278,0.8641,0.998,28.5,0.565,0.144,-2.21,False,POWER
IREDA/ADANIENT,IREDA,ADANIENT,236,0.0656,0.2375,0.9997,10.0,0.552,0.57,-2.16,False,POWER
IREDA/ADANIGREEN,IREDA,ADANIGREEN,236,0.2208,0.9047,0.9771,18.2,0.498,0.063,-1.98,False,POWER
IREDA/ADANIENSOL,IREDA,ADANIENSOL,236,0.7493,0.6095,0.9762,37.6,0.477,0.02,-2.15,False,POWER
IRFC/HUDCO,IRFC,HUDCO,299,0.2583,0.5407,0.9774,13.3,0.615,0.428,0.61,False,POWER
IRFC/TORNTPOWER,IRFC,TORNTPOWER,250,0.3612,0.4214,1.0395,20.7,0.581,0.187,-1.75,False,POWER
IRFC/JSWENERGY,IRFC,JSWENERGY,299,0.0254,0.1063,1.0181,11.0,0.515,0.535,-1.54,False,POWER
IRFC/ADANIENT,IRFC,ADANIENT,299,0.0116,0.082,0.9899,9.4,0.439,0.363,-1.72,False,POWER
IRFC/ADANIGREEN,IRFC,ADANIGREEN,299,0.024,0.6207,0.9599,10.7,0.465,0.288,-1.62,False,POWER
IRFC/ADANIENSOL,IRFC,ADANIENSOL,299,0.6328,0.0875,1.0108,52.0,0.451,0.072,-1.85,False,POWER
HUDCO/TORNTPOWER,HUDCO,TORNTPOWER,251,0.5592,0.6646,1.0198,36.2,0.503,0.03,-1.4,False,POWER
HUDCO/JSWENERGY,HUDCO,JSWENERGY,300,0.1479,0.4931,1.0107,20.6,0.602,0.283,-1.61,False,POWER
HUDCO/ADANIENT,HUDCO,ADANIENT,300,0.0293,0.1086,0.9857,9.2,0.511,0.504,-1.7,False,POWER
HUDCO/ADANIGREEN,HUDCO,ADANIGREEN,300,0.0002,0.0031,0.9474,5.8,0.564,0.593,-1.84,False,POWER
HUDCO/ADANIENSOL,HUDCO,ADANIENSOL,300,0.7514,0.6605,0.9757,40.1,0.552,0.148,-1.87,False,POWER
TORNTPOWER/JSWENERGY,TORNTPOWER,JSWENERGY,251,0.426,0.4806,1.0218,27.0,0.518,0.005,0.84,False,POWER
TORNTPOWER/ADANIENT,TORNTPOWER,ADANIENT,251,0.3989,0.5156,1.028,25.1,0.474,0.038,-0.07,False,POWER
TORNTPOWER/ADANIGREEN,TORNTPOWER,ADANIGREEN,251,0.3984,0.3153,1.0201,25.2,0.485,0.017,-0.46,False,POWER
TORNTPOWER/ADANIENSOL,TORNTPOWER,ADANIENSOL,251,0.5202,0.4527,0.9848,37.2,0.494,0.009,-0.75,False,POWER
JSWENERGY/ADANIENT,JSWENERGY,ADANIENT,300,0.0952,0.2405,1.0139,15.0,0.476,0.24,-0.96,False,POWER
JSWENERGY/ADANIGREEN,JSWENERGY,ADANIGREEN,300,0.0827,0.3995,1.0242,12.7,0.509,0.41,-1.15,False,POWER
JSWENERGY/ADANIENSOL,JSWENERGY,ADANIENSOL,300,0.5259,0.0343,1.0439,51.3,0.501,0.037,-1.31,False,POWER
ADANIENT/ADANIGREEN,ADANIENT,ADANIGREEN,300,0.004,0.1329,0.9974,11.5,0.775,0.406,-0.91,False,POWER
ADANIENT/ADANIENSOL,ADANIENT,ADANIENSOL,300,0.8215,0.2596,1.017,140.8,0.758,0.016,-1.44,False,POWER
ADANIGREEN/ADANIENSOL,ADANIGREEN,ADANIENSOL,300,0.0249,0.0016,1.0201,25.4,0.831,0.128,-0.51,False,POWER
LT/NBCC,LT,NBCC,255,0.5745,0.9548,0.998,34.0,0.425,0.425,1.22,False,INFRA
LT/CONCOR,LT,CONCOR,748,0.9924,0.8044,1.0142,DIV,0.406,0.037,1.84,False,INFRA
LT/GMRAIRPORT,LT,GMRAIRPORT,501,0.045,0.0579,1.0118,18.8,0.458,0.445,1.83,False,INFRA
LT/DLF,LT,DLF,501,0.8931,0.314,1.0086,227.4,0.569,0.0,0.87,False,INFRA
LT/OBEROIRLTY,LT,OBEROIRLTY,748,0.2251,0.6523,1.005,55.0,0.381,0.689,1.08,False,INFRA
LT/GODREJPROP,LT,GODREJPROP,748,0.6669,0.9315,1.0184,147.2,0.437,0.501,0.1,False,INFRA
LT/PRESTIGE,LT,PRESTIGE,251,0.4535,0.8597,1.028,31.9,0.413,0.503,-0.03,False,INFRA
LT/LODHA,LT,LODHA,300,0.8677,0.6729,1.0105,134.1,0.4,0.046,-0.35,False,INFRA
LT/PHOENIXLTD,LT,PHOENIXLTD,251,0.0732,0.3588,0.9642,12.3,0.281,0.477,1.0,False,INFRA
LT/IRCTC,LT,IRCTC,505,0.9863,0.1562,1.0278,DIV,0.567,0.057,1.76,False,INFRA
NBCC/CONCOR,NBCC,CONCOR,255,0.6196,0.7271,1.0119,73.1,0.532,0.021,-0.55,False,INFRA
NBCC/GMRAIRPORT,NBCC,GMRAIRPORT,255,0.4228,0.6571,1.0376,25.1,0.458,0.422,-0.36,False,INFRA
NBCC/DLF,NBCC,DLF,255,0.4371,0.6456,0.9823,31.2,0.575,0.451,-1.15,False,INFRA
NBCC/OBEROIRLTY,NBCC,OBEROIRLTY,255,0.3707,0.5296,0.9953,28.6,0.538,0.392,-0.6,False,INFRA
NBCC/GODREJPROP,NBCC,GODREJPROP,255,0.6347,0.7066,0.98,36.0,0.537,0.201,-1.1,False,INFRA
NBCC/PRESTIGE,NBCC,PRESTIGE,250,0.062,0.2067,1.006,10.7,0.471,0.754,-1.4,False,INFRA
NBCC/LODHA,NBCC,LODHA,255,0.5915,0.759,0.9823,45.1,0.443,0.151,-1.48,False,INFRA
NBCC/PHOENIXLTD,NBCC,PHOENIXLTD,250,0.5752,0.7662,1.0004,41.7,0.336,0.049,-0.45,False,INFRA
NBCC/IRCTC,NBCC,IRCTC,255,0.6164,0.7739,1.0143,58.9,0.678,0.041,-0.34,False,INFRA
CONCOR/GMRAIRPORT,CONCOR,GMRAIRPORT,501,0.9256,0.9384,1.0325,465.2,0.561,0.019,0.7,False,INFRA
CONCOR/DLF,CONCOR,DLF,501,0.6989,0.5337,1.0199,122.3,0.558,0.519,-0.68,False,INFRA
CONCOR/OBEROIRLTY,CONCOR,OBEROIRLTY,748,0.5868,0.9645,1.015,165.8,0.426,0.091,0.23,False,INFRA
CONCOR/GODREJPROP,CONCOR,GODREJPROP,748,0.2369,0.7509,0.9909,83.3,0.437,0.494,-0.33,False,INFRA
CONCOR/PRESTIGE,CONCOR,PRESTIGE,251,0.7259,0.683,1.0108,97.1,0.384,0.165,-1.33,False,INFRA
CONCOR/LODHA,CONCOR,LODHA,300,0.5975,0.7953,0.9879,24.3,0.382,0.455,-1.19,False,INFRA
CONCOR/PHOENIXLTD,CONCOR,PHOENIXLTD,251,0.8743,0.5056,1.0317,57.8,0.171,0.176,0.25,False,INFRA
CONCOR/IRCTC,CONCOR,IRCTC,505,0.5673,0.0368,1.0001,66.3,0.649,0.901,0.63,False,INFRA
GMRAIRPORT/DLF,GMRAIRPORT,DLF,501,0.8062,0.5931,1.0264,139.9,0.579,0.0,-1.75,False,INFRA
GMRAIRPORT/OBEROIRLTY,GMRAIRPORT,OBEROIRLTY,501,0.1773,0.528,1.0376,50.2,0.484,0.007,-0.48,False,INFRA
GMRAIRPORT/GODREJPROP,GMRAIRPORT,GODREJPROP,501,0.9351,0.6062,1.016,242.1,0.473,0.003,-0.67,False,INFRA
GMRAIRPORT/PRESTIGE,GMRAIRPORT,PRESTIGE,251,0.2024,0.3005,1.0262,25.1,0.368,0.449,-1.92,False,INFRA
GMRAIRPORT/LODHA,GMRAIRPORT,LODHA,300,0.8565,0.7234,1.0192,132.5,0.438,0.06,-1.92,False,INFRA
GMRAIRPORT/PHOENIXLTD,GMRAIRPORT,PHOENIXLTD,251,0.15,0.3509,1.0215,18.8,0.313,0.34,-0.31,False,INFRA
GMRAIRPORT/IRCTC,GMRAIRPORT,IRCTC,500,0.9759,0.5567,1.0217,DIV,0.644,0.001,0.01,False,INFRA
DLF/OBEROIRLTY,DLF,OBEROIRLTY,501,0.0555,0.5739,1.0255,59.8,0.7,0.063,0.98,False,INFRA
DLF/GODREJPROP,DLF,GODREJPROP,501,0.4883,0.3295,1.0072,67.4,0.762,0.554,-0.14,False,INFRA
DLF/PRESTIGE,DLF,PRESTIGE,251,0.6449,0.8053,1.0144,58.3,0.738,0.461,-1.28,False,INFRA
DLF/LODHA,DLF,LODHA,300,0.0988,0.4927,1.0009,19.3,0.706,0.647,-1.15,False,INFRA
DLF/PHOENIXLTD,DLF,PHOENIXLTD,251,0.824,0.4785,1.0304,96.5,0.495,0.109,0.75,False,INFRA
DLF/IRCTC,DLF,IRCTC,500,0.2844,0.1481,1.0135,42.9,0.616,0.604,1.28,False,INFRA
OBEROIRLTY/GODREJPROP,OBEROIRLTY,GODREJPROP,748,0.3715,0.5335,1.02,82.3,0.646,0.694,-0.66,False,INFRA
OBEROIRLTY/PRESTIGE,OBEROIRLTY,PRESTIGE,251,0.5642,0.2978,1.0215,55.3,0.708,0.32,-1.35,False,INFRA
OBEROIRLTY/LODHA,OBEROIRLTY,LODHA,300,0.3206,0.4099,1.01,32.4,0.717,0.436,-1.87,False,INFRA
OBEROIRLTY/PHOENIXLTD,OBEROIRLTY,PHOENIXLTD,251,0.6707,0.3568,1.0209,48.3,0.566,0.0,0.07,False,INFRA
OBEROIRLTY/IRCTC,OBEROIRLTY,IRCTC,505,0.3341,0.3462,1.0293,76.2,0.524,0.0,0.27,False,INFRA
GODREJPROP/PRESTIGE,GODREJPROP,PRESTIGE,251,0.8329,0.6266,1.016,76.4,0.691,0.143,-0.21,False,INFRA
GODREJPROP/LODHA,GODREJPROP,LODHA,300,0.029,0.1131,1.0081,17.5,0.698,0.545,-0.46,False,INFRA
GODREJPROP/PHOENIXLTD,GODREJPROP,PHOENIXLTD,251,0.7204,0.374,0.9827,53.0,0.469,0.037,0.54,False,INFRA
GODREJPROP/IRCTC,GODREJPROP,IRCTC,505,0.0875,0.2509,0.9981,29.2,0.532,0.598,0.55,False,INFRA
PRESTIGE/LODHA,PRESTIGE,LODHA,251,0.888,0.8681,1.0172,109.7,0.628,0.057,-0.45,False,INFRA
PRESTIGE/PHOENIXLTD,PRESTIGE,PHOENIXLTD,251,0.635,0.8277,1.0305,56.0,0.423,0.036,1.09,False,INFRA
PRESTIGE/IRCTC,PRESTIGE,IRCTC,251,0.7874,0.8165,0.9768,93.4,0.504,0.001,1.65,False,INFRA
LODHA/PHOENIXLTD,LODHA,PHOENIXLTD,251,0.8098,0.2781,1.0326,89.3,0.456,0.226,1.41,False,INFRA
LODHA/IRCTC,LODHA,IRCTC,299,0.0352,0.044,0.9954,12.2,0.475,0.678,1.43,False,INFRA
PHOENIXLTD/IRCTC,PHOENIXLTD,IRCTC,251,0.9876,0.0685,1.0328,217.4,0.401,0.31,0.23,False,INFRA
MARUTI/M&M,MARUTI,M&M,313,0.4532,0.8069,1.0363,71.7,0.682,0.449,-1.22,False,AUTO
MARUTI/BAJAJ-AUTO,MARUTI,BAJAJ-AUTO,250,0.7168,0.332,1.0328,56.8,0.463,0.126,1.09,False,AUTO
MARUTI/HEROMOTOCO,MARUTI,HEROMOTOCO,551,0.4406,0.724,1.0203,96.6,0.725,0.727,-0.55,False,AUTO
MARUTI/TVSMOTOR,MARUTI,TVSMOTOR,551,0.5892,0.4278,1.0075,156.3,0.741,0.871,-1.17,False,AUTO
MARUTI/EICHERMOT,MARUTI,EICHERMOT,309,0.84,0.7671,0.9961,90.9,0.822,0.792,-1.94,False,AUTO
MARUTI/ASHOKLEY,MARUTI,ASHOKLEY,309,0.5499,0.756,1.0454,32.2,-0.336,0.154,-1.08,False,AUTO
MARUTI/MOTHERSON,MARUTI,MOTHERSON,551,0.4911,0.9318,1.0347,101.2,0.048,0.221,-1.75,False,AUTO
MARUTI/BHARATFORG,MARUTI,BHARATFORG,301,0.4646,0.5178,1.0266,35.8,0.477,0.738,-1.76,False,AUTO
MARUTI/EXIDEIND,MARUTI,EXIDEIND,551,0.4929,0.958,1.0352,125.7,0.245,0.334,-0.85,False,AUTO
M&M/BAJAJ-AUTO,M&M,BAJAJ-AUTO,249,0.617,0.7084,1.0246,60.6,0.4,0.217,-0.53,False,AUTO
M&M/HEROMOTOCO,M&M,HEROMOTOCO,505,0.22,0.3368,1.0127,72.4,0.408,0.174,0.92,False,AUTO
M&M/TVSMOTOR,M&M,TVSMOTOR,505,0.1335,0.1891,1.0138,38.3,0.552,0.773,-0.82,False,AUTO
M&M/EICHERMOT,M&M,EICHERMOT,500,0.1199,0.1851,1.0089,31.4,0.426,0.784,-2.27,False,AUTO
M&M/ASHOKLEY,M&M,ASHOKLEY,500,0.5003,0.2853,1.0016,80.0,0.245,0.055,-0.95,False,AUTO
M&M/MOTHERSON,M&M,MOTHERSON,505,0.7015,0.4108,1.0126,132.6,0.298,0.016,-2.03,False,AUTO
M&M/BHARATFORG,M&M,BHARATFORG,256,0.0,0.0001,0.9952,5.4,-0.195,0.424,-2.08,False,AUTO
M&M/EXIDEIND,M&M,EXIDEIND,505,0.9112,0.4962,1.0256,461.1,0.378,0.0,1.03,False,AUTO
BAJAJ-AUTO/HEROMOTOCO,BAJAJ-AUTO,HEROMOTOCO,250,0.3716,0.4171,1.0277,26.3,0.51,0.584,2.95,False,AUTO
BAJAJ-AUTO/TVSMOTOR,BAJAJ-AUTO,TVSMOTOR,250,0.4629,0.694,1.0462,26.1,0.544,0.639,-0.91,False,AUTO
BAJAJ-AUTO/EICHERMOT,BAJAJ-AUTO,EICHERMOT,250,0.6487,0.839,1.0516,47.0,0.365,0.107,2.76,False,AUTO
BAJAJ-AUTO/ASHOKLEY,BAJAJ-AUTO,ASHOKLEY,250,0.5115,0.763,1.0529,33.5,0.363,0.341,-1.19,False,AUTO
BAJAJ-AUTO/MOTHERSON,BAJAJ-AUTO,MOTHERSON,250,0.5363,0.4699,1.0387,42.6,0.308,0.61,1.77,False,AUTO
BAJAJ-AUTO/EXIDEIND,BAJAJ-AUTO,EXIDEIND,250,0.1294,0.7269,1.0373,42.1,0.313,0.278,0.81,False,AUTO
HEROMOTOCO/TVSMOTOR,HEROMOTOCO,TVSMOTOR,743,0.5854,0.7461,1.0008,133.4,0.514,0.745,-2.34,False,AUTO
HEROMOTOCO/EICHERMOT,HEROMOTOCO,EICHERMOT,501,0.472,0.7345,1.0206,122.5,0.417,0.188,-3.14,False,AUTO
HEROMOTOCO/ASHOKLEY,HEROMOTOCO,ASHOKLEY,501,0.5972,0.8153,1.0019,91.6,0.257,0.027,-1.31,False,AUTO
HEROMOTOCO/MOTHERSON,HEROMOTOCO,MOTHERSON,743,0.5847,0.8929,1.0095,121.3,0.322,0.393,-2.65,False,AUTO
HEROMOTOCO/BHARATFORG,HEROMOTOCO,BHARATFORG,493,0.3455,0.604,1.0247,64.1,0.414,0.786,-2.57,False,AUTO
HEROMOTOCO/EXIDEIND,HEROMOTOCO,EXIDEIND,743,0.4871,0.7995,1.0102,131.5,0.349,0.654,-0.07,False,AUTO
TVSMOTOR/EICHERMOT,TVSMOTOR,EICHERMOT,501,0.0631,0.1535,1.0016,29.1,0.542,0.894,-1.78,False,AUTO
TVSMOTOR/ASHOKLEY,TVSMOTOR,ASHOKLEY,501,0.6977,0.8915,1.0068,127.3,0.3,0.177,-0.84,False,AUTO
TVSMOTOR/MOTHERSON,TVSMOTOR,MOTHERSON,743,0.8305,0.9891,1.043,297.5,0.32,0.173,-1.99,False,AUTO
TVSMOTOR/BHARATFORG,TVSMOTOR,BHARATFORG,493,0.5453,0.5174,1.0341,109.2,0.075,0.748,-2.22,False,AUTO
TVSMOTOR/EXIDEIND,TVSMOTOR,EXIDEIND,743,0.986,0.993,1.0294,DIV,0.424,0.38,1.16,False,AUTO
EICHERMOT/ASHOKLEY,EICHERMOT,ASHOKLEY,501,0.6867,0.9186,1.0267,121.1,0.214,0.197,-0.22,False,AUTO
EICHERMOT/MOTHERSON,EICHERMOT,MOTHERSON,501,0.8685,0.8609,1.0065,298.1,0.319,0.203,-0.97,False,AUTO
EICHERMOT/BHARATFORG,EICHERMOT,BHARATFORG,251,0.4152,0.7427,1.0042,31.6,0.439,0.577,-1.34,False,AUTO
EICHERMOT/EXIDEIND,EICHERMOT,EXIDEIND,501,0.9958,0.9209,1.0226,DIV,0.433,0.077,2.25,False,AUTO
ASHOKLEY/MOTHERSON,ASHOKLEY,MOTHERSON,501,0.1287,0.2215,1.0301,16.5,0.269,0.656,-0.61,False,AUTO
ASHOKLEY/BHARATFORG,ASHOKLEY,BHARATFORG,251,0.5509,0.7292,1.0404,42.2,0.238,0.008,-1.43,False,AUTO
ASHOKLEY/EXIDEIND,ASHOKLEY,EXIDEIND,501,0.3245,0.4947,1.0207,43.0,0.321,0.225,1.06,False,AUTO
MOTHERSON/BHARATFORG,MOTHERSON,BHARATFORG,498,0.2793,0.5014,1.0257,38.9,0.34,0.442,-0.79,False,AUTO
MOTHERSON/EXIDEIND,MOTHERSON,EXIDEIND,748,0.044,0.2718,1.0209,35.3,0.398,0.759,2.33,False,AUTO
BHARATFORG/EXIDEIND,BHARATFORG,EXIDEIND,498,0.5791,0.9911,1.0477,83.6,0.389,0.64,2.22,False,AUTO
HINDUNILVR/ITC,HINDUNILVR,ITC,743,0.8408,0.2188,1.0129,161.2,0.371,0.322,1.28,False,FMCG
HINDUNILVR/NESTLEIND,HINDUNILVR,NESTLEIND,743,0.7508,0.2517,1.0099,215.4,0.138,0.087,2.35,False,FMCG
HINDUNILVR/DABUR,HINDUNILVR,DABUR,743,0.0376,0.1043,1.0039,24.4,0.551,0.581,1.11,False,FMCG
HINDUNILVR/MARICO,HINDUNILVR,MARICO,497,0.5258,0.6768,1.019,76.5,0.461,0.149,1.19,False,FMCG
HINDUNILVR/COLPAL,HINDUNILVR,COLPAL,743,0.0246,0.279,1.0221,109.7,0.422,0.044,0.66,False,FMCG
HINDUNILVR/BRITANNIA,HINDUNILVR,BRITANNIA,743,0.5293,0.3298,1.0225,118.5,0.477,0.061,0.76,False,FMCG
HINDUNILVR/GODREJCP,HINDUNILVR,GODREJCP,743,0.2596,0.3156,1.0142,79.9,0.491,0.057,1.08,False,FMCG
HINDUNILVR/TATACONSUM,HINDUNILVR,TATACONSUM,251,0.3658,0.6506,1.0177,25.3,0.344,0.09,1.76,False,FMCG
HINDUNILVR/VBL,HINDUNILVR,VBL,300,0.4011,0.3632,1.0349,36.6,0.18,0.011,1.62,False,FMCG
HINDUNILVR/DMART,HINDUNILVR,DMART,300,0.0401,0.0654,0.9888,13.4,0.192,0.417,-0.91,False,FMCG
HINDUNILVR/JUBLFOOD,HINDUNILVR,JUBLFOOD,251,0.7437,0.6275,0.9932,63.2,0.156,0.008,-0.19,False,FMCG
HINDUNILVR/UNITDSPR,HINDUNILVR,UNITDSPR,743,0.1996,0.2868,1.0202,122.7,0.228,0.016,-0.23,False,FMCG
HINDUNILVR/PATANJALI,HINDUNILVR,PATANJALI,236,0.8275,0.4545,0.9828,103.0,0.092,0.02,0.92,False,FMCG
ITC/NESTLEIND,ITC,NESTLEIND,743,0.542,0.9066,1.0247,136.8,0.121,0.011,-0.7,False,FMCG
ITC/DABUR,ITC,DABUR,743,0.3875,0.8136,1.033,55.8,0.309,0.349,-0.95,False,FMCG
ITC/MARICO,ITC,MARICO,497,0.512,0.4194,1.0375,42.4,0.305,0.511,-1.09,False,FMCG
ITC/COLPAL,ITC,COLPAL,743,0.4134,0.9242,1.0118,142.6,0.281,0.335,-0.92,False,FMCG
ITC/BRITANNIA,ITC,BRITANNIA,743,0.9652,0.9407,1.0242,DIV,0.368,0.002,-1.17,False,FMCG
ITC/GODREJCP,ITC,GODREJCP,743,0.7433,0.9613,1.0291,142.1,0.258,0.107,-0.83,False,FMCG
ITC/TATACONSUM,ITC,TATACONSUM,251,0.8901,0.9738,0.994,144.7,0.281,0.065,-0.58,False,FMCG
ITC/VBL,ITC,VBL,300,0.1398,0.9256,1.0379,27.0,0.206,0.395,0.09,False,FMCG
ITC/DMART,ITC,DMART,300,0.6286,0.9551,1.0442,47.4,0.215,0.0,-1.43,False,FMCG
ITC/JUBLFOOD,ITC,JUBLFOOD,251,0.2478,0.6056,1.0287,12.8,0.187,0.637,-1.63,False,FMCG
ITC/UNITDSPR,ITC,UNITDSPR,743,0.8616,0.9653,0.9995,326.0,0.355,0.037,-1.57,False,FMCG
ITC/PATANJALI,ITC,PATANJALI,236,0.7027,0.9575,1.0086,66.6,0.053,0.304,-0.64,False,FMCG
NESTLEIND/DABUR,NESTLEIND,DABUR,743,0.5345,0.7241,1.0061,131.6,0.136,0.028,-0.9,False,FMCG
NESTLEIND/MARICO,NESTLEIND,MARICO,497,0.674,0.6004,1.0353,120.1,0.145,0.321,1.67,False,FMCG
NESTLEIND/COLPAL,NESTLEIND,COLPAL,743,0.4667,0.6934,1.0182,162.5,0.147,0.385,-1.1,False,FMCG
NESTLEIND/BRITANNIA,NESTLEIND,BRITANNIA,743,0.6,0.3696,1.0288,162.8,0.213,0.412,-1.05,False,FMCG
NESTLEIND/GODREJCP,NESTLEIND,GODREJCP,743,0.5719,0.2919,1.0272,161.2,0.104,0.488,0.03,False,FMCG
NESTLEIND/TATACONSUM,NESTLEIND,TATACONSUM,251,0.7204,0.6887,1.0232,76.3,0.184,0.23,0.61,False,FMCG
NESTLEIND/VBL,NESTLEIND,VBL,300,0.6721,0.826,1.0437,64.4,0.112,0.178,1.08,False,FMCG
NESTLEIND/DMART,NESTLEIND,DMART,300,0.7285,0.8516,0.996,90.3,0.177,0.084,-2.03,False,FMCG
NESTLEIND/JUBLFOOD,NESTLEIND,JUBLFOOD,251,0.5717,0.437,1.0121,42.8,0.142,0.561,-0.97,False,FMCG
NESTLEIND/UNITDSPR,NESTLEIND,UNITDSPR,743,0.4975,0.2124,1.0265,147.6,0.105,0.628,-1.42,False,FMCG
NESTLEIND/PATANJALI,NESTLEIND,PATANJALI,236,0.7179,0.4583,1.0208,53.2,0.045,0.615,0.27,False,FMCG
DABUR/MARICO,DABUR,MARICO,497,0.5925,0.6154,1.0077,78.3,0.551,0.282,2.55,False,FMCG
DABUR/COLPAL,DABUR,COLPAL,743,0.0729,0.3298,1.0301,111.9,0.416,0.169,-0.32,False,FMCG
DABUR/BRITANNIA,DABUR,BRITANNIA,743,0.6209,0.4377,0.9974,129.4,0.413,0.017,-0.07,False,FMCG
DABUR/GODREJCP,DABUR,GODREJCP,743,0.2685,0.4281,0.995,81.5,0.522,0.181,0.72,False,FMCG
DABUR/TATACONSUM,DABUR,TATACONSUM,251,0.2025,0.0833,1.0215,22.6,0.286,0.0,1.26,False,FMCG
DABUR/VBL,DABUR,VBL,300,0.2117,0.0864,1.0267,30.2,0.275,0.023,1.62,False,FMCG
DABUR/DMART,DABUR,DMART,300,0.224,0.0721,0.9971,29.4,0.279,0.0,-1.33,False,FMCG
DABUR/JUBLFOOD,DABUR,JUBLFOOD,251,0.7485,0.0247,1.0084,93.0,0.266,0.11,-0.6,False,FMCG
DABUR/UNITDSPR,DABUR,UNITDSPR,743,0.3031,0.3581,1.016,143.1,0.299,0.014,-0.75,False,FMCG
DABUR/PATANJALI,DABUR,PATANJALI,236,0.8471,0.0657,1.0281,115.7,0.076,0.085,0.65,False,FMCG
MARICO/COLPAL,MARICO,COLPAL,497,0.3043,0.6163,1.0312,103.8,0.408,0.623,1.24,False,FMCG
MARICO/BRITANNIA,MARICO,BRITANNIA,497,0.3358,0.6383,1.0228,43.4,0.395,0.556,-2.11,False,FMCG
MARICO/GODREJCP,MARICO,GODREJCP,497,0.6373,0.7824,1.03,77.9,0.454,0.472,0.59,False,FMCG
MARICO/UNITDSPR,MARICO,UNITDSPR,497,0.4513,0.1256,0.9923,69.3,0.271,0.753,0.12,False,FMCG
COLPAL/BRITANNIA,COLPAL,BRITANNIA,743,0.6443,0.9125,1.0192,164.1,0.415,0.258,0.2,False,FMCG
COLPAL/GODREJCP,COLPAL,GODREJCP,748,0.2784,0.2629,1.0245,74.9,0.327,0.7,0.61,False,FMCG
COLPAL/TATACONSUM,COLPAL,TATACONSUM,251,0.3962,0.4839,1.0049,38.0,0.335,0.188,1.05,False,FMCG
COLPAL/VBL,COLPAL,VBL,300,0.018,0.2122,1.0223,14.8,0.246,0.571,1.27,False,FMCG
COLPAL/DMART,COLPAL,DMART,300,0.4176,0.4666,1.0018,44.2,0.345,0.057,-1.07,False,FMCG
COLPAL/JUBLFOOD,COLPAL,JUBLFOOD,251,0.0996,0.0339,0.9464,12.3,0.299,0.692,-0.37,False,FMCG
COLPAL/UNITDSPR,COLPAL,UNITDSPR,748,0.6606,0.858,1.006,116.9,0.297,0.531,-0.53,False,FMCG
COLPAL/PATANJALI,COLPAL,PATANJALI,236,0.8079,0.2055,0.9732,89.4,0.165,0.591,0.58,False,FMCG
BRITANNIA/GODREJCP,BRITANNIA,GODREJCP,743,0.1811,0.5595,1.0014,42.2,0.398,0.514,0.77,False,FMCG
BRITANNIA/TATACONSUM,BRITANNIA,TATACONSUM,251,0.0944,0.2105,1.0196,13.2,0.452,0.66,1.93,False,FMCG
BRITANNIA/VBL,BRITANNIA,VBL,300,0.538,0.3109,1.0206,62.7,0.178,0.471,1.66,False,FMCG
BRITANNIA/DMART,BRITANNIA,DMART,300,0.3079,0.7807,0.9951,29.7,0.286,0.325,-1.28,False,FMCG
BRITANNIA/JUBLFOOD,BRITANNIA,JUBLFOOD,251,0.908,0.5456,0.9925,90.1,0.226,0.177,-0.71,False,FMCG
BRITANNIA/UNITDSPR,BRITANNIA,UNITDSPR,743,0.132,0.5719,1.0066,77.0,0.296,0.476,-0.95,False,FMCG
BRITANNIA/PATANJALI,BRITANNIA,PATANJALI,236,0.8311,0.0729,0.9878,109.3,0.01,0.414,0.83,False,FMCG
GODREJCP/TATACONSUM,GODREJCP,TATACONSUM,251,0.2713,0.5277,1.0146,20.8,0.362,0.196,0.62,False,FMCG
GODREJCP/VBL,GODREJCP,VBL,300,0.4655,0.2638,1.0152,41.0,0.282,0.015,1.62,False,FMCG
GODREJCP/DMART,GODREJCP,DMART,300,0.0479,0.1368,1.016,14.5,0.272,0.275,-1.37,False,FMCG
GODREJCP/JUBLFOOD,GODREJCP,JUBLFOOD,251,0.6179,0.5164,1.027,44.9,0.2,0.03,-1.04,False,FMCG
GODREJCP/UNITDSPR,GODREJCP,UNITDSPR,748,0.453,0.4044,1.006,88.1,0.285,0.438,-1.03,False,FMCG
GODREJCP/PATANJALI,GODREJCP,PATANJALI,236,0.8206,0.0454,0.9986,98.4,0.037,0.085,0.32,False,FMCG
TATACONSUM/VBL,TATACONSUM,VBL,251,0.1484,0.4793,1.0081,21.0,0.297,0.092,0.9,False,FMCG
TATACONSUM/DMART,TATACONSUM,DMART,251,0.6362,0.6678,1.052,38.5,0.288,0.025,-2.01,False,FMCG
TATACONSUM/JUBLFOOD,TATACONSUM,JUBLFOOD,251,0.8109,0.4039,0.9878,73.7,0.26,0.164,-1.44,False,FMCG
TATACONSUM/UNITDSPR,TATACONSUM,UNITDSPR,251,0.4018,0.622,1.0138,25.0,0.383,0.099,-1.53,False,FMCG
TATACONSUM/PATANJALI,TATACONSUM,PATANJALI,236,0.8537,0.0644,1.0147,134.4,0.07,0.407,-0.02,False,FMCG
VBL/DMART,VBL,DMART,300,0.3535,0.1959,1.0374,41.6,0.276,0.144,-1.73,False,FMCG
VBL/JUBLFOOD,VBL,JUBLFOOD,251,0.3712,0.0837,1.0469,25.1,0.207,0.106,-1.49,False,FMCG
VBL/UNITDSPR,VBL,UNITDSPR,300,0.0737,0.1904,1.0257,24.3,0.393,0.312,-1.52,False,FMCG
VBL/PATANJALI,VBL,PATANJALI,236,0.8032,0.2145,0.9797,94.9,0.117,0.312,-0.79,False,FMCG
DMART/JUBLFOOD,DMART,JUBLFOOD,251,0.4076,0.5689,1.0104,33.6,0.342,0.117,0.42,False,FMCG
DMART/UNITDSPR,DMART,UNITDSPR,300,0.5456,0.3768,1.042,45.9,0.322,0.053,0.53,False,FMCG
DMART/PATANJALI,DMART,PATANJALI,236,0.7694,0.2137,1.0108,78.0,0.106,0.046,1.37,False,FMCG
JUBLFOOD/UNITDSPR,JUBLFOOD,UNITDSPR,251,0.6869,0.8854,1.022,39.3,0.33,0.172,0.01,False,FMCG
JUBLFOOD/PATANJALI,JUBLFOOD,PATANJALI,236,0.7264,0.4301,1.0123,64.2,0.109,0.645,1.49,False,FMCG
UNITDSPR/PATANJALI,UNITDSPR,PATANJALI,236,0.858,0.4528,1.01,132.5,0.021,0.057,1.16,False,FMCG
ULTRACEMCO/AMBUJACEM,ULTRACEMCO,AMBUJACEM,743,0.5299,0.9071,1.0204,60.6,0.503,0.57,0.87,False,CEMENT
ULTRACEMCO/SHREECEM,ULTRACEMCO,SHREECEM,743,0.681,0.8126,1.0003,152.9,0.544,0.394,1.91,False,CEMENT
ULTRACEMCO/DALBHARAT,ULTRACEMCO,DALBHARAT,501,0.105,0.296,1.014,31.0,0.55,0.327,0.57,False,CEMENT
ULTRACEMCO/GRASIM,ULTRACEMCO,GRASIM,501,0.0006,0.0208,1.0149,11.6,0.636,0.785,0.33,False,CEMENT
AMBUJACEM/SHREECEM,AMBUJACEM,SHREECEM,743,0.2133,0.4342,1.0074,67.3,0.442,0.115,0.7,False,CEMENT
AMBUJACEM/DALBHARAT,AMBUJACEM,DALBHARAT,501,0.5377,0.7048,1.033,71.6,0.537,0.0,-0.85,False,CEMENT
AMBUJACEM/GRASIM,AMBUJACEM,GRASIM,501,0.469,0.7138,1.0109,51.7,0.484,0.001,-1.15,False,CEMENT
SHREECEM/DALBHARAT,SHREECEM,DALBHARAT,501,0.3506,0.6075,1.0172,45.1,0.553,0.35,-1.83,False,CEMENT
SHREECEM/GRASIM,SHREECEM,GRASIM,501,0.0461,0.5119,1.0073,32.0,0.505,0.186,-2.1,False,CEMENT
DALBHARAT/GRASIM,DALBHARAT,GRASIM,501,0.0023,0.1451,1.001,22.2,0.422,0.228,-0.46,False,CEMENT
RELIANCE/ONGC,RELIANCE,ONGC,492,0.8671,0.9693,1.015,268.6,0.264,0.049,0.56,False,OIL
RELIANCE/BPCL,RELIANCE,BPCL,492,0.2236,0.7786,1.0122,35.5,0.14,0.297,1.03,False,OIL
RELIANCE/IOC,RELIANCE,IOC,492,0.8006,0.9572,1.0054,208.6,0.223,0.126,1.04,False,OIL
RELIANCE/HINDPETRO,RELIANCE,HINDPETRO,245,0.679,0.8856,1.0333,50.5,0.108,0.182,1.26,False,OIL
RELIANCE/GAIL,RELIANCE,GAIL,247,0.8303,0.5968,1.0254,96.0,0.24,0.28,-1.56,False,OIL
ONGC/BPCL,ONGC,BPCL,743,0.4542,0.6534,1.0183,106.1,0.377,0.029,0.65,False,OIL
ONGC/IOC,ONGC,IOC,743,0.2122,0.1754,1.0198,49.7,0.56,0.839,-0.42,False,OIL
ONGC/HINDPETRO,ONGC,HINDPETRO,496,0.2018,0.4524,1.0147,38.7,0.412,0.009,0.83,False,OIL
ONGC/GAIL,ONGC,GAIL,493,0.1885,0.8603,0.9935,24.3,0.501,0.925,1.57,False,OIL
ONGC/PETRONET,ONGC,PETRONET,251,0.2689,0.9207,1.0033,19.2,0.546,0.078,0.82,False,OIL
ONGC/OIL,ONGC,OIL,300,0.0587,0.241,0.9877,15.3,0.758,0.622,1.53,False,OIL
BPCL/IOC,BPCL,IOC,743,0.5453,0.4782,1.0148,146.5,0.598,0.118,-2.63,False,OIL
BPCL/HINDPETRO,BPCL,HINDPETRO,496,0.3885,0.5871,1.0111,84.6,0.894,0.71,1.0,False,OIL
BPCL/GAIL,BPCL,GAIL,493,0.4534,0.0135,1.0068,57.4,0.289,0.032,1.89,False,OIL
BPCL/PETRONET,BPCL,PETRONET,251,0.4242,0.8308,1.0047,55.4,0.492,0.077,0.08,False,OIL
BPCL/OIL,BPCL,OIL,300,0.2955,0.8467,1.0253,34.8,0.451,0.113,0.14,False,OIL
IOC/HINDPETRO,IOC,HINDPETRO,496,0.1298,0.6777,1.0367,28.7,0.693,0.435,1.7,False,OIL
IOC/GAIL,IOC,GAIL,493,0.8754,0.9506,1.0131,41.0,0.415,0.825,2.35,False,OIL
IOC/PETRONET,IOC,PETRONET,251,0.6801,0.924,1.0198,77.0,0.541,0.085,1.93,False,OIL
IOC/OIL,IOC,OIL,300,0.2772,0.9197,1.0101,29.2,0.44,0.135,0.98,False,OIL
HINDPETRO/GAIL,HINDPETRO,GAIL,251,0.7278,0.8203,0.9881,67.0,0.504,0.058,0.72,False,OIL
HINDPETRO/PETRONET,HINDPETRO,PETRONET,251,0.3947,0.6563,1.0168,49.5,0.487,0.071,-0.71,False,OIL
HINDPETRO/OIL,HINDPETRO,OIL,300,0.1806,0.6042,1.0078,24.8,0.352,0.134,-0.29,False,OIL
GAIL/PETRONET,GAIL,PETRONET,251,0.2832,0.4467,1.0177,22.9,0.568,0.242,-1.74,False,OIL
GAIL/OIL,GAIL,OIL,251,0.6985,0.6439,1.0033,38.5,0.491,0.062,-0.66,False,OIL
PETRONET/OIL,PETRONET,OIL,251,0.3615,0.2426,1.009,24.8,0.474,0.052,0.13,False,OIL
IDEA/INDUSTOWER,IDEA,INDUSTOWER,250,0.1023,0.9033,1.0317,48.6,0.66,0.006,1.4,False,TELECOM
LICI/HDFCLIFE,LICI,HDFCLIFE,251,0.0074,0.0782,1.0199,8.2,0.358,0.659,2.03,False,INSURANCE
LICI/ICICIGI,LICI,ICICIGI,251,0.0404,0.1007,0.9541,7.4,0.311,0.639,0.8,False,INSURANCE
LICI/MAXHEALTH,LICI,MAXHEALTH,251,0.0444,0.1858,0.9857,9.6,0.219,0.495,0.17,False,INSURANCE
SBILIFE/HDFCLIFE,SBILIFE,HDFCLIFE,497,0.4985,0.7223,1.0017,58.2,0.606,0.603,-0.9,False,INSURANCE
SBILIFE/ICICIPRULI,SBILIFE,ICICIPRULI,497,0.1962,0.3562,1.0209,36.2,0.507,0.787,1.58,False,INSURANCE
SBILIFE/ICICIGI,SBILIFE,ICICIGI,497,0.6594,0.6132,0.9953,61.4,0.481,0.863,2.77,False,INSURANCE
HDFCLIFE/ICICIPRULI,HDFCLIFE,ICICIPRULI,497,0.42,0.2787,0.9991,61.3,0.583,0.687,1.57,False,INSURANCE
HDFCLIFE/ICICIGI,HDFCLIFE,ICICIGI,743,0.5123,0.4819,1.0167,100.8,0.409,0.56,-2.64,False,INSURANCE
HDFCLIFE/MAXHEALTH,HDFCLIFE,MAXHEALTH,300,0.4445,0.5345,0.9832,22.2,0.243,0.221,-2.5,False,INSURANCE
ICICIPRULI/ICICIGI,ICICIPRULI,ICICIGI,497,0.2987,0.2612,1.0102,39.7,0.417,0.85,-0.55,False,INSURANCE
ICICIGI/MAXHEALTH,ICICIGI,MAXHEALTH,300,0.0172,0.3287,0.9741,10.4,0.227,0.273,-0.91,False,INSURANCE
HAL/BEL,HAL,BEL,497,0.6303,0.5489,0.9993,103.5,0.561,0.608,-0.51,False,DEFENCE
ABB/SIEMENS,ABB,SIEMENS,551,0.9429,0.8182,1.0209,626.3,0.605,0.877,1.76,False,CAPITAL_GOODS
ABB/BHEL,ABB,BHEL,309,0.3232,0.6823,1.0158,32.3,0.385,0.224,1.88,False,CAPITAL_GOODS
ABB/CUMMINSIND,ABB,CUMMINSIND,551,0.6957,0.8225,0.9998,90.2,0.255,0.62,0.99,False,CAPITAL_GOODS
ABB/HAVELLS,ABB,HAVELLS,551,0.2899,0.0262,1.01,53.2,0.361,0.917,1.06,False,CAPITAL_GOODS
ABB/POLYCAB,ABB,POLYCAB,497,0.2751,0.5262,1.0179,40.7,0.336,0.791,-0.2,False,CAPITAL_GOODS
ABB/CROMPTON,ABB,CROMPTON,551,0.2421,0.3417,1.0014,51.2,0.206,0.677,0.21,False,CAPITAL_GOODS
ABB/VOLTAS,ABB,VOLTAS,551,0.1339,0.4413,1.0317,42.4,0.207,0.745,0.47,False,CAPITAL_GOODS
ABB/DIXON,ABB,DIXON,309,0.7895,0.7817,1.0212,138.8,0.426,0.069,0.71,False,CAPITAL_GOODS
SIEMENS/CGPOWER,SIEMENS,CGPOWER,300,0.2468,0.3035,0.9898,49.8,0.46,0.013,-1.63,False,CAPITAL_GOODS
SIEMENS/BHEL,SIEMENS,BHEL,501,0.8086,0.9442,1.0135,220.6,0.455,0.09,1.31,False,CAPITAL_GOODS
SIEMENS/CUMMINSIND,SIEMENS,CUMMINSIND,743,0.9125,0.9344,1.0224,641.8,0.484,0.092,-0.53,False,CAPITAL_GOODS
SIEMENS/HAVELLS,SIEMENS,HAVELLS,743,0.5351,0.3629,1.0077,123.9,0.339,0.615,0.39,False,CAPITAL_GOODS
SIEMENS/POLYCAB,SIEMENS,POLYCAB,497,0.3123,0.4837,0.9996,59.8,0.415,0.773,-0.47,False,CAPITAL_GOODS
SIEMENS/CROMPTON,SIEMENS,CROMPTON,743,0.2593,0.3162,1.0052,72.0,0.191,0.651,-0.88,False,CAPITAL_GOODS
SIEMENS/VOLTAS,SIEMENS,VOLTAS,743,0.6284,0.8605,1.0176,145.1,0.197,0.399,-0.77,False,CAPITAL_GOODS
SIEMENS/DIXON,SIEMENS,DIXON,501,0.6379,0.8863,1.0169,196.6,0.372,0.038,-0.31,False,CAPITAL_GOODS
SIEMENS/KEI,SIEMENS,KEI,300,0.357,0.3347,1.0131,44.2,0.352,0.021,-0.82,False,CAPITAL_GOODS
CGPOWER/BHEL,CGPOWER,BHEL,300,0.5408,0.4902,1.0144,45.0,0.566,0.096,2.45,False,CAPITAL_GOODS
CGPOWER/CUMMINSIND,CGPOWER,CUMMINSIND,300,0.7613,0.3768,0.99,78.6,0.487,0.179,1.37,False,CAPITAL_GOODS
CGPOWER/HAVELLS,CGPOWER,HAVELLS,300,0.3133,0.5299,1.0079,26.5,0.447,0.188,1.33,False,CAPITAL_GOODS
CGPOWER/CROMPTON,CGPOWER,CROMPTON,300,0.7299,0.4751,0.974,81.9,0.361,0.035,0.33,False,CAPITAL_GOODS
CGPOWER/VOLTAS,CGPOWER,VOLTAS,300,0.3736,0.463,1.0093,23.3,0.359,0.157,0.59,False,CAPITAL_GOODS
CGPOWER/DIXON,CGPOWER,DIXON,300,0.7651,0.3591,1.0319,54.5,0.485,0.467,1.1,False,CAPITAL_GOODS
CGPOWER/KEI,CGPOWER,KEI,300,0.4087,0.4276,1.0304,29.8,0.442,0.274,0.66,False,CAPITAL_GOODS
BHEL/CUMMINSIND,BHEL,CUMMINSIND,501,0.0601,0.2746,0.9892,28.5,0.549,0.356,-1.76,False,CAPITAL_GOODS
BHEL/HAVELLS,BHEL,HAVELLS,501,0.352,0.3746,0.9854,44.8,0.453,0.221,-0.99,False,CAPITAL_GOODS
BHEL/POLYCAB,BHEL,POLYCAB,255,0.415,0.9702,0.9944,36.6,0.56,0.119,1.3,False,CAPITAL_GOODS
BHEL/CROMPTON,BHEL,CROMPTON,501,0.7673,0.6679,0.9927,111.7,0.324,0.066,-2.51,False,CAPITAL_GOODS
BHEL/VOLTAS,BHEL,VOLTAS,501,0.206,0.3578,1.0191,38.1,0.304,0.039,-2.07,False,CAPITAL_GOODS
BHEL/DIXON,BHEL,DIXON,501,0.2869,0.1449,1.02,80.5,0.477,0.099,-2.14,False,CAPITAL_GOODS
BHEL/KEI,BHEL,KEI,300,0.416,0.6475,1.0203,33.5,0.426,0.241,-2.55,False,CAPITAL_GOODS
CUMMINSIND/HAVELLS,CUMMINSIND,HAVELLS,743,0.9555,0.9731,1.026,7032.6,0.307,0.428,0.78,False,CAPITAL_GOODS
CUMMINSIND/POLYCAB,CUMMINSIND,POLYCAB,497,0.4991,0.6721,1.0053,71.3,0.336,0.719,1.15,False,CAPITAL_GOODS
CUMMINSIND/CROMPTON,CUMMINSIND,CROMPTON,748,0.9748,0.976,0.9963,9955.4,0.246,0.122,-0.75,False,CAPITAL_GOODS
CUMMINSIND/VOLTAS,CUMMINSIND,VOLTAS,748,0.3538,0.6969,1.0216,70.6,0.247,0.68,-0.43,False,CAPITAL_GOODS
CUMMINSIND/DIXON,CUMMINSIND,DIXON,501,0.7038,0.7934,1.0082,142.9,0.379,0.047,0.02,False,CAPITAL_GOODS
CUMMINSIND/KEI,CUMMINSIND,KEI,300,0.2877,0.6593,1.0221,27.8,0.328,0.429,-0.61,False,CAPITAL_GOODS
HAVELLS/POLYCAB,HAVELLS,POLYCAB,497,0.2345,0.4182,1.011,55.9,0.34,0.757,0.87,False,CAPITAL_GOODS
HAVELLS/CROMPTON,HAVELLS,CROMPTON,743,0.1732,0.041,1.001,37.5,0.423,0.751,-2.54,False,CAPITAL_GOODS
HAVELLS/VOLTAS,HAVELLS,VOLTAS,743,0.7356,0.5445,1.041,173.5,0.419,0.697,-1.76,False,CAPITAL_GOODS
HAVELLS/DIXON,HAVELLS,DIXON,501,0.2303,0.6933,1.0072,93.9,0.429,0.001,-1.14,False,CAPITAL_GOODS
HAVELLS/KEI,HAVELLS,KEI,300,0.7152,0.1754,1.0091,96.6,0.566,0.001,-1.67,False,CAPITAL_GOODS
POLYCAB/CROMPTON,POLYCAB,CROMPTON,497,0.1264,0.2298,1.001,40.8,0.236,0.669,-0.79,False,CAPITAL_GOODS
POLYCAB/VOLTAS,POLYCAB,VOLTAS,497,0.3655,0.3406,1.0147,64.8,0.206,0.718,0.91,False,CAPITAL_GOODS
POLYCAB/DIXON,POLYCAB,DIXON,255,0.8397,0.7718,0.9627,133.9,0.492,0.586,-0.82,False,CAPITAL_GOODS
CROMPTON/VOLTAS,CROMPTON,VOLTAS,748,0.5885,0.8555,1.0236,110.2,0.336,0.475,0.58,False,CAPITAL_GOODS
CROMPTON/DIXON,CROMPTON,DIXON,501,0.2215,0.9359,1.0371,83.1,0.37,0.03,1.26,False,CAPITAL_GOODS
CROMPTON/KEI,CROMPTON,KEI,300,0.7166,0.4261,1.0347,124.3,0.348,0.063,0.38,False,CAPITAL_GOODS
VOLTAS/DIXON,VOLTAS,DIXON,501,0.2782,0.614,1.0371,75.0,0.325,0.151,0.56,False,CAPITAL_GOODS
VOLTAS/KEI,VOLTAS,KEI,300,0.1609,0.319,0.9962,25.9,0.306,0.255,-0.2,False,CAPITAL_GOODS
DIXON/KEI,DIXON,KEI,300,0.9053,0.9187,1.0383,96.0,0.412,0.02,-1.02,False,CAPITAL_GOODS
