strategy,symbol,entry_date,exit_date,pnl_pct,portfolio_pnl,days_held,exit_reason
BREAKOUT,ULTRACEMCO,2023-03-29,2023-04-05,2.2962,8037.0,7,time_stop
BREAKOUT,ZYDUSLIFE,2023-03-29,2023-04-05,1.5863,5597.0,7,time_stop
PAIR,DRREDDY/AUROPHARMA,2023-03-29,2023-04-13,-2.236,-7933.0,15,time_stop
PAIR,BAJAJFINSV/MUTHOOTFIN,2023-03-29,2023-04-13,1.6941,5963.0,15,time_stop
PAIR,WIPRO/LTIM,2023-04-05,2023-04-13,1.7259,6111.0,8,z_revert
PAIR,HDFCLIFE/SBILIFE,2023-04-05,2023-04-20,-1.0545,-3757.0,15,time_stop
BREAKOUT,GODREJPROP,2023-04-13,2023-04-20,-0.0934,-331.0,7,time_stop
BREAKOUT,TVSMOTOR,2023-04-13,2023-04-20,-2.7027,-9589.0,7,time_stop
BREAKOUT,ICICIPRULI,2023-04-20,2023-04-21,-2.9701,-10438.0,1,stoploss
BREAKOUT,PAGEIND,2023-04-20,2023-04-25,3.3122,11519.0,5,target
BREAKOUT,TRENT,2023-04-20,2023-04-27,-0.9253,-3255.0,7,time_stop
PAIR,DRREDDY/AUROPHARMA,2023-04-13,2023-04-28,-3.8665,-13559.0,15,time_stop
BREAKOUT,PNB,2023-04-28,2023-05-05,0.0,0.0,7,time_stop
PAIR,WIPRO/LTIM,2023-04-21,2023-05-08,2.483,8589.0,17,time_stop
PAIR,AXISBANK/BANKBARODA,2023-04-25,2023-05-09,2.1995,7675.0,14,z_revert
PAIR,ICICIGI/SBILIFE,2023-04-27,2023-05-12,0.5054,1777.0,15,time_stop
BREAKOUT,TVSMOTOR,2023-05-05,2023-05-12,1.6969,5977.0,7,time_stop
PAIR,CIPLA/AUROPHARMA,2023-05-09,2023-05-18,-0.1187,-421.0,9,z_revert
PAIR,BAJFINANCE/BAJAJFINSV,2023-05-08,2023-05-23,0.0868,307.0,15,time_stop
PAIR,DRREDDY/ZYDUSLIFE,2023-05-12,2023-05-29,1.114,3947.0,17,time_stop
PAIR,SUNPHARMA/LUPIN,2023-05-12,2023-05-29,-1.624,-5776.0,17,time_stop
PAIR,ONGC/GAIL,2023-05-18,2023-05-29,2.3133,8181.0,11,z_revert
BREAKOUT,COALINDIA,2023-05-29,2023-05-31,-3.0645,-10926.0,2,stoploss
BREAKOUT,ICICIPRULI,2023-05-29,2023-06-05,4.7174,16638.0,7,time_stop
BREAKOUT,LUPIN,2023-05-29,2023-06-05,1.6147,5789.0,7,time_stop
PAIR,RELIANCE/IOC,2023-05-23,2023-06-07,-0.3232,-1165.0,15,time_stop
PAIR,CIPLA/LUPIN,2023-06-05,2023-06-09,0.4649,1674.0,4,z_revert
PAIR,WIPRO/MPHASIS,2023-06-09,2023-06-12,1.162,4192.0,3,z_revert
PAIR,DRREDDY/AUROPHARMA,2023-05-31,2023-06-15,1.3993,5068.0,15,time_stop
BREAKOUT,RECLTD,2023-06-12,2023-06-19,-0.677,-2464.0,7,time_stop
PAIR,CIPLA/AUROPHARMA,2023-06-15,2023-06-19,1.0512,3817.0,4,z_revert
PAIR,LICHSGFIN/PFC,2023-06-05,2023-06-20,-0.9135,-3329.0,15,time_stop
PAIR,HDFCLIFE/ICICIPRULI,2023-06-07,2023-06-22,-1.7906,-6505.0,15,time_stop
BREAKOUT,JINDALSTEL,2023-06-20,2023-06-23,-4.292,-15494.0,3,stoploss
PAIR,BAJFINANCE/BAJAJFINSV,2023-06-22,2023-07-03,0.821,2919.0,11,z_revert
PAIR,WIPRO/LTIM,2023-06-19,2023-07-04,0.4626,1649.0,15,time_stop
PAIR,SUNPHARMA/AUROPHARMA,2023-06-19,2023-07-04,-0.2216,-791.0,15,time_stop
BREAKOUT,PNB,2023-07-03,2023-07-04,5.9963,21400.0,1,target
PAIR,LICHSGFIN/MANAPPURAM,2023-06-23,2023-07-10,-3.0257,-11025.0,17,time_stop
PAIR,CIPLA/LUPIN,2023-07-04,2023-07-19,-1.4145,-5100.0,15,time_stop
PAIR,ULTRACEMCO/AMBUJACEM,2023-07-04,2023-07-19,-0.7031,-2522.0,15,time_stop
PAIR,AXISBANK/BANKBARODA,2023-07-04,2023-07-19,0.3891,1392.0,15,time_stop
PAIR,RELIANCE/GAIL,2023-07-10,2023-07-20,2.7161,9733.0,10,z_revert
BREAKOUT,PNB,2023-07-19,2023-07-21,-2.7972,-10119.0,2,stoploss
BREAKOUT,MPHASIS,2023-07-19,2023-07-21,7.3735,26412.0,2,target
PAIR,CIPLA/LUPIN,2023-07-19,2023-07-25,1.0166,3735.0,6,z_revert
PAIR,ICICIGI/ICICIPRULI,2023-07-20,2023-07-26,3.8126,14059.0,6,z_revert
PAIR,CIPLA/AUROPHARMA,2023-07-26,2023-07-27,1.8408,6879.0,1,z_revert
BREAKOUT,LT,2023-07-21,2023-07-28,1.9657,7393.0,7,time_stop
BREAKOUT,GAIL,2023-07-25,2023-07-31,3.0446,11529.0,6,target
BREAKOUT,ZYDUSLIFE,2023-07-27,2023-07-31,-2.0678,-7914.0,4,stoploss
PAIR,DRREDDY/AUROPHARMA,2023-07-28,2023-08-01,1.8484,7023.0,4,z_revert
BREAKOUT,RECLTD,2023-07-31,2023-08-02,-3.4927,-13356.0,2,stoploss
PAIR,WIPRO/MPHASIS,2023-07-21,2023-08-07,0.8279,3127.0,17,time_stop
BREAKOUT,NTPC,2023-07-31,2023-08-07,0.0,0.0,7,time_stop
PAIR,RELIANCE/GAIL,2023-08-01,2023-08-14,4.343,16452.0,13,z_revert
PAIR,ULTRACEMCO/AMBUJACEM,2023-08-07,2023-08-16,4.1917,16120.0,9,z_revert
PAIR,BAJAJFINSV/MUTHOOTFIN,2023-08-02,2023-08-17,1.563,6099.0,15,time_stop
PAIR,DRREDDY/AUROPHARMA,2023-08-07,2023-08-17,2.3106,9066.0,10,z_revert
BREAKOUT,MANAPPURAM,2023-08-17,2023-08-18,-3.6518,-14444.0,1,stoploss
PAIR,ONGC/GAIL,2023-08-18,2023-08-22,1.6578,6473.0,4,z_revert
PAIR,TATASTEEL/SAIL,2023-08-14,2023-08-29,0.0734,288.0,15,time_stop
PAIR,TCS/WIPRO,2023-08-22,2023-08-30,1.0842,4259.0,8,z_revert
PAIR,SUNPHARMA/LUPIN,2023-08-16,2023-08-31,-0.8224,-3243.0,15,time_stop
PAIR,DRREDDY/ZYDUSLIFE,2023-08-17,2023-08-31,0.6799,2673.0,14,z_revert
BREAKOUT,MARUTI,2023-08-31,2023-09-01,3.6647,14444.0,1,target
PAIR,LICHSGFIN/MANAPPURAM,2023-08-31,2023-09-04,3.4055,13594.0,4,z_revert
BREAKOUT,COALINDIA,2023-09-04,2023-09-06,3.0516,12327.0,2,target
PAIR,AXISBANK/FEDERALBNK,2023-08-29,2023-09-12,1.8042,7366.0,14,z_revert
PAIR,HEROMOTOCO/TVSMOTOR,2023-08-30,2023-09-14,-1.2077,-4962.0,15,time_stop
PAIR,RELIANCE/GAIL,2023-09-01,2023-09-18,-0.3823,-1564.0,17,time_stop
BREAKOUT,TCS,2023-09-12,2023-09-20,0.8062,3294.0,8,time_stop
PAIR,DRREDDY/AUROPHARMA,2023-09-06,2023-09-21,-0.0283,-116.0,15,time_stop
BREAKOUT,NMDC,2023-09-14,2023-09-21,-4.5394,-18596.0,7,time_stop
BREAKOUT,PNB,2023-09-18,2023-09-21,-2.5275,-10190.0,3,stoploss
PAIR,WIPRO/TECHM,2023-09-21,2023-09-22,-1.4173,-5664.0,1,z_stop
PAIR,WIPRO/TECHM,2023-09-22,2023-10-04,1.9912,7917.0,12,z_revert
PAIR,CIPLA/LUPIN,2023-09-20,2023-10-05,-3.1231,-12504.0,15,time_stop
PAIR,RELIANCE/IOC,2023-09-21,2023-10-06,0.5287,2094.0,15,time_stop
PAIR,LICHSGFIN/PFC,2023-09-21,2023-10-06,2.1634,8583.0,15,time_stop
PAIR,WIPRO/MPHASIS,2023-10-06,2023-10-11,1.7609,7039.0,5,z_revert
PAIR,BAJFINANCE/BAJAJFINSV,2023-10-04,2023-10-12,2.1537,8662.0,8,z_revert
PAIR,CIPLA/AUROPHARMA,2023-10-05,2023-10-18,0.9979,4044.0,13,z_revert
BREAKOUT,TVSMOTOR,2023-10-12,2023-10-19,0.335,1362.0,7,time_stop
PAIR,SUNPHARMA/LUPIN,2023-10-06,2023-10-23,-0.6104,-2485.0,17,time_stop
PAIR,RELIANCE/GAIL,2023-10-18,2023-10-23,2.6233,10657.0,5,z_revert
PAIR,SUNPHARMA/LUPIN,2023-10-23,2023-10-25,0.9642,3953.0,2,z_revert
PAIR,DRREDDY/ZYDUSLIFE,2023-10-11,2023-10-26,-1.0528,-4331.0,15,time_stop
PAIR,WIPRO/LTIM,2023-10-19,2023-11-01,2.4559,10066.0,13,z_revert
PAIR,LICHSGFIN/MANAPPURAM,2023-10-25,2023-11-02,1.5587,6443.0,8,z_revert
PAIR,AXISBANK/BANKBARODA,2023-10-26,2023-11-03,2.8901,12012.0,8,z_revert
PAIR,HDFCLIFE/ICICIGI,2023-10-23,2023-11-07,0.4505,1891.0,15,time_stop
PAIR,RELIANCE/IOC,2023-11-01,2023-11-07,-5.4988,-23122.0,6,z_stop
PAIR,CIPLA/AUROPHARMA,2023-11-03,2023-11-07,2.4997,10309.0,4,z_revert
BREAKOUT,OBEROIRLTY,2023-11-02,2023-11-09,3.797,15796.0,7,time_stop
PAIR,AXISBANK/BANKBARODA,2023-11-07,2023-11-17,2.3982,10109.0,10,z_revert
PAIR,RELIANCE/IOC,2023-11-07,2023-11-22,2.5069,10656.0,15,time_stop
PAIR,LICHSGFIN/PFC,2023-11-07,2023-11-22,-10.8097,-46353.0,15,time_stop
BREAKOUT,CIPLA,2023-11-22,2023-11-23,-7.9428,-32771.0,1,stoploss
PAIR,DRREDDY/AUROPHARMA,2023-11-09,2023-11-24,-2.9311,-11757.0,15,time_stop
BREAKOUT,LUPIN,2023-11-24,2023-12-01,5.0187,19924.0,7,time_stop
PAIR,BAJFINANCE/BAJAJFINSV,2023-11-17,2023-12-04,-1.3948,-5634.0,17,time_stop
BREAKOUT,NTPC,2023-12-01,2023-12-05,5.7554,23137.0,4,target
PAIR,LICHSGFIN/MANAPPURAM,2023-11-22,2023-12-07,1.7961,7366.0,15,time_stop
PAIR,ONGC/BPCL,2023-11-23,2023-12-08,-5.6755,-23422.0,15,time_stop
BREAKOUT,ZYDUSLIFE,2023-12-07,2023-12-08,-3.2689,-13222.0,1,stoploss
BREAKOUT,NTPC,2023-12-05,2023-12-12,-0.5407,-2162.0,7,time_stop
PAIR,TATASTEEL/SAIL,2023-12-08,2023-12-14,-5.697,-22737.0,6,z_stop
PAIR,RELIANCE/GAIL,2023-12-04,2023-12-19,1.782,6970.0,15,time_stop
PAIR,CIPLA/AUROPHARMA,2023-12-08,2023-12-19,0.0215,85.0,11,z_revert
BREAKOUT,COALINDIA,2023-12-19,2023-12-20,-4.5116,-17758.0,1,stoploss
PAIR,HDFCLIFE/ICICIPRULI,2023-12-12,2023-12-22,1.6242,6292.0,10,z_revert
PAIR,WIPRO/MPHASIS,2023-12-20,2023-12-22,1.4964,5830.0,2,z_revert
PAIR,TCS/WIPRO,2023-12-22,2023-12-26,-1.1187,-4381.0,4,z_stop
PAIR,TATASTEEL/SAIL,2023-12-14,2023-12-29,-2.9232,-11403.0,15,time_stop
PAIR,CIPLA/AUROPHARMA,2023-12-22,2024-01-02,0.7378,2849.0,11,z_revert
BREAKOUT,HEROMOTOCO,2023-12-26,2024-01-02,0.8441,3268.0,7,time_stop
PAIR,DRREDDY/ZYDUSLIFE,2023-12-19,2024-01-03,0.7739,3005.0,15,time_stop
BREAKOUT,ITC,2024-01-03,2024-01-08,-2.4001,-9344.0,5,stoploss
PAIR,RELIANCE/GAIL,2023-12-29,2024-01-11,3.3306,12857.0,13,z_revert
PAIR,WIPRO/LTIM,2024-01-02,2024-01-12,1.1327,4424.0,10,z_revert
PAIR,SUNPHARMA/LUPIN,2024-01-02,2024-01-17,0.0948,372.0,15,time_stop
BREAKOUT,HEROMOTOCO,2024-01-11,2024-01-18,1.4238,5584.0,7,time_stop
PAIR,BAJFINANCE/BAJAJFINSV,2024-01-08,2024-01-23,0.8321,3280.0,15,time_stop
MEAN_REV,NESTLEIND,2024-01-12,2024-01-23,-3.9266,-15522.0,11,time_stop
PAIR,RELIANCE/IOC,2024-01-17,2024-01-29,2.0935,8162.0,12,z_revert
BREAKOUT,SUNPHARMA,2024-01-23,2024-01-30,0.0692,272.0,7,time_stop
PAIR,ICICIGI/ICICIPRULI,2024-01-18,2024-02-02,0.0684,269.0,15,time_stop
MEAN_REV,NESTLEIND,2024-01-23,2024-02-02,1.3576,5334.0,10,time_stop
BREAKOUT,LICHSGFIN,2024-01-30,2024-02-05,3.6337,14346.0,6,target
BREAKOUT,COALINDIA,2024-02-05,2024-02-08,4.3831,17524.0,3,target
PAIR,AXISBANK/BANKBARODA,2024-01-29,2024-02-13,-4.8515,-19694.0,15,time_stop
BREAKOUT,WIPRO,2024-02-13,2024-02-16,6.0423,24112.0,3,target
PAIR,DRREDDY/AUROPHARMA,2024-02-02,2024-02-19,-2.8733,-11709.0,17,time_stop
PAIR,BAJFINANCE/BAJAJFINSV,2024-02-02,2024-02-19,-0.0569,-230.0,17,time_stop
MEAN_REV,NESTLEIND,2024-02-08,2024-02-19,3.8627,15579.0,11,time_stop
PAIR,AXISBANK/FEDERALBNK,2024-02-16,2024-02-22,4.66,19049.0,6,z_revert
BREAKOUT,MARUTI,2024-02-19,2024-02-26,-0.0218,-90.0,7,time_stop
BREAKOUT,GODREJPROP,2024-02-23,2024-02-28,-4.4524,-18496.0,5,stoploss
MEAN_REV,NESTLEIND,2024-02-19,2024-02-29,2.9761,12170.0,10,time_stop
PAIR,DRREDDY/ZYDUSLIFE,2024-02-19,2024-03-05,-3.2849,-13573.0,15,time_stop
PAIR,BAJAJFINSV/MUTHOOTFIN,2024-02-26,2024-03-05,4.0844,16682.0,8,z_revert
PAIR,LICHSGFIN/MANAPPURAM,2024-02-28,2024-03-05,2.9783,12339.0,6,z_revert
BREAKOUT,ICICIPRULI,2024-03-05,2024-03-06,3.9474,16524.0,1,target
MEAN_REV,NESTLEIND,2024-02-29,2024-03-11,1.1035,4683.0,11,time_stop
BREAKOUT,ONGC,2024-03-05,2024-03-11,-3.4077,-14517.0,6,stoploss
BREAKOUT,BANKBARODA,2024-03-05,2024-03-12,-2.2731,-9569.0,7,time_stop
PAIR,LICHSGFIN/MANAPPURAM,2024-03-11,2024-03-14,2.3039,9621.0,3,z_revert
PAIR,BAJFINANCE/MUTHOOTFIN,2024-03-06,2024-03-15,3.3898,14270.0,9,z_revert
PAIR,M&M/HEROMOTOCO,2024-03-15,2024-03-18,1.7743,7558.0,3,z_revert
BREAKOUT,TCS,2024-03-12,2024-03-19,-5.2152,-22352.0,7,time_stop
BREAKOUT,COLPAL,2024-03-14,2024-03-19,-2.6099,-10982.0,5,stoploss
PAIR,POWERGRID/RECLTD,2024-03-18,2024-03-19,-0.0878,-366.0,1,z_revert
PAIR,POWERGRID/RECLTD,2024-03-19,2024-03-20,1.656,6902.0,1,z_revert
PAIR,INDUSINDBK/BANKBARODA,2024-03-19,2024-03-20,0.1096,459.0,1,z_revert
PAIR,POWERGRID/RECLTD,2024-03-20,2024-03-21,-1.483,-6219.0,1,z_revert
PAIR,INDUSINDBK/BANKBARODA,2024-03-20,2024-03-21,0.1849,771.0,1,z_revert
PAIR,POWERGRID/RECLTD,2024-03-21,2024-03-22,-0.4956,-2069.0,1,z_revert
PAIR,INDUSINDBK/BANKBARODA,2024-03-21,2024-03-22,0.1716,715.0,1,z_revert
PAIR,WIPRO/MPHASIS,2024-03-11,2024-03-26,1.43,5963.0,15,time_stop
PAIR,TATASTEEL/SAIL,2024-03-19,2024-03-27,3.4306,14377.0,8,z_revert
PAIR,POWERGRID/RECLTD,2024-03-22,2024-03-27,0.5246,2225.0,5,z_revert
PAIR,INDUSINDBK/BANKBARODA,2024-03-26,2024-03-27,1.0545,4480.0,1,z_revert
PAIR,POWERGRID/RECLTD,2024-03-27,2024-03-28,0.0515,220.0,1,z_revert
PAIR,INDUSINDBK/BANKBARODA,2024-03-27,2024-03-28,-0.3063,-1307.0,1,z_revert
BREAKOUT,MARUTI,2024-03-22,2024-04-01,2.1137,9006.0,10,time_stop
PAIR,INFY/PERSISTENT,2024-03-28,2024-04-01,0.0095,41.0,4,z_stop
PAIR,POWERGRID/RECLTD,2024-03-28,2024-04-01,-0.5897,-2531.0,4,z_revert
BREAKOUT,MUTHOOTFIN,2024-04-01,2024-04-03,4.1577,17810.0,2,target
PAIR,POWERGRID/RECLTD,2024-04-01,2024-04-08,1.1044,4800.0,7,z_revert
PAIR,BAJFINANCE/BAJAJFINSV,2024-03-27,2024-04-09,2.7034,11794.0,13,z_revert
PAIR,POWERGRID/RECLTD,2024-04-08,2024-04-09,1.2771,5625.0,1,z_revert
BREAKOUT,MANAPPURAM,2024-04-03,2024-04-10,0.2815,1245.0,7,time_stop
PAIR,POWERGRID/RECLTD,2024-04-09,2024-04-10,-0.5471,-2423.0,1,z_revert
BREAKOUT,VEDL,2024-04-09,2024-04-10,6.8416,30237.0,1,target
PAIR,POWERGRID/RECLTD,2024-04-10,2024-04-12,-0.2791,-1263.0,2,z_revert
PAIR,BAJAJ-AUTO/HEROMOTOCO,2024-04-10,2024-04-12,0.9936,4492.0,2,z_revert
PAIR,INDUSINDBK/BANKBARODA,2024-04-10,2024-04-12,0.5266,2389.0,2,z_revert
PAIR,POWERGRID/RECLTD,2024-04-12,2024-04-15,1.019,4631.0,3,z_revert
PAIR,BAJAJ-AUTO/HEROMOTOCO,2024-04-12,2024-04-15,0.3023,1379.0,3,z_revert
PAIR,INFY/PERSISTENT,2024-04-01,2024-04-16,0.9243,4220.0,15,time_stop
PAIR,POWERGRID/RECLTD,2024-04-15,2024-04-16,-0.06,-275.0,1,z_revert
PAIR,BAJAJ-AUTO/HEROMOTOCO,2024-04-15,2024-04-16,0.4122,1888.0,1,z_revert
BREAKOUT,VEDL,2024-04-12,2024-04-18,4.0005,18349.0,6,target
PAIR,POWERGRID/RECLTD,2024-04-16,2024-04-18,1.0675,4965.0,2,z_revert
PAIR,BAJAJ-AUTO/HEROMOTOCO,2024-04-16,2024-04-18,1.28,5975.0,2,z_revert
PAIR,INDUSINDBK/BANKBARODA,2024-04-16,2024-04-18,-1.3398,-6283.0,2,z_revert
PAIR,POWERGRID/RECLTD,2024-04-18,2024-04-19,0.6828,3187.0,1,z_revert
PAIR,BAJAJ-AUTO/HEROMOTOCO,2024-04-18,2024-04-19,-0.9649,-4514.0,1,z_revert
PAIR,INDUSINDBK/BANKBARODA,2024-04-18,2024-04-19,0.5247,2446.0,1,z_revert
PAIR,POWERGRID/RECLTD,2024-04-19,2024-04-22,-0.785,-3667.0,3,z_revert
PAIR,BAJAJ-AUTO/HEROMOTOCO,2024-04-19,2024-04-22,-1.0681,-4976.0,3,z_revert
PAIR,POWERGRID/RECLTD,2024-04-22,2024-04-23,0.2167,1006.0,1,z_revert
PAIR,BAJAJ-AUTO/HEROMOTOCO,2024-04-22,2024-04-23,-0.2753,-1278.0,1,z_revert
PAIR,POWERGRID/RECLTD,2024-04-23,2024-04-24,0.3108,1442.0,1,z_revert
PAIR,BAJAJ-AUTO/HEROMOTOCO,2024-04-23,2024-04-24,-1.0663,-4953.0,1,z_revert
PAIR,POWERGRID/RECLTD,2024-04-24,2024-04-25,-0.8627,-3992.0,1,z_revert
PAIR,BAJAJ-AUTO/HEROMOTOCO,2024-04-24,2024-04-25,-1.0421,-4808.0,1,z_revert
PAIR,POWERGRID/RECLTD,2024-04-25,2024-04-26,-0.5733,-2635.0,1,z_revert
PAIR,BAJAJ-AUTO/HEROMOTOCO,2024-04-25,2024-04-26,1.0082,4625.0,1,z_revert
PAIR,POWERGRID/RECLTD,2024-04-26,2024-04-29,-0.5355,-2465.0,3,z_revert
PAIR,BAJAJ-AUTO/HEROMOTOCO,2024-04-26,2024-04-29,-0.544,-2500.0,3,z_revert
PAIR,BAJAJ-AUTO/HEROMOTOCO,2024-04-29,2024-04-30,-0.2775,-1273.0,1,z_revert
PAIR,BAJAJ-AUTO/HEROMOTOCO,2024-04-30,2024-05-02,1.0131,4642.0,2,z_revert
PAIR,JSWSTEEL/HINDALCO,2024-04-18,2024-05-03,-1.0604,-4876.0,15,time_stop
PAIR,BAJAJ-AUTO/HEROMOTOCO,2024-05-02,2024-05-03,0.2398,1099.0,1,z_revert
PAIR,INDUSINDBK/BANKBARODA,2024-04-19,2024-05-06,-1.157,-5305.0,17,time_stop
PAIR,BAJAJ-AUTO/HEROMOTOCO,2024-05-03,2024-05-06,0.2698,1232.0,3,z_revert
PAIR,POWERGRID/RECLTD,2024-04-29,2024-05-14,-3.5042,-16016.0,15,time_stop
PAIR,DLF/GODREJPROP,2024-05-03,2024-05-18,-7.1923,-32470.0,15,time_stop
PAIR,BAJAJ-AUTO/HEROMOTOCO,2024-05-06,2024-05-21,-7.2572,-31938.0,15,time_stop
PAIR,INDUSINDBK/BANKBARODA,2024-05-06,2024-05-21,-3.142,-13476.0,15,time_stop
PAIR,POWERGRID/RECLTD,2024-05-14,2024-05-21,0.2196,932.0,7,z_revert
PAIR,POWERGRID/RECLTD,2024-05-21,2024-05-22,0.8602,3652.0,1,z_revert
PAIR,JSWSTEEL/HINDALCO,2024-05-18,2024-06-03,-1.25,-5322.0,16,time_stop
PAIR,POWERGRID/RECLTD,2024-05-22,2024-06-04,3.2064,13593.0,13,z_revert
BREAKOUT,ASHOKLEY,2024-06-03,2024-06-04,-12.4501,-53373.0,1,stoploss
PAIR,BAJAJ-AUTO/HEROMOTOCO,2024-05-21,2024-06-05,-2.0962,-8595.0,15,time_stop
PAIR,DRREDDY/ZYDUSLIFE,2024-05-21,2024-06-05,2.1483,8744.0,15,time_stop
PAIR,POWERGRID/RECLTD,2024-06-04,2024-06-05,-0.1875,-769.0,1,z_revert
PAIR,POWERGRID/RECLTD,2024-06-05,2024-06-06,-2.9801,-12212.0,1,z_revert
PAIR,JSWSTEEL/HINDALCO,2024-06-04,2024-06-07,1.559,6322.0,3,z_revert
PAIR,POWERGRID/RECLTD,2024-06-06,2024-06-07,0.7871,3209.0,1,z_revert
BREAKOUT,TVSMOTOR,2024-06-05,2024-06-10,3.2937,13467.0,5,target
PAIR,POWERGRID/RECLTD,2024-06-07,2024-06-10,-0.4694,-1941.0,3,z_revert
BREAKOUT,WIPRO,2024-06-07,2024-06-10,-2.1426,-8846.0,3,stoploss
PAIR,POWERGRID/RECLTD,2024-06-10,2024-06-11,0.2853,1169.0,1,z_revert
PAIR,JSWSTEEL/HINDALCO,2024-06-10,2024-06-11,0.1075,441.0,1,z_revert
PAIR,POWERGRID/RECLTD,2024-06-11,2024-06-12,0.606,2487.0,1,z_revert
PAIR,JSWSTEEL/HINDALCO,2024-06-11,2024-06-12,0.2023,832.0,1,z_revert
PAIR,POWERGRID/RECLTD,2024-06-12,2024-06-13,-0.946,-3893.0,1,z_revert
PAIR,JSWSTEEL/HINDALCO,2024-06-12,2024-06-13,-0.6574,-2696.0,1,z_revert
PAIR,POWERGRID/RECLTD,2024-06-13,2024-06-14,-1.109,-4538.0,1,z_revert
PAIR,JSWSTEEL/HINDALCO,2024-06-13,2024-06-14,0.0993,405.0,1,z_revert
PAIR,POWERGRID/RECLTD,2024-06-14,2024-06-18,2.0068,8183.0,4,z_revert
PAIR,JSWSTEEL/HINDALCO,2024-06-14,2024-06-18,0.5927,2434.0,4,z_revert
PAIR,POWERGRID/RECLTD,2024-06-18,2024-06-19,0.4254,1751.0,1,z_revert
PAIR,BAJAJ-AUTO/HEROMOTOCO,2024-06-05,2024-06-20,1.7924,7386.0,15,time_stop
PAIR,POWERGRID/RECLTD,2024-06-19,2024-06-20,0.4742,1966.0,1,z_revert
PAIR,POWERGRID/RECLTD,2024-06-20,2024-06-21,-0.0571,-237.0,1,z_revert
PAIR,BAJAJ-AUTO/HEROMOTOCO,2024-06-20,2024-06-21,0.4046,1680.0,1,z_revert
PAIR,POWERGRID/RECLTD,2024-06-21,2024-06-24,0.0207,86.0,3,z_revert
PAIR,BAJAJ-AUTO/HEROMOTOCO,2024-06-21,2024-06-24,0.2126,884.0,3,z_revert
PAIR,BAJFINANCE/BAJAJFINSV,2024-06-10,2024-06-25,1.0829,4507.0,15,time_stop
BREAKOUT,MANAPPURAM,2024-06-18,2024-06-25,0.3637,1520.0,7,time_stop
PAIR,POWERGRID/RECLTD,2024-06-24,2024-06-25,-0.7472,-3126.0,1,z_revert
PAIR,BAJAJ-AUTO/HEROMOTOCO,2024-06-24,2024-06-25,-0.2037,-850.0,1,z_revert
PAIR,POWERGRID/RECLTD,2024-06-25,2024-06-26,0.3622,1510.0,1,z_revert
PAIR,JSWSTEEL/HINDALCO,2024-06-25,2024-06-26,0.218,910.0,1,z_revert
PAIR,BAJAJ-AUTO/HEROMOTOCO,2024-06-25,2024-06-26,-0.4581,-1914.0,1,z_revert
PAIR,POWERGRID/RECLTD,2024-06-26,2024-06-27,-0.308,-1285.0,1,z_revert
PAIR,JSWSTEEL/HINDALCO,2024-06-26,2024-06-27,0.4602,1917.0,1,z_revert
PAIR,VEDL/JINDALSTEL,2024-06-25,2024-06-28,1.0142,4233.0,3,z_revert
PAIR,POWERGRID/RECLTD,2024-06-27,2024-06-28,0.0663,278.0,1,z_revert
PAIR,JSWSTEEL/HINDALCO,2024-06-27,2024-06-28,-1.466,-6141.0,1,z_revert
PAIR,POWERGRID/RECLTD,2024-06-28,2024-07-01,-2.8846,-12022.0,3,z_revert
PAIR,JSWSTEEL/HINDALCO,2024-06-28,2024-07-01,0.7217,2977.0,3,z_revert
PAIR,POWERGRID/RECLTD,2024-07-01,2024-07-02,1.4217,5880.0,1,z_revert
PAIR,JSWSTEEL/HINDALCO,2024-07-01,2024-07-02,-0.6038,-2510.0,1,z_revert
BREAKOUT,GODREJPROP,2024-06-28,2024-07-03,3.6612,15186.0,5,target
PAIR,POWERGRID/RECLTD,2024-07-02,2024-07-03,-1.5062,-6327.0,1,z_revert
PAIR,JSWSTEEL/HINDALCO,2024-07-02,2024-07-03,0.8349,3489.0,1,z_revert
PAIR,JSWSTEEL/HINDALCO,2024-07-03,2024-07-04,-0.3062,-1283.0,1,z_revert
PAIR,VEDL/JINDALSTEL,2024-07-03,2024-07-04,0.3736,1564.0,1,z_revert
PAIR,BAJAJ-AUTO/HEROMOTOCO,2024-06-26,2024-07-05,-0.1633,-685.0,9,z_revert
PAIR,JSWSTEEL/HINDALCO,2024-07-04,2024-07-05,-0.1451,-608.0,1,z_revert
BREAKOUT,PERSISTENT,2024-07-04,2024-07-08,-3.2506,-13612.0,4,stoploss
PAIR,BAJAJ-AUTO/HEROMOTOCO,2024-07-05,2024-07-08,-0.273,-1130.0,3,z_revert
PAIR,JSWSTEEL/HINDALCO,2024-07-05,2024-07-08,-0.4309,-1782.0,3,z_revert
PAIR,BAJAJ-AUTO/HEROMOTOCO,2024-07-08,2024-07-10,0.0375,155.0,2,z_revert
PAIR,JSWSTEEL/HINDALCO,2024-07-08,2024-07-10,-0.0233,-96.0,2,z_revert
PAIR,JSWSTEEL/HINDALCO,2024-07-10,2024-07-11,-0.4256,-1758.0,1,z_revert
PAIR,JSWSTEEL/HINDALCO,2024-07-11,2024-07-12,0.8463,3490.0,1,z_revert
BREAKOUT,ONGC,2024-07-08,2024-07-15,7.5158,31084.0,7,time_stop
PAIR,BAJAJ-AUTO/HEROMOTOCO,2024-07-10,2024-07-15,-0.1538,-653.0,5,z_revert
PAIR,BAJAJ-AUTO/HEROMOTOCO,2024-07-15,2024-07-16,0.5045,2140.0,1,z_revert
PAIR,JSWSTEEL/HINDALCO,2024-07-15,2024-07-16,0.7218,3068.0,1,z_revert
PAIR,POWERGRID/RECLTD,2024-07-03,2024-07-18,-3.3607,-14319.0,15,time_stop
BREAKOUT,TCS,2024-07-12,2024-07-18,3.1119,13102.0,6,target
PAIR,BAJAJ-AUTO/HEROMOTOCO,2024-07-16,2024-07-18,0.0762,324.0,2,z_revert
PAIR,JSWSTEEL/HINDALCO,2024-07-16,2024-07-18,-0.1302,-554.0,2,z_revert
PAIR,BAJAJ-AUTO/HEROMOTOCO,2024-07-18,2024-07-19,-0.5006,-2130.0,1,z_revert
PAIR,JSWSTEEL/HINDALCO,2024-07-18,2024-07-19,-0.0739,-314.0,1,z_revert
PAIR,VEDL/JINDALSTEL,2024-07-18,2024-07-19,0.9174,3896.0,1,z_revert
PAIR,BAJAJ-AUTO/HEROMOTOCO,2024-07-19,2024-07-22,-0.2241,-955.0,3,z_revert
PAIR,JSWSTEEL/HINDALCO,2024-07-19,2024-07-23,0.8391,3572.0,4,z_revert
PAIR,BAJAJ-AUTO/HEROMOTOCO,2024-07-22,2024-07-24,-0.2802,-1196.0,2,z_revert
PAIR,JSWSTEEL/HINDALCO,2024-07-23,2024-07-24,-0.5921,-2526.0,1,z_revert
PAIR,BAJAJ-AUTO/HEROMOTOCO,2024-07-24,2024-07-25,0.1239,527.0,1,z_revert
PAIR,CHOLAFIN/LICHSGFIN,2024-07-24,2024-07-26,0.6004,2557.0,2,z_revert
PAIR,BAJAJ-AUTO/HEROMOTOCO,2024-07-25,2024-07-26,0.8204,3501.0,1,z_revert
PAIR,BAJAJ-AUTO/HEROMOTOCO,2024-07-26,2024-07-29,0.8568,3667.0,3,z_revert
PAIR,CHOLAFIN/LICHSGFIN,2024-07-26,2024-07-29,0.7331,3147.0,3,z_revert
PAIR,BAJAJ-AUTO/HEROMOTOCO,2024-07-29,2024-07-30,-0.1063,-457.0,1,z_revert
PAIR,CHOLAFIN/LICHSGFIN,2024-07-29,2024-07-30,0.6626,2851.0,1,z_revert
PAIR,BAJAJ-AUTO/HEROMOTOCO,2024-07-30,2024-07-31,0.1044,450.0,1,z_revert
PAIR,CHOLAFIN/LICHSGFIN,2024-07-30,2024-07-31,0.37,1596.0,1,z_revert
PAIR,POWERGRID/RECLTD,2024-07-18,2024-08-01,1.5029,6491.0,14,z_revert
PAIR,BAJAJ-AUTO/HEROMOTOCO,2024-07-31,2024-08-01,1.0992,4773.0,1,z_revert
PAIR,CHOLAFIN/LICHSGFIN,2024-07-31,2024-08-01,-0.1905,-830.0,1,z_revert
PAIR,POWERGRID/RECLTD,2024-08-01,2024-08-02,0.8405,3661.0,1,z_revert
PAIR,BAJAJ-AUTO/HEROMOTOCO,2024-08-01,2024-08-02,0.232,1014.0,1,z_revert
PAIR,CHOLAFIN/LICHSGFIN,2024-08-01,2024-08-02,0.4042,1767.0,1,z_revert
PAIR,BAJFINANCE/BAJAJFINSV,2024-07-19,2024-08-05,-0.2177,-953.0,17,time_stop
PAIR,POWERGRID/RECLTD,2024-08-02,2024-08-05,0.3678,1609.0,3,z_revert
PAIR,BAJAJ-AUTO/HEROMOTOCO,2024-08-02,2024-08-05,0.1324,580.0,3,z_revert
PAIR,CHOLAFIN/LICHSGFIN,2024-08-02,2024-08-05,2.7205,11923.0,3,z_revert
PAIR,POWERGRID/RECLTD,2024-08-05,2024-08-06,0.9514,4209.0,1,z_revert
PAIR,BAJAJ-AUTO/HEROMOTOCO,2024-08-05,2024-08-06,-0.126,-559.0,1,z_revert
PAIR,CHOLAFIN/LICHSGFIN,2024-08-05,2024-08-06,2.081,9234.0,1,z_revert
PAIR,DLF/GODREJPROP,2024-08-05,2024-08-06,-0.8635,-3859.0,1,z_revert
PAIR,POWERGRID/RECLTD,2024-08-06,2024-08-07,-0.5568,-2481.0,1,z_revert
PAIR,BAJAJ-AUTO/HEROMOTOCO,2024-08-06,2024-08-07,0.7775,3458.0,1,z_revert
PAIR,CHOLAFIN/LICHSGFIN,2024-08-06,2024-08-07,2.707,12071.0,1,z_revert
PAIR,DLF/GODREJPROP,2024-08-06,2024-08-07,0.4857,2186.0,1,z_revert
PAIR,POWERGRID/RECLTD,2024-08-07,2024-08-08,-0.7782,-3509.0,1,z_revert
PAIR,BAJAJ-AUTO/HEROMOTOCO,2024-08-07,2024-08-08,0.5052,2272.0,1,z_revert
PAIR,CHOLAFIN/LICHSGFIN,2024-08-07,2024-08-08,-1.3287,-5986.0,1,z_revert
PAIR,DLF/GODREJPROP,2024-08-07,2024-08-08,0.9037,4052.0,1,z_revert
PAIR,POWERGRID/RECLTD,2024-08-08,2024-08-09,-0.2215,-996.0,1,z_revert
PAIR,BAJAJ-AUTO/HEROMOTOCO,2024-08-08,2024-08-09,0.1349,606.0,1,z_revert
PAIR,CHOLAFIN/LICHSGFIN,2024-08-08,2024-08-09,0.0754,339.0,1,z_revert
PAIR,DLF/GODREJPROP,2024-08-08,2024-08-09,-0.9172,-4126.0,1,z_revert
PAIR,POWERGRID/RECLTD,2024-08-09,2024-08-12,0.0319,143.0,3,z_revert
PAIR,BAJAJ-AUTO/HEROMOTOCO,2024-08-09,2024-08-12,-1.2453,-5584.0,3,z_revert
PAIR,DLF/GODREJPROP,2024-08-09,2024-08-12,-0.0702,-313.0,3,z_revert
PAIR,CHOLAFIN/LICHSGFIN,2024-08-09,2024-08-12,-0.8408,-3753.0,3,z_revert
PAIR,POWERGRID/RECLTD,2024-08-12,2024-08-13,0.3605,1604.0,1,z_revert
PAIR,BAJAJ-AUTO/HEROMOTOCO,2024-08-12,2024-08-13,0.599,2669.0,1,z_revert
PAIR,DLF/GODREJPROP,2024-08-12,2024-08-13,-0.5706,-2548.0,1,z_revert
PAIR,CHOLAFIN/LICHSGFIN,2024-08-12,2024-08-13,-0.5715,-2547.0,1,z_revert
PAIR,POWERGRID/RECLTD,2024-08-13,2024-08-14,-0.0797,-354.0,1,z_revert
PAIR,BAJAJ-AUTO/HEROMOTOCO,2024-08-13,2024-08-14,1.8643,8289.0,1,z_revert
PAIR,DLF/GODREJPROP,2024-08-13,2024-08-14,0.924,4135.0,1,z_revert
PAIR,CHOLAFIN/LICHSGFIN,2024-08-13,2024-08-14,1.027,4611.0,1,z_revert
PAIR,POWERGRID/RECLTD,2024-08-14,2024-08-16,-0.1871,-843.0,2,z_revert
PAIR,BAJAJ-AUTO/HEROMOTOCO,2024-08-14,2024-08-16,0.3508,1579.0,2,z_revert
PAIR,DLF/GODREJPROP,2024-08-14,2024-08-16,1.6758,7555.0,2,z_revert
PAIR,JSWSTEEL/HINDALCO,2024-08-14,2024-08-16,-0.2406,-1091.0,2,z_revert
PAIR,POWERGRID/RECLTD,2024-08-16,2024-08-19,-0.1582,-717.0,3,z_revert
PAIR,BAJAJ-AUTO/HEROMOTOCO,2024-08-16,2024-08-19,-1.1474,-5196.0,3,z_revert
PAIR,DLF/GODREJPROP,2024-08-16,2024-08-19,-0.3116,-1406.0,3,z_revert
PAIR,JSWSTEEL/HINDALCO,2024-08-16,2024-08-19,-1.1546,-5202.0,3,z_revert
PAIR,POWERGRID/RECLTD,2024-08-19,2024-08-20,-1.2515,-5616.0,1,z_revert
PAIR,BAJAJ-AUTO/HEROMOTOCO,2024-08-19,2024-08-20,-0.5151,-2301.0,1,z_revert
PAIR,JSWSTEEL/HINDALCO,2024-08-19,2024-08-20,-1.1168,-4980.0,1,z_revert
PAIR,DLF/GODREJPROP,2024-08-19,2024-08-20,-0.4038,-1794.0,1,z_revert
PAIR,POWERGRID/RECLTD,2024-08-20,2024-08-21,-0.1557,-691.0,1,z_revert
PAIR,BAJAJ-AUTO/HEROMOTOCO,2024-08-20,2024-08-21,-0.2842,-1260.0,1,z_revert
PAIR,DLF/GODREJPROP,2024-08-20,2024-08-21,0.5016,2221.0,1,z_revert
PAIR,JSWSTEEL/HINDALCO,2024-08-20,2024-08-22,-0.0635,-282.0,2,z_revert
PAIR,POWERGRID/RECLTD,2024-08-21,2024-08-22,-0.4833,-2144.0,1,z_revert
PAIR,BAJAJ-AUTO/HEROMOTOCO,2024-08-21,2024-08-22,-0.0477,-211.0,1,z_revert
PAIR,CHOLAFIN/LICHSGFIN,2024-08-21,2024-08-22,-1.314,-5818.0,1,z_revert
PAIR,POWERGRID/RECLTD,2024-08-22,2024-08-23,0.9681,4267.0,1,z_revert
PAIR,BAJAJ-AUTO/HEROMOTOCO,2024-08-22,2024-08-23,1.9364,8563.0,1,z_revert
PAIR,JSWSTEEL/HINDALCO,2024-08-22,2024-08-23,0.3639,1620.0,1,z_revert
PAIR,CHOLAFIN/LICHSGFIN,2024-08-22,2024-08-23,-0.6431,-2867.0,1,z_revert
PAIR,POWERGRID/RECLTD,2024-08-23,2024-08-26,0.0473,210.0,3,z_revert
PAIR,BAJAJ-AUTO/HEROMOTOCO,2024-08-23,2024-08-26,0.5252,2336.0,3,z_revert
PAIR,CHOLAFIN/LICHSGFIN,2024-08-23,2024-08-26,1.9501,8690.0,3,z_revert
PAIR,BAJAJ-AUTO/HEROMOTOCO,2024-08-26,2024-08-27,0.3363,1509.0,1,z_revert
PAIR,BAJAJ-AUTO/HEROMOTOCO,2024-08-27,2024-08-28,0.8931,4012.0,1,z_revert
PAIR,BAJAJ-AUTO/HEROMOTOCO,2024-08-28,2024-08-29,0.3871,1744.0,1,z_revert
PAIR,BAJAJ-AUTO/HEROMOTOCO,2024-08-29,2024-08-30,-0.3686,-1663.0,1,z_revert
PAIR,JSWSTEEL/HINDALCO,2024-08-23,2024-09-02,-0.0172,-78.0,10,z_revert
PAIR,BAJAJ-AUTO/HEROMOTOCO,2024-08-30,2024-09-02,-0.2874,-1295.0,3,z_revert
BREAKOUT,BAJFINANCE,2024-09-02,2024-09-05,-2.5565,-11509.0,3,stoploss
PAIR,DLF/GODREJPROP,2024-09-05,2024-09-06,-1.3186,-5883.0,1,z_revert
PAIR,POWERGRID/RECLTD,2024-08-26,2024-09-09,-1.5493,-6880.0,14,z_revert
BREAKOUT,BAJAJFINSV,2024-09-02,2024-09-09,0.8058,3559.0,7,time_stop
PAIR,DLF/GODREJPROP,2024-09-06,2024-09-09,0.4425,1960.0,3,z_revert
PAIR,DRREDDY/ZYDUSLIFE,2024-08-26,2024-09-10,2.3429,10393.0,15,time_stop
PAIR,POWERGRID/PFC,2024-09-09,2024-09-10,2.0645,9233.0,1,z_revert
PAIR,DLF/GODREJPROP,2024-09-09,2024-09-10,0.0197,89.0,1,z_revert
PAIR,JSWSTEEL/HINDALCO,2024-09-09,2024-09-10,0.1878,846.0,1,z_revert
PAIR,POWERGRID/PFC,2024-09-10,2024-09-11,0.8908,4016.0,1,z_revert
PAIR,DLF/GODREJPROP,2024-09-10,2024-09-11,0.535,2419.0,1,z_revert
PAIR,POWERGRID/PFC,2024-09-11,2024-09-12,0.1597,724.0,1,z_revert
PAIR,DLF/GODREJPROP,2024-09-11,2024-09-12,-0.0886,-402.0,1,z_revert
PAIR,POWERGRID/PFC,2024-09-12,2024-09-13,0.6544,2965.0,1,z_revert
PAIR,DLF/GODREJPROP,2024-09-12,2024-09-13,0.524,2380.0,1,z_revert
PAIR,POWERGRID/PFC,2024-09-13,2024-09-16,0.9896,4503.0,3,z_revert
PAIR,DLF/GODREJPROP,2024-09-13,2024-09-16,1.7026,7774.0,3,z_revert
BREAKOUT,DIVISLAB,2024-09-10,2024-09-17,0.8333,3828.0,7,time_stop
BREAKOUT,COFORGE,2024-09-10,2024-09-17,3.0003,13822.0,7,time_stop
PAIR,POWERGRID/PFC,2024-09-16,2024-09-17,0.6784,3158.0,1,z_revert
PAIR,DLF/GODREJPROP,2024-09-16,2024-09-17,-0.3396,-1585.0,1,z_revert
PAIR,POWERGRID/PFC,2024-09-17,2024-09-18,-1.385,-6455.0,1,z_revert
PAIR,DLF/GODREJPROP,2024-09-17,2024-09-18,-0.5077,-2355.0,1,z_revert
PAIR,JSWSTEEL/HINDALCO,2024-09-17,2024-09-18,-0.5807,-2689.0,1,z_revert
PAIR,POWERGRID/PFC,2024-09-18,2024-09-19,1.342,6201.0,1,z_revert
PAIR,DLF/GODREJPROP,2024-09-18,2024-09-19,-1.0041,-4661.0,1,z_revert
PAIR,JSWSTEEL/HINDALCO,2024-09-18,2024-09-19,-0.4025,-1862.0,1,z_revert
PAIR,M&M/HEROMOTOCO,2024-09-17,2024-09-20,2.5257,11667.0,3,z_revert
PAIR,POWERGRID/PFC,2024-09-19,2024-09-20,0.582,2712.0,1,z_revert
PAIR,DLF/GODREJPROP,2024-09-19,2024-09-20,0.2372,1107.0,1,z_revert
PAIR,JSWSTEEL/HINDALCO,2024-09-19,2024-09-20,1.0891,5090.0,1,z_revert
PAIR,POWERGRID/PFC,2024-09-20,2024-09-23,-0.7361,-3453.0,3,z_revert
BREAKOUT,M&M,2024-09-20,2024-09-23,3.2552,15232.0,3,target
PAIR,JSWSTEEL/HINDALCO,2024-09-20,2024-09-23,0.3092,1463.0,3,z_revert
PAIR,POWERGRID/PFC,2024-09-23,2024-09-24,1.4054,6658.0,1,z_revert
PAIR,JSWSTEEL/HINDALCO,2024-09-23,2024-09-24,-1.609,-7660.0,1,z_revert
PAIR,VEDL/JINDALSTEL,2024-09-23,2024-09-25,2.904,13748.0,2,z_revert
PAIR,POWERGRID/PFC,2024-09-24,2024-09-25,2.4676,11801.0,1,z_revert
BREAKOUT,TATASTEEL,2024-09-24,2024-09-26,3.4539,16660.0,2,target
PAIR,POWERGRID/PFC,2024-09-25,2024-09-26,0.5524,2697.0,1,z_revert
PAIR,POWERGRID/PFC,2024-09-26,2024-09-27,-2.7393,-13399.0,1,z_revert
PAIR,POWERGRID/PFC,2024-09-27,2024-09-30,0.2234,1082.0,3,z_revert
PAIR,POWERGRID/RECLTD,2024-09-30,2024-10-01,-0.5187,-2515.0,1,z_revert
PAIR,JSWSTEEL/HINDALCO,2024-09-25,2024-10-03,0.7896,3821.0,8,z_revert
BREAKOUT,MARUTI,2024-09-26,2024-10-03,-4.6285,-22461.0,7,time_stop
PAIR,POWERGRID/PFC,2024-10-01,2024-10-03,1.751,8359.0,2,z_revert
PAIR,DLF/GODREJPROP,2024-09-20,2024-10-04,-0.4086,-1963.0,14,z_revert
PAIR,POWERGRID/RECLTD,2024-10-03,2024-10-04,0.4956,2377.0,1,z_revert
PAIR,JSWSTEEL/HINDALCO,2024-10-03,2024-10-04,-0.2486,-1195.0,1,z_revert
PAIR,BAJAJ-AUTO/HEROMOTOCO,2024-10-03,2024-10-04,0.787,3778.0,1,z_revert
PAIR,POWERGRID/PFC,2024-10-04,2024-10-07,0.9393,4522.0,3,z_revert
PAIR,BAJAJ-AUTO/HEROMOTOCO,2024-10-04,2024-10-07,-0.2371,-1145.0,3,z_revert
PAIR,POWERGRID/RECLTD,2024-10-07,2024-10-08,-2.4825,-11980.0,1,z_revert
PAIR,BAJAJ-AUTO/HEROMOTOCO,2024-10-07,2024-10-08,0.7316,3500.0,1,z_revert
PAIR,POWERGRID/RECLTD,2024-10-08,2024-10-09,-0.4083,-1958.0,1,z_revert
PAIR,BAJAJ-AUTO/HEROMOTOCO,2024-10-08,2024-10-09,-0.427,-2045.0,1,z_revert
PAIR,POWERGRID/RECLTD,2024-10-09,2024-10-10,-0.3588,-1716.0,1,z_revert
PAIR,BAJAJ-AUTO/HEROMOTOCO,2024-10-09,2024-10-10,0.8208,3920.0,1,z_revert
PAIR,POWERGRID/RECLTD,2024-10-10,2024-10-11,-0.0836,-400.0,1,z_revert
PAIR,BAJAJ-AUTO/HEROMOTOCO,2024-10-10,2024-10-11,-0.0541,-259.0,1,z_revert
PAIR,POWERGRID/RECLTD,2024-10-11,2024-10-14,-0.3053,-1462.0,3,z_revert
PAIR,BAJAJ-AUTO/HEROMOTOCO,2024-10-11,2024-10-14,-0.5872,-2808.0,3,z_revert
PAIR,POWERGRID/RECLTD,2024-10-14,2024-10-15,-0.5674,-2708.0,1,z_revert
PAIR,BAJAJ-AUTO/HEROMOTOCO,2024-10-14,2024-10-15,-1.0236,-4875.0,1,z_revert
PAIR,COFORGE/PERSISTENT,2024-10-04,2024-10-16,2.9997,14237.0,12,z_revert
PAIR,POWERGRID/RECLTD,2024-10-15,2024-10-16,-0.8333,-3997.0,1,z_revert
PAIR,BAJAJ-AUTO/HEROMOTOCO,2024-10-15,2024-10-16,1.3393,6404.0,1,z_revert
PAIR,POWERGRID/RECLTD,2024-10-16,2024-10-17,1.3206,6344.0,1,z_revert
PAIR,POWERGRID/RECLTD,2024-10-17,2024-10-18,-0.18,-869.0,1,z_revert
PAIR,BAJFINANCE/BAJAJFINSV,2024-10-04,2024-10-21,0.3145,1517.0,17,time_stop
PAIR,POWERGRID/RECLTD,2024-10-18,2024-10-21,1.136,5485.0,3,z_revert
PAIR,POWERGRID/RECLTD,2024-10-21,2024-10-22,0.9465,4588.0,1,z_revert
PAIR,BAJAJ-AUTO/HEROMOTOCO,2024-10-16,2024-10-23,-2.2853,-11116.0,7,z_revert
PAIR,POWERGRID/RECLTD,2024-10-22,2024-10-23,-0.5133,-2477.0,1,z_revert
PAIR,JSWSTEEL/HINDALCO,2024-10-21,2024-10-24,2.1992,10592.0,3,z_revert
PAIR,POWERGRID/RECLTD,2024-10-23,2024-10-25,-0.7009,-3402.0,2,z_revert
PAIR,BAJAJ-AUTO/HEROMOTOCO,2024-10-23,2024-10-25,0.1223,592.0,2,z_revert
PAIR,DRREDDY/ZYDUSLIFE,2024-10-16,2024-10-28,39.568,191652.0,12,z_revert
PAIR,JSWSTEEL/HINDALCO,2024-10-25,2024-10-28,0.1311,723.0,3,z_revert
PAIR,SUNPHARMA/DRREDDY,2024-10-28,2024-10-29,-0.4024,-2220.0,1,z_stop
PAIR,RELIANCE/IOC,2024-10-28,2024-10-29,1.0356,5706.0,1,z_stop
PAIR,LICHSGFIN/MANAPPURAM,2024-10-24,2024-11-08,-2.2305,-12333.0,15,time_stop
MEAN_REV,RELIANCE,2024-10-29,2024-11-08,-3.8327,-21026.0,10,time_stop
PAIR,POWERGRID/RECLTD,2024-10-25,2024-11-11,-0.4269,-2311.0,17,time_stop
BREAKOUT,PAGEIND,2024-11-08,2024-11-12,-2.0454,-11054.0,4,stoploss
PAIR,POWERGRID/RECLTD,2024-11-11,2024-11-12,0.289,1551.0,1,z_revert
PAIR,SUNPHARMA/DRREDDY,2024-10-29,2024-11-13,1.306,7014.0,15,time_stop
PAIR,POWERGRID/RECLTD,2024-11-12,2024-11-13,0.0027,14.0,1,z_revert
PAIR,JSWSTEEL/HINDALCO,2024-11-12,2024-11-13,0.6966,3759.0,1,z_revert
PAIR,POWERGRID/RECLTD,2024-11-13,2024-11-14,0.3946,2134.0,1,z_revert
MEAN_REV,RELIANCE,2024-11-08,2024-11-18,-1.8705,-10131.0,10,time_stop
PAIR,POWERGRID/RECLTD,2024-11-14,2024-11-18,-0.094,-506.0,4,z_revert
PAIR,POWERGRID/RECLTD,2024-11-18,2024-11-19,-0.9601,-5164.0,1,z_revert
PAIR,POWERGRID/RECLTD,2024-11-19,2024-11-21,4.105,22007.0,2,z_revert
PAIR,POWERGRID/RECLTD,2024-11-21,2024-11-22,0.0656,357.0,1,z_revert
MEAN_REV,COLPAL,2024-11-13,2024-11-25,2.3325,12687.0,12,time_stop
PAIR,POWERGRID/RECLTD,2024-11-22,2024-11-25,-0.5045,-2766.0,3,z_revert
PAIR,POWERGRID/RECLTD,2024-11-25,2024-11-26,-0.4496,-2461.0,1,z_revert
PAIR,JSWSTEEL/HINDALCO,2024-11-25,2024-11-26,0.1182,646.0,1,z_revert
PAIR,POWERGRID/RECLTD,2024-11-26,2024-11-27,-0.5274,-2883.0,1,z_revert
PAIR,JSWSTEEL/HINDALCO,2024-11-26,2024-11-27,0.6991,3815.0,1,z_revert
PAIR,SUNPHARMA/DRREDDY,2024-11-13,2024-11-28,-0.952,-5208.0,15,time_stop
MEAN_REV,RELIANCE,2024-11-18,2024-11-28,0.7079,3860.0,10,time_stop
PAIR,JSWSTEEL/HINDALCO,2024-11-27,2024-11-28,-0.0566,-309.0,1,z_revert
PAIR,JSWSTEEL/HINDALCO,2024-11-28,2024-11-29,0.1721,940.0,1,z_revert
PAIR,VEDL/JINDALSTEL,2024-11-28,2024-11-29,-0.4014,-2195.0,1,z_revert
PAIR,JSWSTEEL/HINDALCO,2024-11-29,2024-12-02,0.7308,3991.0,3,z_revert
PAIR,VEDL/JINDALSTEL,2024-11-29,2024-12-02,0.1934,1059.0,3,z_revert
MEAN_REV,DRREDDY,2024-11-28,2024-12-09,5.1851,28406.0,11,time_stop
BREAKOUT,SHREECEM,2024-12-02,2024-12-09,-1.6304,-9094.0,7,time_stop
BREAKOUT,DLF,2024-12-02,2024-12-09,1.6067,8910.0,7,time_stop
PAIR,BAJAJ-AUTO/HEROMOTOCO,2024-12-09,2024-12-10,-0.1392,-776.0,1,z_revert
PAIR,JSWSTEEL/HINDALCO,2024-12-09,2024-12-10,0.2175,1212.0,1,z_revert
PAIR,POWERGRID/PFC,2024-11-27,2024-12-12,-3.1274,-17447.0,15,time_stop
BREAKOUT,CHOLAFIN,2024-12-10,2024-12-13,-2.2008,-12143.0,3,stoploss
BREAKOUT,JINDALSTEL,2024-12-10,2024-12-16,-2.5854,-14155.0,6,stoploss
BREAKOUT,DLF,2024-12-16,2024-12-17,-2.052,-11133.0,1,stoploss
PAIR,POWERGRID/RECLTD,2024-12-12,2024-12-18,1.0423,5614.0,6,z_revert
MEAN_REV,DRREDDY,2024-12-09,2024-12-19,4.9773,26908.0,10,time_stop
PAIR,POWERGRID/RECLTD,2024-12-18,2024-12-19,0.642,3531.0,1,z_revert
PAIR,POWERGRID/RECLTD,2024-12-19,2024-12-20,0.593,3269.0,1,z_revert
PAIR,POWERGRID/RECLTD,2024-12-20,2024-12-23,-0.0912,-504.0,3,z_revert
PAIR,POWERGRID/RECLTD,2024-12-23,2024-12-24,-0.2319,-1281.0,1,z_revert
PAIR,POWERGRID/PFC,2024-12-24,2024-12-26,-1.2097,-6675.0,2,z_revert
PAIR,POWERGRID/RECLTD,2024-12-26,2024-12-27,0.846,4649.0,1,z_revert
PAIR,LICHSGFIN/MANAPPURAM,2024-12-13,2024-12-30,-4.6109,-25410.0,17,time_stop
PAIR,BAJFINANCE/BAJAJFINSV,2024-12-17,2025-01-01,-0.587,-3183.0,15,time_stop
PAIR,DRREDDY/ZYDUSLIFE,2024-12-19,2025-01-03,-1.8704,-10120.0,15,time_stop
MEAN_REV,NMDC,2024-12-27,2025-01-06,-6.2231,-33451.0,10,time_stop
PAIR,BAJFINANCE/MUTHOOTFIN,2025-01-01,2025-01-06,3.5,18404.0,5,z_revert
PAIR,POWERGRID/RECLTD,2025-01-03,2025-01-08,1.6755,8918.0,5,z_revert
PAIR,POWERGRID/RECLTD,2025-01-08,2025-01-09,1.1793,6314.0,1,z_revert
PAIR,POWERGRID/RECLTD,2025-01-09,2025-01-10,2.2508,12100.0,1,z_revert
PAIR,COFORGE/PERSISTENT,2024-12-30,2025-01-13,1.2684,6872.0,14,z_revert
PAIR,SUNPHARMA/LUPIN,2025-01-06,2025-01-14,2.3071,12556.0,8,z_revert
PAIR,NHPC/PFC,2025-01-13,2025-01-14,-1.2847,-7048.0,1,z_revert
PAIR,NHPC/PFC,2025-01-14,2025-01-15,-0.7299,-3986.0,1,z_revert
PAIR,POWERGRID/RECLTD,2025-01-14,2025-01-15,1.1018,6002.0,1,z_revert
MEAN_REV,NMDC,2025-01-06,2025-01-16,0.6284,3436.0,10,time_stop
PAIR,NHPC/PFC,2025-01-15,2025-01-16,0.1333,730.0,1,z_revert
PAIR,NHPC/PFC,2025-01-16,2025-01-17,1.0949,6004.0,1,z_revert
PAIR,M&M/ASHOKLEY,2025-01-10,2025-01-20,2.8428,15648.0,10,z_revert
PAIR,NHPC/PFC,2025-01-17,2025-01-20,-0.2434,-1353.0,3,z_revert
BREAKOUT,HDFCLIFE,2025-01-16,2025-01-21,-3.0291,-16825.0,5,stoploss
PAIR,NHPC/PFC,2025-01-20,2025-01-21,0.2591,1424.0,1,z_revert
PAIR,NHPC/PFC,2025-01-21,2025-01-22,0.2397,1318.0,1,z_revert
PAIR,DMART/PAGEIND,2025-01-21,2025-01-22,-0.638,-3512.0,1,z_revert
PAIR,NHPC/PFC,2025-01-22,2025-01-23,0.6561,3604.0,1,z_revert
PAIR,DMART/PAGEIND,2025-01-22,2025-01-23,-0.5647,-3109.0,1,z_revert
PAIR,NHPC/PFC,2025-01-23,2025-01-24,0.2569,1412.0,1,z_revert
PAIR,POWERGRID/RECLTD,2025-01-23,2025-01-24,1.9799,10888.0,1,z_revert
BREAKOUT,KOTAKBANK,2025-01-20,2025-01-27,-2.1516,-11915.0,7,time_stop
PAIR,NHPC/PFC,2025-01-24,2025-01-27,1.0529,5787.0,3,z_revert
BREAKOUT,MPHASIS,2025-01-24,2025-01-27,-2.5426,-14025.0,3,stoploss
PAIR,NHPC/PFC,2025-01-27,2025-01-28,-0.662,-3619.0,1,z_revert
PAIR,DMART/PAGEIND,2025-01-27,2025-01-28,0.136,742.0,1,z_revert
PAIR,NHPC/PFC,2025-01-28,2025-01-29,-0.5015,-2737.0,1,z_revert
PAIR,RELIANCE/IOC,2025-01-15,2025-01-30,0.1172,638.0,15,time_stop
BREAKOUT,BAJFINANCE,2025-01-28,2025-01-30,4.0347,21987.0,2,target
PAIR,NHPC/PFC,2025-01-29,2025-01-30,-1.0922,-6036.0,1,z_revert
PAIR,NHPC/PFC,2025-01-30,2025-01-31,1.293,7119.0,1,z_revert
PAIR,NHPC/PFC,2025-01-31,2025-02-01,1.1049,6111.0,1,z_revert
PAIR,NHPC/PFC,2025-02-01,2025-02-03,1.4104,7830.0,2,z_revert
PAIR,NHPC/PFC,2025-02-03,2025-02-04,-1.2411,-6924.0,1,z_revert
PAIR,NHPC/PFC,2025-02-04,2025-02-05,-0.3956,-2197.0,1,z_revert
PAIR,NHPC/PFC,2025-02-05,2025-02-06,-0.7299,-4049.0,1,z_revert
PAIR,NHPC/PFC,2025-02-06,2025-02-07,-0.6458,-3573.0,1,z_revert
PAIR,NHPC/PFC,2025-02-07,2025-02-10,0.7308,4035.0,3,z_revert
PAIR,INDUSINDBK/BANKBARODA,2025-01-27,2025-02-11,-8.9056,-49289.0,15,time_stop
PAIR,NHPC/PFC,2025-02-10,2025-02-11,1.5396,8256.0,1,z_revert
PAIR,COFORGE/PERSISTENT,2025-01-30,2025-02-12,1.2146,6548.0,13,z_revert
PAIR,NHPC/PFC,2025-02-11,2025-02-12,-0.3127,-1693.0,1,z_revert
PAIR,NHPC/PFC,2025-02-12,2025-02-13,0.4895,2647.0,1,z_revert
PAIR,BAJFINANCE/BAJAJFINSV,2025-01-30,2025-02-14,-3.1666,-17154.0,15,time_stop
PAIR,NHPC/PFC,2025-02-13,2025-02-14,0.3891,2084.0,1,z_revert
PAIR,NHPC/PFC,2025-02-14,2025-02-17,-0.2896,-1554.0,3,z_revert
PAIR,NHPC/PFC,2025-02-17,2025-02-18,-0.452,-2422.0,1,z_revert
PAIR,INFY/PERSISTENT,2025-02-14,2025-02-19,3.9998,21402.0,5,z_revert
PAIR,NHPC/PFC,2025-02-18,2025-02-19,-0.078,-423.0,1,z_revert
PAIR,NHPC/PFC,2025-02-19,2025-02-20,2.4698,13396.0,1,z_revert
PAIR,NHPC/PFC,2025-02-20,2025-02-21,0.2173,1189.0,1,z_revert
PAIR,NHPC/PFC,2025-02-21,2025-02-24,-0.566,-3099.0,3,z_revert
PAIR,NHPC/PFC,2025-02-24,2025-02-25,-0.7662,-4187.0,1,z_revert
PAIR,BAJAJ-AUTO/HEROMOTOCO,2025-02-11,2025-02-27,-4.1383,-22552.0,16,time_stop
PAIR,INDUSINDBK/BANKBARODA,2025-02-12,2025-02-27,-2.5998,-13963.0,15,time_stop
PAIR,NHPC/PFC,2025-02-25,2025-02-27,-0.5472,-2912.0,2,z_revert
PAIR,NHPC/PFC,2025-02-27,2025-02-28,-0.3235,-1718.0,1,z_revert
BREAKOUT,CHOLAFIN,2025-02-27,2025-02-28,-2.3161,-12289.0,1,stoploss
PAIR,POWERGRID/RECLTD,2025-02-27,2025-03-03,0.8169,4299.0,4,z_revert
PAIR,NHPC/PFC,2025-02-28,2025-03-03,-1.0024,-5290.0,3,z_revert
PAIR,NHPC/PFC,2025-03-03,2025-03-04,-0.3012,-1584.0,1,z_revert
PAIR,INDUSINDBK/BANKBARODA,2025-03-03,2025-03-05,2.7398,14394.0,2,z_revert
PAIR,NHPC/PFC,2025-03-04,2025-03-05,0.3317,1759.0,1,z_revert
PAIR,M&M/ASHOKLEY,2025-02-19,2025-03-06,2.7826,14776.0,15,time_stop
PAIR,NHPC/PFC,2025-03-05,2025-03-07,0.0771,413.0,2,z_revert
BREAKOUT,TATASTEEL,2025-03-05,2025-03-07,3.5271,18917.0,2,target
PAIR,VEDL/SAIL,2025-03-06,2025-03-07,-0.7407,-4022.0,1,z_revert
PAIR,NHPC/PFC,2025-03-07,2025-03-10,0.0429,232.0,3,z_revert
PAIR,NHPC/PFC,2025-03-10,2025-03-11,-0.0517,-280.0,1,z_revert
PAIR,NHPC/PFC,2025-03-11,2025-03-12,1.8482,10008.0,1,z_revert
PAIR,NHPC/PFC,2025-03-12,2025-03-13,0.335,1826.0,1,z_revert
PAIR,JSWSTEEL/HINDALCO,2025-02-28,2025-03-17,-0.9102,-4967.0,17,time_stop
PAIR,NHPC/PFC,2025-03-13,2025-03-17,0.3408,1854.0,4,z_revert
PAIR,NHPC/PFC,2025-03-17,2025-03-18,-1.0267,-5591.0,1,z_revert
PAIR,VEDL/SAIL,2025-03-07,2025-03-19,-0.8219,-4460.0,12,z_revert
PAIR,NHPC/PFC,2025-03-18,2025-03-19,0.0683,369.0,1,z_revert
PAIR,CHOLAFIN/LICHSGFIN,2025-03-07,2025-03-20,0.48,2598.0,13,z_revert
PAIR,NHPC/PFC,2025-03-19,2025-03-20,0.0109,59.0,1,z_revert
PAIR,POWERGRID/RECLTD,2025-03-19,2025-03-20,-0.6205,-3364.0,1,z_revert
PAIR,JSWSTEEL/HINDALCO,2025-03-17,2025-03-21,1.4432,7807.0,4,z_revert
PAIR,NHPC/PFC,2025-03-20,2025-03-21,1.0594,5760.0,1,z_revert
PAIR,POWERGRID/RECLTD,2025-03-20,2025-03-21,-0.5062,-2762.0,1,z_revert
PAIR,NHPC/PFC,2025-03-21,2025-03-24,-2.1751,-11849.0,3,z_revert
PAIR,POWERGRID/RECLTD,2025-03-21,2025-03-24,0.3555,1922.0,3,z_revert
PAIR,JSWSTEEL/HINDALCO,2025-03-21,2025-03-24,-0.2593,-1403.0,3,z_revert
BREAKOUT,VEDL,2025-03-20,2025-03-25,-2.0661,-11173.0,5,stoploss
PAIR,POWERGRID/RECLTD,2025-03-24,2025-03-25,-0.1004,-539.0,1,z_revert
PAIR,CHOLAFIN/LICHSGFIN,2025-03-25,2025-03-26,-0.5448,-2924.0,1,z_revert
PAIR,NHPC/PFC,2025-03-24,2025-03-28,0.8928,4782.0,4,z_revert
BREAKOUT,KOTAKBANK,2025-03-24,2025-04-01,-0.6627,-3561.0,8,time_stop
PAIR,NHPC/PFC,2025-03-28,2025-04-01,1.0,5361.0,4,z_revert
BREAKOUT,AMBUJACEM,2025-03-26,2025-04-02,1.025,5514.0,7,time_stop
PAIR,NHPC/PFC,2025-04-01,2025-04-02,-0.158,-853.0,1,z_revert
PAIR,CHOLAFIN/LICHSGFIN,2025-04-01,2025-04-02,0.6629,3577.0,1,z_revert
PAIR,NHPC/PFC,2025-04-02,2025-04-03,-0.2077,-1123.0,1,z_revert
PAIR,NHPC/PFC,2025-04-03,2025-04-04,0.8703,4703.0,1,z_revert
BREAKOUT,ICICIGI,2025-04-02,2025-04-07,-4.8196,-26126.0,5,stoploss
PAIR,NHPC/PFC,2025-04-04,2025-04-07,1.2795,6819.0,3,z_revert
PAIR,NHPC/PFC,2025-04-07,2025-04-08,-0.0114,-61.0,1,z_revert
PAIR,DLF/GODREJPROP,2025-04-07,2025-04-08,0.1404,751.0,1,z_revert
PAIR,POWERGRID/RECLTD,2025-03-25,2025-04-09,-6.1211,-32782.0,15,time_stop
BREAKOUT,BRITANNIA,2025-04-02,2025-04-09,5.4932,28789.0,7,time_stop
PAIR,NHPC/PFC,2025-04-08,2025-04-09,1.1586,6189.0,1,z_revert
BREAKOUT,HINDPETRO,2025-04-08,2025-04-11,3.1292,16783.0,3,target
PAIR,NHPC/PFC,2025-04-09,2025-04-11,-1.0245,-5555.0,2,z_revert
PAIR,DLF/GODREJPROP,2025-04-09,2025-04-11,-1.5288,-8259.0,2,z_revert
PAIR,NHPC/PFC,2025-04-11,2025-04-15,-2.3791,-12784.0,4,z_revert
PAIR,NHPC/PFC,2025-04-15,2025-04-16,0.334,1780.0,1,z_revert
BREAKOUT,BPCL,2025-04-11,2025-04-21,3.4418,18363.0,10,time_stop
BREAKOUT,TITAN,2025-04-11,2025-04-21,3.0245,16331.0,10,time_stop
BREAKOUT,AXISBANK,2025-04-16,2025-04-21,5.231,28543.0,5,target
BREAKOUT,INDUSINDBK,2025-04-21,2025-04-22,-4.7708,-26509.0,1,stoploss
BREAKOUT,LODHA,2025-04-21,2025-04-23,4.8189,26329.0,2,target
PAIR,NHPC/PFC,2025-04-22,2025-04-23,0.8166,4537.0,1,z_revert
PAIR,POWERGRID/RECLTD,2025-04-09,2025-04-24,2.8247,15738.0,15,time_stop
BREAKOUT,LODHA,2025-04-23,2025-04-24,-2.7702,-15587.0,1,stoploss
BREAKOUT,GAIL,2025-04-21,2025-04-25,-3.9912,-22240.0,4,stoploss
BREAKOUT,ASHOKLEY,2025-04-23,2025-04-25,-2.0429,-11225.0,2,stoploss
PAIR,NHPC/PFC,2025-04-24,2025-04-25,0.6698,3654.0,1,z_revert
PAIR,NHPC/PFC,2025-04-25,2025-04-28,-0.361,-1974.0,3,z_revert
PAIR,DLF/GODREJPROP,2025-04-25,2025-04-28,0.153,836.0,3,z_revert
PAIR,POWERGRID/RECLTD,2025-04-24,2025-04-29,0.6705,3663.0,5,z_revert
BREAKOUT,ULTRACEMCO,2025-04-25,2025-04-29,-2.7785,-15217.0,4,stoploss
PAIR,NHPC/PFC,2025-04-28,2025-04-29,0.5804,3148.0,1,z_revert
PAIR,DLF/GODREJPROP,2025-04-28,2025-04-29,-0.0534,-290.0,1,z_revert
PAIR,NHPC/PFC,2025-04-29,2025-04-30,0.3588,1949.0,1,z_revert
PAIR,NHPC/PFC,2025-04-30,2025-05-02,-0.4546,-2473.0,2,z_revert
BREAKOUT,PRESTIGE,2025-04-29,2025-05-06,-3.5686,-19383.0,7,time_stop
BREAKOUT,TECHM,2025-04-29,2025-05-06,-0.06,-322.0,7,time_stop
BREAKOUT,GODREJPROP,2025-05-02,2025-05-06,-7.1647,-38422.0,4,stoploss
PAIR,NHPC/PFC,2025-05-06,2025-05-07,-0.1322,-691.0,1,z_revert
PAIR,NHPC/PFC,2025-05-07,2025-05-08,-0.1279,-668.0,1,z_revert
PAIR,NHPC/PFC,2025-05-08,2025-05-09,-0.7994,-4176.0,1,z_revert
PAIR,NHPC/PFC,2025-05-09,2025-05-12,-0.2971,-1547.0,3,z_revert
BREAKOUT,TCS,2025-05-12,2025-05-13,-3.044,-15839.0,1,stoploss
PAIR,POWERGRID/RECLTD,2025-04-29,2025-05-14,-3.4143,-17577.0,15,time_stop
PAIR,NHPC/PFC,2025-05-13,2025-05-14,2.2926,11661.0,1,z_revert
PAIR,NHPC/PFC,2025-05-14,2025-05-15,0.3827,1962.0,1,z_revert
PAIR,POWERGRID/RECLTD,2025-05-14,2025-05-16,1.4084,7231.0,2,z_revert
PAIR,NHPC/PFC,2025-05-15,2025-05-16,0.4142,2137.0,1,z_revert
PAIR,NHPC/PFC,2025-05-16,2025-05-19,-0.7772,-4016.0,3,z_revert
PAIR,M&M/ASHOKLEY,2025-05-06,2025-05-20,3.8808,19997.0,14,z_revert
PAIR,NHPC/PFC,2025-05-19,2025-05-20,0.2007,1048.0,1,z_revert
PAIR,DMART/PAGEIND,2025-05-06,2025-05-21,-0.8123,-4246.0,15,time_stop
PAIR,POWERGRID/RECLTD,2025-05-16,2025-05-21,-0.1572,-819.0,5,z_revert
PAIR,NHPC/PFC,2025-05-20,2025-05-21,-0.0362,-189.0,1,z_revert
PAIR,POWERGRID/RECLTD,2025-05-21,2025-05-22,1.2761,6646.0,1,z_revert
PAIR,NHPC/PFC,2025-05-21,2025-05-22,0.6275,3283.0,1,z_revert
PAIR,POWERGRID/RECLTD,2025-05-22,2025-05-23,-1.308,-6858.0,1,z_revert
PAIR,NHPC/PFC,2025-05-22,2025-05-23,-0.8225,-4292.0,1,z_revert
PAIR,POWERGRID/RECLTD,2025-05-23,2025-05-26,0.8881,4622.0,3,z_revert
PAIR,NHPC/PFC,2025-05-23,2025-05-26,-0.1901,-992.0,3,z_revert
BREAKOUT,DLF,2025-05-20,2025-05-27,2.5292,13194.0,7,time_stop
PAIR,POWERGRID/RECLTD,2025-05-26,2025-05-27,0.1665,876.0,1,z_revert
PAIR,NHPC/PFC,2025-05-26,2025-05-27,0.0191,101.0,1,z_revert
PAIR,POWERGRID/RECLTD,2025-05-27,2025-05-28,0.2329,1226.0,1,z_revert
PAIR,NHPC/PFC,2025-05-27,2025-05-28,-0.0982,-518.0,1,z_revert
PAIR,POWERGRID/RECLTD,2025-05-28,2025-05-29,0.4812,2535.0,1,z_revert
PAIR,NHPC/PFC,2025-05-28,2025-05-29,0.0017,9.0,1,z_revert
PAIR,POWERGRID/RECLTD,2025-05-29,2025-05-30,-0.3084,-1628.0,1,z_revert
PAIR,NHPC/PFC,2025-05-29,2025-05-30,1.1593,6112.0,1,z_revert
PAIR,CHOLAFIN/LICHSGFIN,2025-05-27,2025-06-02,2.7353,14479.0,6,z_revert
PAIR,POWERGRID/RECLTD,2025-05-30,2025-06-02,-0.2718,-1453.0,3,z_revert
PAIR,NHPC/PFC,2025-05-30,2025-06-02,-0.307,-1639.0,3,z_revert
PAIR,POWERGRID/RECLTD,2025-06-02,2025-06-03,0.1495,797.0,1,z_revert
PAIR,NHPC/PFC,2025-06-02,2025-06-03,-1.0161,-5422.0,1,z_revert
PAIR,JUBLFOOD/PAGEIND,2025-05-21,2025-06-04,2.2453,11938.0,14,z_revert
PAIR,COFORGE/PERSISTENT,2025-06-02,2025-06-04,39.7253,212877.0,2,z_revert
PAIR,POWERGRID/RECLTD,2025-06-03,2025-06-04,0.0416,254.0,1,z_revert
PAIR,NHPC/PFC,2025-06-03,2025-06-04,1.5201,9280.0,1,z_revert
PAIR,INFY/COFORGE,2025-06-04,2025-06-05,1.0672,6550.0,1,z_stop
PAIR,POWERGRID/RECLTD,2025-06-04,2025-06-05,-0.5956,-3669.0,1,z_revert
PAIR,NHPC/PFC,2025-06-04,2025-06-05,-0.0419,-257.0,1,z_revert
PAIR,CHOLAFIN/LICHSGFIN,2025-06-04,2025-06-05,-0.1424,-875.0,1,z_revert
PAIR,POWERGRID/RECLTD,2025-06-05,2025-06-06,1.2266,7535.0,1,z_revert
PAIR,NHPC/PFC,2025-06-05,2025-06-06,-0.4069,-2510.0,1,z_revert
PAIR,POWERGRID/RECLTD,2025-06-06,2025-06-09,0.4493,2768.0,3,z_revert
PAIR,NHPC/PFC,2025-06-06,2025-06-09,-0.701,-4325.0,3,z_revert
BREAKOUT,DRREDDY,2025-06-05,2025-06-10,4.7586,29291.0,5,target
PAIR,POWERGRID/RECLTD,2025-06-09,2025-06-10,-0.3228,-2020.0,1,z_revert
PAIR,NHPC/PFC,2025-06-09,2025-06-10,-0.6275,-3922.0,1,z_revert
PAIR,POWERGRID/RECLTD,2025-06-10,2025-06-11,0.2774,1730.0,1,z_revert
PAIR,NHPC/PFC,2025-06-10,2025-06-11,0.586,3659.0,1,z_revert
PAIR,DMART/PAGEIND,2025-06-10,2025-06-11,0.1604,1003.0,1,z_revert
PAIR,POWERGRID/RECLTD,2025-06-11,2025-06-12,-0.542,-3393.0,1,z_revert
BREAKOUT,BPCL,2025-06-11,2025-06-12,-4.4239,-27639.0,1,stoploss
PAIR,NHPC/PFC,2025-06-11,2025-06-12,0.0092,56.0,1,z_revert
PAIR,POWERGRID/RECLTD,2025-06-12,2025-06-13,0.1895,1166.0,1,z_revert
PAIR,NHPC/PFC,2025-06-12,2025-06-13,0.1398,860.0,1,z_revert
PAIR,DMART/PAGEIND,2025-06-12,2025-06-13,-0.0096,-59.0,1,z_revert
PAIR,POWERGRID/RECLTD,2025-06-13,2025-06-16,-0.5412,-3333.0,3,z_revert
PAIR,NHPC/PFC,2025-06-13,2025-06-16,0.1544,949.0,3,z_revert
PAIR,DMART/PAGEIND,2025-06-13,2025-06-16,0.8155,5015.0,3,z_revert
PAIR,POWERGRID/RECLTD,2025-06-16,2025-06-17,-0.3475,-2143.0,1,z_revert
PAIR,NHPC/PFC,2025-06-16,2025-06-17,-0.3056,-1882.0,1,z_revert
PAIR,POWERGRID/RECLTD,2025-06-17,2025-06-18,-0.6265,-3855.0,1,z_revert
PAIR,INFY/COFORGE,2025-06-05,2025-06-20,0.0004,2.0,15,time_stop
PAIR,POWERGRID/RECLTD,2025-06-18,2025-06-23,0.0125,76.0,5,z_revert
PAIR,CHOLAFIN/LICHSGFIN,2025-06-20,2025-06-23,-1.0555,-6481.0,3,z_revert
PAIR,POWERGRID/RECLTD,2025-06-23,2025-06-24,1.0795,6604.0,1,z_revert
PAIR,POWERGRID/RECLTD,2025-06-24,2025-06-25,-0.6231,-3826.0,1,z_revert
MEAN_REV,BAJFINANCE,2025-06-16,2025-06-26,1.3859,8491.0,10,time_stop
PAIR,POWERGRID/RECLTD,2025-06-25,2025-06-26,-0.049,-302.0,1,z_revert
BREAKOUT,TRENT,2025-06-23,2025-06-30,1.6491,10151.0,7,time_stop
PAIR,NHPC/PFC,2025-06-17,2025-07-02,-2.1483,-13301.0,15,time_stop
MEAN_REV,BAJFINANCE,2025-06-26,2025-07-07,-2.4132,-14828.0,11,time_stop
PAIR,NHPC/PFC,2025-07-02,2025-07-08,1.676,10211.0,6,z_revert
PAIR,NHPC/PFC,2025-07-08,2025-07-09,0.2213,1357.0,1,z_revert
PAIR,POWERGRID/RECLTD,2025-06-26,2025-07-11,-1.3314,-8166.0,15,time_stop
BREAKOUT,DABUR,2025-07-07,2025-07-11,3.8907,23751.0,4,target
PAIR,NHPC/PFC,2025-07-09,2025-07-14,-0.4392,-2718.0,5,z_revert
PAIR,DRREDDY/ZYDUSLIFE,2025-06-30,2025-07-15,0.4838,2989.0,15,time_stop
PAIR,NHPC/PFC,2025-07-14,2025-07-15,-0.3982,-2464.0,1,z_revert
PAIR,POWERGRID/RECLTD,2025-07-11,2025-07-16,0.2963,1831.0,5,z_revert
PAIR,NHPC/PFC,2025-07-15,2025-07-16,0.6272,3880.0,1,z_revert
PAIR,JUBLFOOD/PAGEIND,2025-07-15,2025-07-16,1.8647,11561.0,1,z_revert
PAIR,POWERGRID/RECLTD,2025-07-16,2025-07-17,0.2237,1396.0,1,z_revert
PAIR,NHPC/PFC,2025-07-16,2025-07-17,-0.6325,-3950.0,1,z_revert
PAIR,JUBLFOOD/PAGEIND,2025-07-16,2025-07-17,-0.4458,-2778.0,1,z_revert
BREAKOUT,HINDUNILVR,2025-07-11,2025-07-18,-1.0267,-6388.0,7,time_stop
PAIR,POWERGRID/RECLTD,2025-07-17,2025-07-18,0.2953,1831.0,1,z_revert
PAIR,NHPC/PFC,2025-07-17,2025-07-18,0.1252,777.0,1,z_revert
PAIR,JUBLFOOD/PAGEIND,2025-07-17,2025-07-18,-0.2733,-1697.0,1,z_revert
PAIR,POWERGRID/RECLTD,2025-07-18,2025-07-21,-0.6322,-3921.0,3,z_revert
PAIR,NHPC/PFC,2025-07-18,2025-07-21,0.3385,2095.0,3,z_revert
PAIR,JUBLFOOD/PAGEIND,2025-07-18,2025-07-21,-0.1068,-662.0,3,z_revert
PAIR,DLF/GODREJPROP,2025-07-18,2025-07-21,0.3149,1950.0,3,z_revert
PAIR,NHPC/PFC,2025-07-21,2025-07-22,-0.0243,-151.0,1,z_revert
PAIR,POWERGRID/RECLTD,2025-07-21,2025-07-23,-0.1614,-1001.0,2,z_revert
PAIR,NHPC/PFC,2025-07-22,2025-07-23,-0.4328,-2682.0,1,z_revert
PAIR,POWERGRID/RECLTD,2025-07-23,2025-07-24,0.5841,3614.0,1,z_revert
PAIR,POWERGRID/RECLTD,2025-07-24,2025-07-25,0.6368,3948.0,1,z_revert
BREAKOUT,AMBUJACEM,2025-07-21,2025-07-28,-0.9188,-5710.0,7,time_stop
PAIR,NHPC/PFC,2025-07-23,2025-07-28,-0.0424,-262.0,5,z_revert
PAIR,POWERGRID/RECLTD,2025-07-25,2025-07-28,-0.9473,-5867.0,3,z_revert
PAIR,POWERGRID/RECLTD,2025-07-28,2025-07-29,0.6673,4119.0,1,z_revert
PAIR,NHPC/PFC,2025-07-28,2025-07-29,-0.3425,-2119.0,1,z_revert
PAIR,POWERGRID/RECLTD,2025-07-29,2025-07-30,0.6136,3791.0,1,z_revert
PAIR,NHPC/PFC,2025-07-29,2025-07-30,0.0573,355.0,1,z_revert
PAIR,POWERGRID/RECLTD,2025-07-30,2025-07-31,-1.0115,-6265.0,1,z_revert
PAIR,NHPC/PFC,2025-07-30,2025-08-01,0.0988,610.0,2,z_revert
PAIR,POWERGRID/RECLTD,2025-07-31,2025-08-04,0.4365,2695.0,4,z_revert
PAIR,JUBLFOOD/PAGEIND,2025-07-21,2025-08-05,-1.5366,-9501.0,15,time_stop
PAIR,NHPC/PFC,2025-08-01,2025-08-05,0.2371,1458.0,4,z_revert
PAIR,POWERGRID/RECLTD,2025-08-04,2025-08-05,0.274,1686.0,1,z_revert
PAIR,POWERGRID/RECLTD,2025-08-05,2025-08-06,-0.343,-2113.0,1,z_revert
PAIR,JSWSTEEL/HINDALCO,2025-08-05,2025-08-06,0.1693,1042.0,1,z_revert
PAIR,NHPC/PFC,2025-08-05,2025-08-07,-0.4617,-2843.0,2,z_revert
PAIR,POWERGRID/RECLTD,2025-08-06,2025-08-07,-0.6683,-4108.0,1,z_revert
PAIR,POWERGRID/RECLTD,2025-08-07,2025-08-11,0.3307,2029.0,4,z_revert
PAIR,DLF/GODREJPROP,2025-07-28,2025-08-12,-2.0443,-12552.0,15,time_stop
PAIR,POWERGRID/RECLTD,2025-08-11,2025-08-12,-0.1699,-1036.0,1,z_revert
PAIR,POWERGRID/RECLTD,2025-08-12,2025-08-13,-0.4958,-3021.0,1,z_revert
MEAN_REV,BAJFINANCE,2025-08-06,2025-08-18,3.1687,19272.0,12,time_stop
PAIR,NHPC/PFC,2025-08-07,2025-08-20,0.1476,908.0,13,z_revert
PAIR,POWERGRID/RECLTD,2025-08-13,2025-08-21,0.0168,104.0,8,z_revert
PAIR,NHPC/PFC,2025-08-20,2025-08-21,-0.338,-2080.0,1,z_revert
MEAN_REV,NESTLEIND,2025-08-12,2025-08-22,6.2975,38704.0,10,time_stop
PAIR,DLF/GODREJPROP,2025-08-18,2025-08-22,1.5724,9877.0,4,z_revert
PAIR,DLF/GODREJPROP,2025-08-22,2025-08-25,-0.1341,-847.0,3,z_revert
PAIR,NHPC/PFC,2025-08-21,2025-08-26,0.3308,2088.0,5,z_revert
BREAKOUT,ZYDUSLIFE,2025-08-25,2025-08-26,-3.9292,-24834.0,1,stoploss
PAIR,CHOLAFIN/LICHSGFIN,2025-08-22,2025-08-29,2.4208,15090.0,7,z_revert
PAIR,JUBLFOOD/PAGEIND,2025-08-29,2025-09-01,-0.1053,-662.0,3,z_revert
PAIR,DLF/GODREJPROP,2025-08-26,2025-09-03,-0.3899,-2450.0,8,z_revert
PAIR,POWERGRID/RECLTD,2025-08-21,2025-09-05,-1.9257,-12084.0,15,time_stop
MEAN_REV,HDFCBANK,2025-08-26,2025-09-05,-0.6429,-4007.0,10,time_stop
BREAKOUT,EICHERMOT,2025-09-01,2025-09-05,4.6323,28808.0,4,target
BREAKOUT,M&M,2025-09-05,2025-09-08,3.7262,23549.0,3,target
BREAKOUT,TATASTEEL,2025-09-03,2025-09-10,0.6875,4401.0,7,time_stop
PAIR,POWERGRID/RECLTD,2025-09-05,2025-09-10,1.0228,6564.0,5,z_revert
PAIR,DLF/GODREJPROP,2025-09-08,2025-09-10,0.7709,4965.0,2,z_revert
PAIR,DLF/GODREJPROP,2025-09-10,2025-09-11,0.0359,232.0,1,z_revert
PAIR,DLF/GODREJPROP,2025-09-11,2025-09-12,-0.0239,-155.0,1,z_revert
MEAN_REV,HDFCBANK,2025-09-05,2025-09-15,0.4503,2908.0,10,time_stop
PAIR,POWERGRID/RECLTD,2025-09-10,2025-09-15,0.287,1857.0,5,z_revert
PAIR,DLF/GODREJPROP,2025-09-12,2025-09-15,-0.0869,-563.0,3,z_revert
PAIR,POWERGRID/RECLTD,2025-09-15,2025-09-16,-0.1238,-802.0,1,z_revert
PAIR,DLF/GODREJPROP,2025-09-15,2025-09-16,-0.1054,-682.0,1,z_revert
PAIR,POWERGRID/RECLTD,2025-09-16,2025-09-17,0.7034,4550.0,1,z_revert
PAIR,DLF/GODREJPROP,2025-09-16,2025-09-17,0.4887,3168.0,1,z_revert
PAIR,POWERGRID/RECLTD,2025-09-17,2025-09-18,-0.2276,-1478.0,1,z_revert
PAIR,DLF/GODREJPROP,2025-09-17,2025-09-18,0.1605,1041.0,1,z_revert
PAIR,POWERGRID/RECLTD,2025-09-18,2025-09-19,0.5028,3265.0,1,z_revert
PAIR,DLF/GODREJPROP,2025-09-18,2025-09-19,1.7466,11361.0,1,z_revert
BREAKOUT,NHPC,2025-09-15,2025-09-22,1.4524,9505.0,7,time_stop
PAIR,POWERGRID/RECLTD,2025-09-19,2025-09-22,-0.1537,-1011.0,3,z_revert
PAIR,DLF/GODREJPROP,2025-09-19,2025-09-22,-0.6147,-4041.0,3,z_revert
PAIR,POWERGRID/RECLTD,2025-09-22,2025-09-23,0.0203,133.0,1,z_revert
PAIR,DLF/GODREJPROP,2025-09-22,2025-09-23,0.9032,5925.0,1,z_revert
PAIR,DLF/GODREJPROP,2025-09-23,2025-09-24,-0.328,-2158.0,1,z_revert
PAIR,PRESTIGE/LODHA,2025-09-10,2025-09-25,-0.2897,-1905.0,15,time_stop
PAIR,POWERGRID/RECLTD,2025-09-23,2025-09-25,-0.8202,-5386.0,2,z_revert
PAIR,DLF/GODREJPROP,2025-09-24,2025-09-25,-0.3783,-2477.0,1,z_revert
PAIR,POWERGRID/RECLTD,2025-09-25,2025-09-26,-0.5766,-3770.0,1,z_revert
PAIR,DLF/GODREJPROP,2025-09-25,2025-09-26,0.0579,378.0,1,z_revert
PAIR,PRESTIGE/LODHA,2025-09-25,2025-09-26,0.34,2219.0,1,z_revert
PAIR,POWERGRID/RECLTD,2025-09-26,2025-09-29,0.84,5490.0,3,z_revert
PAIR,DLF/GODREJPROP,2025-09-26,2025-09-29,0.7547,4947.0,3,z_revert
PAIR,PRESTIGE/LODHA,2025-09-26,2025-09-29,0.025,164.0,3,z_revert
PAIR,POWERGRID/RECLTD,2025-09-29,2025-09-30,0.2657,1746.0,1,z_revert
PAIR,DLF/GODREJPROP,2025-09-29,2025-09-30,-0.2466,-1622.0,1,z_revert
PAIR,POWERGRID/RECLTD,2025-09-30,2025-10-01,0.4392,2887.0,1,z_revert
PAIR,DLF/GODREJPROP,2025-09-30,2025-10-01,0.9472,6236.0,1,z_revert
MEAN_REV,HDFCBANK,2025-09-22,2025-10-03,0.2017,1332.0,11,time_stop
PAIR,POWERGRID/RECLTD,2025-10-01,2025-10-03,-1.0377,-6859.0,2,z_revert
PAIR,DMART/PAGEIND,2025-10-01,2025-10-03,-0.6195,-4080.0,2,z_revert
BREAKOUT,HINDPETRO,2025-09-29,2025-10-06,3.523,23151.0,7,time_stop
PAIR,POWERGRID/RECLTD,2025-10-03,2025-10-06,0.1339,891.0,3,z_revert
PAIR,DLF/GODREJPROP,2025-10-03,2025-10-06,0.1991,1325.0,3,z_revert
PAIR,POWERGRID/RECLTD,2025-10-06,2025-10-07,-0.5699,-3795.0,1,z_revert
BREAKOUT,AXISBANK,2025-10-06,2025-10-07,-2.0227,-13444.0,1,stoploss
PAIR,POWERGRID/RECLTD,2025-10-07,2025-10-08,0.0685,452.0,1,z_revert
PAIR,DLF/GODREJPROP,2025-10-07,2025-10-08,-0.1647,-1087.0,1,z_revert
PAIR,POWERGRID/RECLTD,2025-10-08,2025-10-09,-0.1203,-794.0,1,z_revert
PAIR,DLF/GODREJPROP,2025-10-08,2025-10-09,-0.3232,-2131.0,1,z_revert
PAIR,DLF/GODREJPROP,2025-10-09,2025-10-10,0.752,4953.0,1,z_revert
BREAKOUT,IOC,2025-10-06,2025-10-13,0.1027,679.0,7,time_stop
PAIR,DLF/GODREJPROP,2025-10-13,2025-10-14,-0.7838,-5179.0,1,z_revert
PAIR,DMART/PAGEIND,2025-10-03,2025-10-15,-0.076,-501.0,12,z_revert
PAIR,DLF/GODREJPROP,2025-10-14,2025-10-15,0.7788,5130.0,1,z_revert
PAIR,DLF/GODREJPROP,2025-10-15,2025-10-16,0.7179,4742.0,1,z_revert
BREAKOUT,DIVISLAB,2025-10-10,2025-10-17,1.9389,12839.0,7,time_stop
PAIR,DLF/GODREJPROP,2025-10-17,2025-10-20,0.9964,6643.0,3,z_revert
BREAKOUT,NESTLEIND,2025-10-16,2025-10-23,-0.4836,-3235.0,7,time_stop
PAIR,POWERGRID/RECLTD,2025-10-09,2025-10-24,-1.0997,-7344.0,15,time_stop
BREAKOUT,FEDERALBNK,2025-10-20,2025-10-27,2.6081,17351.0,7,time_stop
PAIR,NHPC/PFC,2025-10-23,2025-10-27,0.4875,3273.0,4,z_revert
PAIR,NHPC/PFC,2025-10-27,2025-10-28,-0.0348,-234.0,1,z_revert
PAIR,POWERGRID/RECLTD,2025-10-24,2025-10-29,2.0313,13658.0,5,z_revert
PAIR,NHPC/PFC,2025-10-28,2025-10-29,0.2802,1897.0,1,z_revert
PAIR,COFORGE/PERSISTENT,2025-10-15,2025-10-30,-0.7808,-5292.0,15,time_stop
PAIR,POWERGRID/RECLTD,2025-10-29,2025-10-30,-0.3775,-2552.0,1,z_revert
PAIR,NHPC/PFC,2025-10-29,2025-10-30,-0.3115,-2103.0,1,z_revert
PAIR,POWERGRID/RECLTD,2025-10-30,2025-10-31,0.0795,536.0,1,z_revert
PAIR,NHPC/PFC,2025-10-30,2025-10-31,0.6133,4137.0,1,z_revert
BREAKOUT,FEDERALBNK,2025-10-27,2025-11-03,2.1096,14261.0,7,time_stop
PAIR,POWERGRID/RECLTD,2025-10-31,2025-11-03,0.6857,4670.0,3,z_revert
PAIR,POWERGRID/RECLTD,2025-11-03,2025-11-04,0.59,4027.0,1,z_revert
PAIR,DRREDDY/ZYDUSLIFE,2025-10-30,2025-11-06,2.7544,18841.0,7,z_revert
PAIR,JSWSTEEL/HINDALCO,2025-11-03,2025-11-06,2.4014,16585.0,3,z_revert
PAIR,POWERGRID/RECLTD,2025-11-04,2025-11-06,0.3783,2635.0,2,z_revert
BREAKOUT,DIVISLAB,2025-10-31,2025-11-07,-1.8411,-12839.0,7,time_stop
PAIR,POWERGRID/RECLTD,2025-11-06,2025-11-07,0.0478,331.0,1,z_revert
PAIR,NHPC/PFC,2025-11-06,2025-11-07,0.4662,3231.0,1,z_revert
PAIR,DLF/GODREJPROP,2025-11-06,2025-11-07,-1.2169,-8447.0,1,z_revert
PAIR,POWERGRID/RECLTD,2025-11-07,2025-11-10,-0.5212,-3602.0,3,z_revert
PAIR,JSWSTEEL/HINDALCO,2025-11-07,2025-11-10,0.6184,4266.0,3,z_revert
PAIR,DLF/GODREJPROP,2025-11-07,2025-11-10,0.5481,3790.0,3,z_revert
PAIR,POWERGRID/RECLTD,2025-11-10,2025-11-11,0.088,610.0,1,z_revert
PAIR,JSWSTEEL/HINDALCO,2025-11-10,2025-11-11,-0.1481,-1026.0,1,z_revert
PAIR,DLF/GODREJPROP,2025-11-10,2025-11-11,-0.4873,-3375.0,1,z_revert
PAIR,POWERGRID/RECLTD,2025-11-11,2025-11-12,0.1229,850.0,1,z_revert
BREAKOUT,ASHOKLEY,2025-11-11,2025-11-12,-2.3836,-16487.0,1,stoploss
BREAKOUT,INDUSINDBK,2025-11-11,2025-11-12,4.4574,30574.0,1,target
PAIR,POWERGRID/RECLTD,2025-11-12,2025-11-13,-0.8834,-6154.0,1,z_revert
PAIR,JSWSTEEL/HINDALCO,2025-11-12,2025-11-13,-0.9349,-6492.0,1,z_revert
PAIR,DMART/PAGEIND,2025-11-12,2025-11-13,1.5415,10670.0,1,z_revert
PAIR,NHPC/PFC,2025-11-07,2025-11-14,-0.0338,-235.0,7,z_revert
PAIR,POWERGRID/RECLTD,2025-11-13,2025-11-14,-0.3378,-2350.0,1,z_revert
PAIR,JSWSTEEL/HINDALCO,2025-11-13,2025-11-14,-0.2286,-1589.0,1,z_revert
PAIR,POWERGRID/RECLTD,2025-11-14,2025-11-17,0.0451,313.0,3,z_revert
PAIR,JSWSTEEL/HINDALCO,2025-11-14,2025-11-17,0.0827,574.0,3,z_revert
PAIR,POWERGRID/RECLTD,2025-11-17,2025-11-18,-0.5329,-3703.0,1,z_revert
BREAKOUT,ASHOKLEY,2025-11-13,2025-11-19,-2.9465,-20433.0,6,stoploss
PAIR,POWERGRID/RECLTD,2025-11-18,2025-11-19,-0.1115,-765.0,1,z_revert
BREAKOUT,HEROMOTOCO,2025-11-17,2025-11-20,3.2674,22416.0,3,target
PAIR,POWERGRID/RECLTD,2025-11-19,2025-11-20,-0.0901,-625.0,1,z_revert
BREAKOUT,HCLTECH,2025-11-19,2025-11-21,-3.0361,-21061.0,2,stoploss
PAIR,JSWSTEEL/HINDALCO,2025-11-20,2025-11-21,-0.0994,-682.0,1,z_revert
PAIR,DLF/GODREJPROP,2025-11-21,2025-11-25,0.4048,2777.0,4,z_revert
PAIR,POWERGRID/RECLTD,2025-11-20,2025-11-26,-0.2929,-2012.0,6,z_revert
PAIR,JSWSTEEL/HINDALCO,2025-11-21,2025-11-26,-0.7104,-4876.0,5,z_revert
PAIR,POWERGRID/RECLTD,2025-11-26,2025-11-27,0.9101,6231.0,1,z_revert
PAIR,JSWSTEEL/HINDALCO,2025-11-26,2025-11-27,-0.0698,-480.0,1,z_revert
PAIR,POWERGRID/RECLTD,2025-11-27,2025-11-28,0.5037,3458.0,1,z_revert
PAIR,DRREDDY/ZYDUSLIFE,2025-11-14,2025-12-01,-0.9825,-6758.0,17,time_stop
PAIR,POWERGRID/RECLTD,2025-11-28,2025-12-01,-0.2367,-1623.0,3,z_revert
BREAKOUT,FEDERALBNK,2025-11-25,2025-12-02,1.3773,9433.0,7,time_stop
PAIR,POWERGRID/RECLTD,2025-12-01,2025-12-02,0.3621,2492.0,1,z_revert
PAIR,POWERGRID/RECLTD,2025-12-02,2025-12-03,-1.1211,-7725.0,1,z_revert
BREAKOUT,ASHOKLEY,2025-11-27,2025-12-04,2.1237,14577.0,7,time_stop
PAIR,POWERGRID/RECLTD,2025-12-03,2025-12-04,0.2554,1766.0,1,z_revert
PAIR,POWERGRID/RECLTD,2025-12-04,2025-12-05,-0.0154,-107.0,1,z_revert
PAIR,DLF/GODREJPROP,2025-12-04,2025-12-05,-0.5452,-3773.0,1,z_revert
BREAKOUT,TVSMOTOR,2025-12-01,2025-12-08,-1.4802,-10224.0,7,time_stop
PAIR,DLF/GODREJPROP,2025-12-08,2025-12-09,1.4163,9733.0,1,z_revert
PAIR,DLF/GODREJPROP,2025-12-09,2025-12-10,-0.3036,-2097.0,1,z_revert
PAIR,JSWSTEEL/HINDALCO,2025-12-02,2025-12-17,-6.0311,-41606.0,15,time_stop
PAIR,POWERGRID/RECLTD,2025-12-05,2025-12-18,-0.2755,-1861.0,13,z_revert
PAIR,CHOLAFIN/LICHSGFIN,2025-12-05,2025-12-19,1.508,10174.0,14,z_revert
PAIR,POWERGRID/RECLTD,2025-12-18,2025-12-23,0.7862,5332.0,5,z_revert
PAIR,NHPC/PFC,2025-12-19,2025-12-23,1.1287,7676.0,4,z_revert
PAIR,POWERGRID/RECLTD,2025-12-23,2025-12-24,-0.1518,-1036.0,1,z_revert
PAIR,INFY/PERSISTENT,2025-12-10,2025-12-26,0.0537,366.0,16,time_stop
PAIR,POWERGRID/RECLTD,2025-12-24,2025-12-26,0.7807,5328.0,2,z_revert
PAIR,POWERGRID/RECLTD,2025-12-26,2025-12-29,0.7207,4932.0,3,z_revert
PAIR,NHPC/PFC,2025-12-26,2025-12-29,0.7157,4911.0,3,z_revert
BREAKOUT,COALINDIA,2025-12-23,2025-12-30,-1.0554,-7259.0,7,time_stop
PAIR,POWERGRID/RECLTD,2025-12-29,2025-12-30,-0.3048,-2089.0,1,z_revert
PAIR,INDUSINDBK/BANKBARODA,2025-12-29,2025-12-31,0.0471,322.0,2,z_revert
PAIR,POWERGRID/RECLTD,2025-12-30,2025-12-31,-0.0859,-588.0,1,z_revert
BREAKOUT,SAIL,2025-12-30,2025-12-31,4.6204,31625.0,1,target
PAIR,JSWSTEEL/HINDALCO,2025-12-17,2026-01-01,1.4983,10421.0,15,time_stop
PAIR,POWERGRID/RECLTD,2025-12-31,2026-01-01,0.8218,5746.0,1,z_revert
PAIR,NHPC/PFC,2025-12-31,2026-01-01,0.6929,4859.0,1,z_revert
PAIR,INDUSINDBK/BANKBARODA,2025-12-31,2026-01-01,0.6708,4715.0,1,z_revert
PAIR,POWERGRID/RECLTD,2026-01-01,2026-01-02,1.164,8201.0,1,z_revert
PAIR,INDUSINDBK/BANKBARODA,2026-01-01,2026-01-02,-0.014,-99.0,1,z_revert
PAIR,NHPC/PFC,2026-01-01,2026-01-05,-0.6506,-4603.0,4,z_revert
PAIR,POWERGRID/RECLTD,2026-01-02,2026-01-05,-0.2011,-1419.0,3,z_revert
PAIR,INDUSINDBK/BANKBARODA,2026-01-02,2026-01-05,-0.379,-2673.0,3,z_revert
PAIR,POWERGRID/RECLTD,2026-01-05,2026-01-06,0.7413,5221.0,1,z_revert
PAIR,NHPC/PFC,2026-01-05,2026-01-06,0.1472,1040.0,1,z_revert
PAIR,POWERGRID/RECLTD,2026-01-06,2026-01-07,1.1181,7900.0,1,z_revert
PAIR,NHPC/PFC,2026-01-06,2026-01-07,0.0972,689.0,1,z_revert
BREAKOUT,SHREECEM,2026-01-05,2026-01-08,-2.6525,-18820.0,3,stoploss
PAIR,POWERGRID/RECLTD,2026-01-07,2026-01-08,-0.8488,-5966.0,1,z_revert
PAIR,POWERGRID/RECLTD,2026-01-08,2026-01-09,-0.7521,-5271.0,1,z_revert
PAIR,JSWSTEEL/HINDALCO,2026-01-01,2026-01-12,-0.8415,-5882.0,11,z_revert
PAIR,NHPC/PFC,2026-01-08,2026-01-12,0.5746,4005.0,4,z_revert
PAIR,POWERGRID/RECLTD,2026-01-09,2026-01-12,0.9675,6757.0,3,z_revert
PAIR,POWERGRID/RECLTD,2026-01-12,2026-01-13,-0.5781,-4051.0,1,z_revert
PAIR,NHPC/PFC,2026-01-12,2026-01-13,0.4894,3422.0,1,z_revert
BREAKOUT,TITAN,2026-01-07,2026-01-14,-1.4418,-10100.0,7,time_stop
PAIR,POWERGRID/RECLTD,2026-01-13,2026-01-14,0.4732,3298.0,1,z_revert
PAIR,NHPC/PFC,2026-01-13,2026-01-14,0.4141,2891.0,1,z_revert
PAIR,POWERGRID/RECLTD,2026-01-14,2026-01-16,0.4285,2996.0,2,z_revert
PAIR,NHPC/PFC,2026-01-14,2026-01-16,0.9448,6616.0,2,z_revert
BREAKOUT,PNB,2026-01-16,2026-01-19,-3.4657,-24346.0,3,stoploss
PAIR,NHPC/PFC,2026-01-19,2026-01-20,-0.4895,-3397.0,1,z_revert
PAIR,NHPC/PFC,2026-01-20,2026-01-21,0.5055,3502.0,1,z_revert
PAIR,POWERGRID/RECLTD,2026-01-21,2026-01-22,0.7923,5498.0,1,z_revert
BREAKOUT,TECHM,2026-01-16,2026-01-23,1.5044,10470.0,7,time_stop
PAIR,POWERGRID/RECLTD,2026-01-22,2026-01-23,0.3146,2201.0,1,z_revert
PAIR,JSWSTEEL/HINDALCO,2026-01-12,2026-01-27,-0.5779,-4048.0,15,time_stop
MEAN_REV,KOTAKBANK,2026-01-14,2026-01-27,-3.1094,-21733.0,13,time_stop
PAIR,POWERGRID/RECLTD,2026-01-23,2026-01-27,0.231,1597.0,4,z_revert
BREAKOUT,VEDL,2026-01-27,2026-01-28,4.7747,33037.0,1,target
BREAKOUT,JSWSTEEL,2026-01-27,2026-02-01,-2.2462,-15801.0,5,stoploss
PAIR,JSWSTEEL/HINDALCO,2026-02-01,2026-02-02,-1.034,-7217.0,1,z_revert
PAIR,INFY/PERSISTENT,2026-01-23,2026-02-03,1.5996,11124.0,11,z_revert
PAIR,JSWSTEEL/HINDALCO,2026-02-03,2026-02-04,-0.5018,-3509.0,1,z_revert
PAIR,JSWSTEEL/HINDALCO,2026-02-04,2026-02-05,1.9185,13393.0,1,z_revert
MEAN_REV,KOTAKBANK,2026-01-27,2026-02-06,3.5522,24964.0,10,time_stop
PAIR,M&M/ASHOKLEY,2026-01-28,2026-02-12,0.0,0.0,15,time_stop
BREAKOUT,DMART,2026-02-05,2026-02-12,0.0,0.0,7,time_stop
MEAN_REV,KOTAKBANK,2026-02-06,2026-02-16,0.0,0.0,10,time_stop
PAIR,POWERGRID/RECLTD,2026-02-02,2026-02-17,-0.1596,-1135.0,15,time_stop
BREAKOUT,SUNPHARMA,2026-02-23,2026-02-26,3.7769,26858.0,3,target
BREAKOUT,PFC,2026-02-25,2026-02-27,-2.3629,-17025.0,2,stoploss
BREAKOUT,LICHSGFIN,2026-02-25,2026-03-02,-3.6562,-26125.0,5,stoploss
