strategy,symbol,entry_date,exit_date,pnl_pct,pnl_rupees,entry_premium,exit_premium,days_held,pnl_leg_a,pnl_leg_b,direction
EXPIRY_CONV,360ONE,2025-10-24,2025-10-28,0.157,931.0,-0.43,-0.273,4,,,
EXPIRY_CONV,ADANIGREEN,2025-01-27,2025-01-30,0.624,2338.0,-0.501,0.123,3,,,
EXPIRY_CONV,ALKEM,2025-02-24,2025-02-27,0.1986,915.0,0.317,0.118,3,,,
EXPIRY_CONV,ALKEM,2025-03-24,2025-03-27,0.248,1253.0,0.377,0.129,3,,,
EXPIRY_CONV,AMBER,2025-09-26,2025-09-30,0.724,5910.0,-0.588,0.136,4,,,
EXPIRY_CONV,AMBER,2025-11-21,2025-11-25,0.6972,5017.0,-0.403,0.294,4,,,
EXPIRY_CONV,ANGELONE,2025-01-27,2025-01-30,1.5984,7073.0,-1.317,0.281,3,,,
EXPIRY_CONV,ANGELONE,2025-02-24,2025-02-27,0.5642,2565.0,-0.339,0.225,3,,,
EXPIRY_CONV,ANGELONE,2025-03-24,2025-03-27,0.5378,2555.0,-0.32,0.218,3,,,
EXPIRY_CONV,ANGELONE,2025-08-25,2025-08-28,0.377,2306.0,0.311,-0.066,3,,,
EXPIRY_CONV,ANGELONE,2025-09-26,2025-09-30,1.2308,6573.0,-1.386,-0.155,4,,,
EXPIRY_CONV,ANGELONE,2025-12-26,2025-12-30,0.1373,857.0,0.321,0.183,4,,,
EXPIRY_CONV,ASHOKLEY,2024-11-25,2024-11-28,0.1683,988.0,-0.311,-0.142,3,,,
EXPIRY_CONV,ASHOKLEY,2025-12-26,2025-12-30,0.186,1624.0,-0.309,-0.123,4,,,
EXPIRY_CONV,ASHOKLEY,2026-01-23,2026-01-27,0.3109,3000.0,0.311,0.0,4,,,
EXPIRY_CONV,BANDHANBNK,2024-12-23,2024-12-26,0.8711,4010.0,0.803,-0.068,3,,,
EXPIRY_CONV,BANDHANBNK,2025-01-27,2025-01-30,0.4216,1765.0,0.395,-0.027,3,,,
EXPIRY_CONV,BANDHANBNK,2025-05-26,2025-05-29,0.1326,615.0,0.314,0.181,3,,,
EXPIRY_CONV,BANDHANBNK,2026-01-23,2026-01-27,0.5832,3135.0,0.301,-0.282,4,,,
EXPIRY_CONV,BANKNIFTY,2023-03-22,2023-03-28,0.2477,2477.0,0.301,0.053,6,,,
EXPIRY_CONV,BANKNIFTY,2024-09-20,2024-09-25,0.4513,3641.0,-0.451,0.001,5,,,
EXPIRY_CONV,BANKNIFTY,2024-12-19,2024-12-24,0.3484,2695.0,0.337,-0.011,5,,,
EXPIRY_CONV,BDL,2025-12-26,2025-12-30,0.373,1792.0,0.318,-0.055,4,,,
EXPIRY_CONV,BHARTIARTL,2025-11-21,2025-11-25,0.0692,711.0,-0.31,-0.241,4,,,
EXPIRY_CONV,BLUESTARCO,2025-07-28,2025-07-31,0.2473,1397.0,0.316,0.069,3,,,
EXPIRY_CONV,BLUESTARCO,2025-08-25,2025-08-28,0.1024,634.0,0.305,0.202,3,,,
EXPIRY_CONV,BLUESTARCO,2025-09-26,2025-09-30,0.65,3993.0,-0.799,-0.149,4,,,
EXPIRY_CONV,BLUESTARCO,2025-11-21,2025-11-25,0.1722,994.0,-0.31,-0.137,4,,,
EXPIRY_CONV,BLUESTARCO,2026-01-23,2026-01-27,0.3049,1683.0,0.377,0.072,4,,,
EXPIRY_CONV,BOSCHLTD,2025-02-24,2025-02-27,0.4888,3299.0,0.313,-0.176,3,,,
EXPIRY_CONV,BOSCHLTD,2025-07-28,2025-07-31,1.3051,12475.0,-1.491,-0.186,3,,,
EXPIRY_CONV,BSE,2025-09-26,2025-09-30,0.4112,3151.0,0.338,-0.074,4,,,
EXPIRY_CONV,CAMS,2025-01-27,2025-01-30,0.4108,1956.0,0.356,-0.055,3,,,
EXPIRY_CONV,CDSL,2025-06-23,2025-06-26,0.3765,2271.0,0.325,-0.052,3,,,
EXPIRY_CONV,CGPOWER,2025-01-27,2025-01-30,0.297,1282.0,0.369,0.073,3,,,
EXPIRY_CONV,CHOLAFIN,2025-04-21,2025-04-24,1.4176,14706.0,-1.301,0.116,3,,,
EXPIRY_CONV,CHOLAFIN,2025-10-24,2025-10-28,0.8086,8761.0,-0.635,0.174,4,,,
EXPIRY_CONV,DALBHARAT,2024-10-28,2024-10-30,-0.0159,-79.0,0.356,0.372,2,,,
EXPIRY_CONV,DALBHARAT,2025-01-27,2025-01-30,-0.0068,-33.0,0.312,0.319,3,,,
EXPIRY_CONV,DALBHARAT,2025-02-24,2025-02-27,0.062,296.0,0.38,0.318,3,,,
EXPIRY_CONV,DELHIVERY,2025-04-21,2025-04-24,0.3484,1551.0,-0.548,-0.2,3,,,
EXPIRY_CONV,DELHIVERY,2025-05-26,2025-05-29,0.8424,4657.0,-0.676,0.167,3,,,
EXPIRY_CONV,DMART,2025-02-24,2025-02-27,0.3501,1875.0,0.347,-0.003,3,,,
EXPIRY_CONV,DMART,2025-05-26,2025-05-29,0.3042,1889.0,0.314,0.01,3,,,
EXPIRY_CONV,DMART,2025-10-24,2025-10-28,0.2848,1800.0,0.304,0.019,4,,,
EXPIRY_CONV,DMART,2025-12-26,2025-12-30,0.2396,1361.0,0.314,0.075,4,,,
EXPIRY_CONV,ETERNAL,2025-04-21,2025-04-24,0.282,1321.0,-0.312,-0.03,3,,,
EXPIRY_CONV,GMRAIRPORT,2024-03-22,2024-03-28,0.563,4981.0,0.318,-0.245,6,,,
EXPIRY_CONV,GMRAIRPORT,2024-05-27,2024-05-30,0.6386,6336.0,0.454,-0.185,3,,,
EXPIRY_CONV,GMRAIRPORT,2024-07-22,2024-07-25,0.4892,5174.0,0.372,-0.117,3,,,
EXPIRY_CONV,HINDUNILVR,2023-04-24,2023-04-27,1.3436,9810.0,2.891,1.547,3,,,
EXPIRY_CONV,HINDUNILVR,2023-09-25,2023-09-28,0.8916,6510.0,1.757,0.865,3,,,
EXPIRY_CONV,HINDUNILVR,2023-10-23,2023-10-26,0.3349,2445.0,2.19,1.855,3,,,
EXPIRY_CONV,HINDUNILVR,2024-01-20,2024-01-25,1.9045,13905.0,1.617,-0.288,5,,,
EXPIRY_CONV,HINDZINC,2025-06-23,2025-06-26,0.3621,1954.0,0.306,-0.056,3,,,
EXPIRY_CONV,HINDZINC,2026-01-23,2026-01-27,0.4118,3525.0,-0.508,-0.096,4,,,
EXPIRY_CONV,HUDCO,2025-01-27,2025-01-30,1.0815,5500.0,-1.206,-0.125,3,,,
EXPIRY_CONV,HUDCO,2025-06-23,2025-06-26,0.281,1581.0,0.306,0.025,3,,,
EXPIRY_CONV,IDFCFIRSTB,2025-02-24,2025-02-27,0.3335,1498.0,0.367,0.034,3,,,
EXPIRY_CONV,INDIANB,2025-01-27,2025-01-30,1.0165,4814.0,-0.842,0.174,3,,,
EXPIRY_CONV,INDUSINDBK,2025-03-24,2025-03-27,0.5153,1725.0,0.515,0.0,3,,,
EXPIRY_CONV,INOXWIND,2025-05-26,2025-05-29,0.975,5994.0,-0.782,0.193,3,,,
EXPIRY_CONV,IREDA,2025-03-24,2025-03-27,3.0279,14931.0,-2.805,0.223,3,,,
EXPIRY_CONV,IREDA,2025-12-26,2025-12-30,0.4694,2283.0,0.426,-0.044,4,,,
EXPIRY_CONV,IRFC,2025-01-27,2025-01-30,0.7401,3576.0,-0.511,0.229,3,,,
EXPIRY_CONV,JSWENERGY,2026-01-23,2026-01-27,0.416,1987.0,-0.45,-0.034,4,,,
EXPIRY_CONV,JSWSTEEL,2025-11-21,2025-11-25,0.28,2155.0,-0.307,-0.027,4,,,
EXPIRY_CONV,JUBLFOOD,2025-02-24,2025-02-27,0.0205,173.0,0.319,0.298,3,,,
EXPIRY_CONV,JUBLFOOD,2026-01-23,2026-01-27,0.5899,3632.0,0.457,-0.133,4,,,
EXPIRY_CONV,KALYANKJIL,2025-04-21,2025-04-24,0.2636,1081.0,0.321,0.058,3,,,
EXPIRY_CONV,KALYANKJIL,2025-05-26,2025-05-29,0.299,1317.0,0.317,0.018,3,,,
EXPIRY_CONV,KEI,2025-01-27,2025-01-30,0.7324,4393.0,-0.369,0.364,3,,,
EXPIRY_CONV,KEI,2025-10-24,2025-10-28,0.2855,2061.0,0.32,0.034,4,,,
EXPIRY_CONV,KFINTECH,2025-09-26,2025-09-30,1.4584,7027.0,-1.373,0.086,4,,,
EXPIRY_CONV,KFINTECH,2025-11-21,2025-11-25,0.4421,2119.0,-0.385,0.057,4,,,
EXPIRY_CONV,LICI,2025-07-28,2025-07-31,0.3647,2274.0,0.337,-0.028,3,,,
EXPIRY_CONV,LODHA,2025-05-26,2025-05-29,0.0934,605.0,0.34,0.247,3,,,
EXPIRY_CONV,LODHA,2025-06-23,2025-06-26,0.2777,1841.0,0.305,0.028,3,,,
EXPIRY_CONV,LODHA,2025-07-28,2025-07-31,0.357,1933.0,0.341,-0.016,3,,,
EXPIRY_CONV,LTF,2023-03-22,2023-03-28,0.1578,1205.0,0.409,0.251,6,,,
EXPIRY_CONV,LTF,2023-09-25,2023-09-28,0.6788,7526.0,0.402,-0.276,3,,,
EXPIRY_CONV,LTF,2024-03-22,2024-03-28,0.3239,2240.0,0.387,0.063,6,,,
EXPIRY_CONV,LTF,2024-10-28,2024-10-30,0.5021,3187.0,0.366,-0.137,2,,,
EXPIRY_CONV,LTF,2025-01-27,2025-01-30,0.6169,3896.0,-0.374,0.242,3,,,
EXPIRY_CONV,LTF,2025-04-21,2025-04-24,1.027,7848.0,-0.893,0.134,3,,,
EXPIRY_CONV,LTF,2025-05-26,2025-05-29,1.4227,11064.0,-1.44,-0.017,3,,,
EXPIRY_CONV,LTF,2025-07-28,2025-07-31,0.2675,2411.0,0.332,0.064,3,,,
EXPIRY_CONV,NHPC,2025-02-24,2025-02-27,0.1627,804.0,0.311,0.148,3,,,
EXPIRY_CONV,NHPC,2025-03-24,2025-03-27,1.0288,5506.0,-1.017,0.012,3,,,
EXPIRY_CONV,NHPC,2025-12-26,2025-12-30,0.6118,3068.0,0.357,-0.255,4,,,
EXPIRY_CONV,NIFTY,2024-03-22,2024-03-28,0.2419,2673.0,0.311,0.069,6,,,
EXPIRY_CONV,NYKAA,2025-04-21,2025-04-24,-0.017,-96.0,0.317,0.334,3,,,
EXPIRY_CONV,NYKAA,2025-06-23,2025-06-26,0.2776,1667.0,0.427,0.15,3,,,
EXPIRY_CONV,NYKAA,2025-09-26,2025-09-30,0.3729,2687.0,0.369,-0.004,4,,,
EXPIRY_CONV,OIL,2025-01-27,2025-01-30,0.1169,511.0,0.344,0.227,3,,,
EXPIRY_CONV,OIL,2025-02-24,2025-02-27,0.2325,947.0,0.383,0.15,3,,,
EXPIRY_CONV,OIL,2025-06-23,2025-06-26,0.3162,1605.0,0.339,0.023,3,,,
EXPIRY_CONV,PATANJALI,2025-03-24,2025-03-27,0.3059,1649.0,0.34,0.034,3,,,
EXPIRY_CONV,PATANJALI,2025-06-23,2025-06-26,0.5468,2649.0,0.359,-0.188,3,,,
EXPIRY_CONV,PATANJALI,2025-09-26,2025-09-30,0.5487,2909.0,0.306,-0.243,4,,,
EXPIRY_CONV,PATANJALI,2026-01-23,2026-01-27,-0.3534,-1627.0,-0.332,-0.686,4,,,
EXPIRY_CONV,PFC,2023-12-22,2023-12-28,0.271,4063.0,0.349,0.078,6,,,
EXPIRY_CONV,PGEL,2025-08-25,2025-08-28,0.4342,1775.0,0.351,-0.083,3,,,
EXPIRY_CONV,PHOENIXLTD,2025-05-26,2025-05-29,0.4144,2316.0,0.319,-0.095,3,,,
EXPIRY_CONV,PIIND,2025-09-26,2025-09-30,0.5548,3386.0,0.353,-0.202,4,,,
EXPIRY_CONV,PIIND,2025-11-21,2025-11-25,0.4746,2847.0,-0.315,0.159,4,,,
EXPIRY_CONV,PNBHOUSING,2025-09-26,2025-09-30,0.2777,1560.0,0.324,0.046,4,,,
EXPIRY_CONV,POLICYBZR,2025-03-24,2025-03-27,0.5665,3088.0,-0.393,0.173,3,,,
EXPIRY_CONV,POLICYBZR,2026-01-23,2026-01-27,0.0592,347.0,-0.305,-0.245,4,,,
EXPIRY_CONV,PRESTIGE,2025-12-26,2025-12-30,0.4701,3405.0,0.304,-0.166,4,,,
EXPIRY_CONV,PRESTIGE,2026-01-23,2026-01-27,0.3384,2115.0,-0.324,0.014,4,,,
EXPIRY_CONV,RECLTD,2025-03-24,2025-03-27,0.7188,3195.0,-0.765,-0.046,3,,,
EXPIRY_CONV,RECLTD,2025-05-26,2025-05-29,0.1236,503.0,0.307,0.184,3,,,
EXPIRY_CONV,RECLTD,2025-10-24,2025-10-28,1.5043,7146.0,-1.369,0.136,4,,,
EXPIRY_CONV,SAMMAANCAP,2023-02-20,2023-02-23,1.0314,4600.0,1.031,0.0,3,,,
EXPIRY_CONV,SAMMAANCAP,2023-03-22,2023-03-28,0.3281,1319.0,0.597,0.269,6,,,
EXPIRY_CONV,SAMMAANCAP,2023-11-24,2023-11-29,-0.1131,-1057.0,0.327,0.441,5,,,
EXPIRY_CONV,SAMMAANCAP,2025-11-21,2025-11-25,0.7644,5223.0,0.56,-0.204,4,,,
EXPIRY_CONV,SAMMAANCAP,2026-01-23,2026-01-27,0.6986,4173.0,0.461,-0.238,4,,,
EXPIRY_CONV,SHREECEM,2024-11-25,2024-11-28,0.2829,1801.0,0.417,0.134,3,,,
EXPIRY_CONV,SHREECEM,2025-06-23,2025-06-26,0.3851,2750.0,0.385,0.0,3,,,
EXPIRY_CONV,SONACOMS,2025-02-24,2025-02-27,0.6248,2445.0,0.376,-0.248,3,,,
EXPIRY_CONV,SONACOMS,2025-03-24,2025-03-27,0.7936,3087.0,-0.986,-0.193,3,,,
EXPIRY_CONV,SONACOMS,2025-04-21,2025-04-24,0.4897,1729.0,-0.351,0.139,3,,,
EXPIRY_CONV,SONACOMS,2025-06-23,2025-06-26,0.6267,2318.0,0.377,-0.25,3,,,
EXPIRY_CONV,SONACOMS,2025-07-28,2025-07-31,0.0311,152.0,0.376,0.345,3,,,
EXPIRY_CONV,SUNPHARMA,2024-08-26,2024-08-29,1.4075,8767.0,-0.556,0.851,3,,,
EXPIRY_CONV,SUPREMEIND,2025-06-23,2025-06-26,0.4482,2511.0,-0.457,-0.009,3,,,
EXPIRY_CONV,SUPREMEIND,2025-12-26,2025-12-30,0.3483,1995.0,0.33,-0.018,4,,,
EXPIRY_CONV,TATACONSUM,2025-02-24,2025-02-27,0.1954,893.0,0.354,0.159,3,,,
EXPIRY_CONV,TATACONSUM,2025-05-26,2025-05-29,0.9764,5104.0,-0.724,0.252,3,,,
EXPIRY_CONV,TATAELXSI,2025-09-26,2025-09-30,0.3267,1733.0,-0.556,-0.23,4,,,
EXPIRY_CONV,TATATECH,2026-01-23,2026-01-27,0.4191,2205.0,0.327,-0.092,4,,,
EXPIRY_CONV,TCS,2023-12-22,2023-12-28,0.413,2764.0,0.447,0.034,6,,,
EXPIRY_CONV,UNIONBANK,2025-04-21,2025-04-24,0.1086,618.0,0.311,0.202,3,,,
EXPIRY_CONV,UNITDSPR,2024-07-24,2024-07-25,3.8785,38745.0,-2.975,0.904,1,,,
EXPIRY_CONV,UNITDSPR,2024-08-26,2024-08-29,0.6552,6545.0,2.015,1.359,3,,,
EXPIRY_CONV,UNITDSPR,2026-01-23,2026-01-27,0.4785,2551.0,-0.578,-0.099,4,,,
EXPIRY_CONV,VEDL,2024-12-23,2024-12-26,1.71,9305.0,-1.775,-0.065,3,,,
EXPIRY_CONV,VEDL,2025-06-23,2025-06-26,1.7103,8848.0,-1.601,0.11,3,,,
EXPIRY_CONV,YESBANK,2025-06-23,2025-06-26,0.4014,2075.0,0.302,-0.1,3,,,
PAIR_TRADE,ULTRACEMCO/GRASIM,2024-04-18,2024-05-08,-2.4844,-29680.0,,,20,2.2068,-7.1757,LONG_SPREAD
PAIR_TRADE,ULTRACEMCO/GRASIM,2024-05-31,2024-06-20,-1.2035,-6230.0,,,20,-9.2879,6.8808,SHORT_SPREAD
PAIR_TRADE,ULTRACEMCO/GRASIM,2024-07-11,2024-07-30,1.1943,14305.0,,,19,2.0153,0.3734,LONG_SPREAD
PAIR_TRADE,ULTRACEMCO/GRASIM,2024-09-23,2024-09-27,2.1244,28985.0,,,4,-0.8639,5.1128,SHORT_SPREAD
PAIR_TRADE,ULTRACEMCO/GRASIM,2024-10-18,2024-10-25,2.207,31870.0,,,7,-0.9678,5.3819,LONG_SPREAD
PAIR_TRADE,ULTRACEMCO/GRASIM,2024-11-08,2024-11-18,1.3221,13600.0,,,10,3.8996,-1.2555,SHORT_SPREAD
PAIR_TRADE,ULTRACEMCO/GRASIM,2024-12-17,2025-01-06,-1.6011,-22222.0,,,20,2.2039,-5.4061,SHORT_SPREAD
PAIR_TRADE,ULTRACEMCO/GRASIM,2025-02-28,2025-03-20,0.4907,473.0,,,20,7.392,-6.4106,LONG_SPREAD
PAIR_TRADE,ULTRACEMCO/GRASIM,2025-04-30,2025-05-19,1.4294,17575.0,,,19,2.026,0.8328,LONG_SPREAD
PAIR_TRADE,ULTRACEMCO/GRASIM,2025-09-18,2025-10-08,-0.7581,-6600.0,,,20,-4.9416,3.4254,LONG_SPREAD
PAIR_TRADE,ULTRACEMCO/GRASIM,2025-10-23,2025-11-06,1.8992,29275.0,,,14,-1.8645,5.6628,LONG_SPREAD
PAIR_TRADE,ULTRACEMCO/GRASIM,2025-12-18,2025-12-26,1.2152,13600.0,,,8,2.7006,-0.2703,LONG_SPREAD
PAIR_TRADE,ULTRACEMCO/GRASIM,2026-01-14,2026-02-03,-1.2426,-14800.0,,,20,-2.9913,0.5061,SHORT_SPREAD
PAIR_TRADE,TATAPOWER/NHPC,2025-02-20,2025-02-28,2.5128,25245.0,,,8,-5.1972,10.2227,LONG_SPREAD
PAIR_TRADE,TATAPOWER/NHPC,2025-04-04,2025-04-24,0.0933,1237.0,,,20,7.2685,-7.0819,LONG_SPREAD
PAIR_TRADE,TATAPOWER/NHPC,2025-06-18,2025-07-08,2.0573,20666.0,,,20,-2.7941,6.9087,SHORT_SPREAD
PAIR_TRADE,TATAPOWER/NHPC,2025-09-03,2025-09-11,1.8576,19165.0,,,8,0.333,3.3822,SHORT_SPREAD
PAIR_TRADE,TATAPOWER/NHPC,2025-09-15,2025-10-06,0.7616,8639.0,,,21,1.8345,-0.3112,LONG_SPREAD
PAIR_TRADE,TATAPOWER/NHPC,2025-10-24,2025-11-13,-1.0073,-10386.0,,,20,1.7785,-3.7931,SHORT_SPREAD
PAIR_TRADE,TATAPOWER/NHPC,2025-11-24,2025-12-08,0.7336,8273.0,,,14,1.7013,-0.2341,SHORT_SPREAD
PAIR_TRADE,TATAPOWER/NHPC,2025-12-30,2026-01-19,-2.0667,-21847.0,,,20,-2.7555,-1.3779,LONG_SPREAD
PAIR_TRADE,M&M/BHARATFORG,2025-05-06,2025-05-09,5.2095,58540.0,,,3,2.8318,7.5872,SHORT_SPREAD
PAIR_TRADE,M&M/BHARATFORG,2025-07-10,2025-07-30,-2.6929,-33510.0,,,20,-1.3353,-4.0504,SHORT_SPREAD
PAIR_TRADE,M&M/BHARATFORG,2025-08-20,2025-09-09,-3.6579,-51540.0,,,20,-9.1776,1.8617,SHORT_SPREAD
PAIR_TRADE,M&M/BHARATFORG,2025-10-27,2025-11-07,0.809,12160.0,,,11,2.2624,-0.6443,LONG_SPREAD
PAIR_TRADE,M&M/BHARATFORG,2025-12-19,2026-01-01,1.3141,18990.0,,,13,4.8264,-2.1982,LONG_SPREAD
PAIR_TRADE,HUDCO/ADANIGREEN,2025-02-21,2025-02-25,3.2333,33760.0,,,4,5.6116,0.855,SHORT_SPREAD
PAIR_TRADE,HUDCO/ADANIGREEN,2025-04-08,2025-04-09,-2.4807,-27650.0,,,1,-3.2481,-1.7133,SHORT_SPREAD
PAIR_TRADE,HUDCO/ADANIGREEN,2025-04-11,2025-05-02,-0.867,-11204.0,,,21,-2.9887,1.2547,SHORT_SPREAD
PAIR_TRADE,HUDCO/ADANIGREEN,2025-07-17,2025-08-05,1.1222,13838.0,,,19,-5.2862,7.5306,LONG_SPREAD
PAIR_TRADE,HUDCO/ADANIGREEN,2025-09-02,2025-09-10,1.2904,14366.0,,,8,-0.4856,3.0664,SHORT_SPREAD
PAIR_TRADE,HUDCO/ADANIGREEN,2025-09-22,2025-10-03,2.2817,32222.0,,,11,-2.2185,6.782,LONG_SPREAD
PAIR_TRADE,HUDCO/ADANIGREEN,2025-11-13,2025-11-17,2.5834,31925.0,,,4,6.3994,-1.2326,LONG_SPREAD
PAIR_TRADE,HUDCO/ADANIGREEN,2025-11-26,2025-12-03,1.9486,27006.0,,,7,6.0782,-2.181,SHORT_SPREAD
PAIR_TRADE,HUDCO/ADANIGREEN,2026-01-23,2026-01-30,6.6576,63968.0,,,7,2.7665,10.5488,SHORT_SPREAD
PAIR_TRADE,LODHA/IRCTC,2025-05-02,2025-05-13,3.226,39901.0,,,11,4.4604,1.9916,SHORT_SPREAD
PAIR_TRADE,LODHA/IRCTC,2025-05-28,2025-06-17,0.1354,1640.0,,,20,1.0708,-0.7999,SHORT_SPREAD
PAIR_TRADE,LODHA/IRCTC,2025-07-03,2025-07-14,2.3267,29672.0,,,11,3.3631,1.2903,LONG_SPREAD
PAIR_TRADE,LODHA/IRCTC,2025-07-28,2025-08-18,2.1084,23736.0,,,21,3.3463,0.8704,LONG_SPREAD
PAIR_TRADE,LODHA/IRCTC,2025-11-03,2025-11-24,0.4993,1295.0,,,21,6.6554,-5.6567,SHORT_SPREAD
PAIR_TRADE,LODHA/IRCTC,2025-12-26,2026-01-05,4.5157,49665.0,,,10,4.625,4.4065,LONG_SPREAD
PAIR_TRADE,LODHA/IRCTC,2026-01-23,2026-01-30,3.8854,31178.0,,,7,8.0133,-0.2426,LONG_SPREAD
PAIR_TRADE,LT/GMRAIRPORT,2024-04-26,2024-05-07,4.1269,52959.0,,,11,-5.3231,13.5769,LONG_SPREAD
PAIR_TRADE,LT/GMRAIRPORT,2024-05-30,2024-06-05,4.0975,51044.0,,,6,6.7117,1.4833,SHORT_SPREAD
PAIR_TRADE,LT/GMRAIRPORT,2024-06-18,2024-07-08,-1.0769,-14485.0,,,20,-0.5289,-1.6249,LONG_SPREAD
PAIR_TRADE,LT/GMRAIRPORT,2024-10-17,2024-11-06,-3.7754,-46105.0,,,20,-1.9676,-5.5831,SHORT_SPREAD
PAIR_TRADE,LT/GMRAIRPORT,2025-01-02,2025-01-13,-2.575,-21673.0,,,11,6.7996,-11.9495,SHORT_SPREAD
PAIR_TRADE,LT/GMRAIRPORT,2025-01-27,2025-02-01,2.5369,24989.0,,,5,0.0376,5.0362,SHORT_SPREAD
PAIR_TRADE,LT/GMRAIRPORT,2025-02-03,2025-02-19,2.2772,23128.0,,,16,-0.5613,5.1157,LONG_SPREAD
PAIR_TRADE,LT/GMRAIRPORT,2025-04-03,2025-04-23,-4.67,-54800.0,,,20,-3.7764,-5.5636,LONG_SPREAD
PAIR_TRADE,LT/GMRAIRPORT,2025-07-02,2025-07-22,-3.6962,-46260.0,,,20,-3.7767,-3.6157,LONG_SPREAD
PAIR_TRADE,LT/GMRAIRPORT,2025-09-26,2025-10-01,2.209,27459.0,,,5,1.2877,3.1304,SHORT_SPREAD
PAIR_TRADE,LT/GMRAIRPORT,2025-11-07,2025-11-13,1.6488,22441.0,,,6,2.8084,0.4892,LONG_SPREAD
PAIR_TRADE,LT/GMRAIRPORT,2025-11-18,2025-12-08,2.3349,33780.0,,,20,0.1524,4.5174,LONG_SPREAD
PAIR_TRADE,ADANIGREEN/ADANIENSOL,2025-02-12,2025-02-18,2.9371,28309.0,,,6,-4.4545,10.3287,LONG_SPREAD
PAIR_TRADE,ADANIGREEN/ADANIENSOL,2025-02-28,2025-03-20,-2.8892,-20812.0,,,20,19.0115,-24.79,LONG_SPREAD
PAIR_TRADE,ADANIGREEN/ADANIENSOL,2025-05-16,2025-06-05,-1.5062,-18776.0,,,20,1.5508,-4.5633,SHORT_SPREAD
PAIR_TRADE,ADANIGREEN/ADANIENSOL,2025-07-04,2025-07-11,0.2787,3308.0,,,7,-0.1799,0.7373,LONG_SPREAD
PAIR_TRADE,ADANIGREEN/ADANIENSOL,2025-07-16,2025-08-05,-0.9209,-8764.0,,,20,6.5461,-8.3879,SHORT_SPREAD
PAIR_TRADE,ADANIGREEN/ADANIENSOL,2025-10-06,2025-10-27,-3.1473,-40039.0,,,21,-4.5898,-1.7049,LONG_SPREAD
PAIR_TRADE,ADANIGREEN/ADANIENSOL,2025-12-22,2026-01-12,-1.1244,-10140.0,,,21,-7.6344,5.3856,LONG_SPREAD
PAIR_TRADE,BIOCON/TORNTPHARM,2024-04-26,2024-05-16,0.5732,8925.0,,,20,1.1943,-0.0479,SHORT_SPREAD
PAIR_TRADE,BIOCON/TORNTPHARM,2024-06-26,2024-07-10,1.9347,23563.0,,,14,-1.8996,5.7691,SHORT_SPREAD
PAIR_TRADE,BIOCON/TORNTPHARM,2024-07-22,2024-08-12,-4.3727,-65500.0,,,21,1.1343,-9.8796,LONG_SPREAD
PAIR_TRADE,BIOCON/TORNTPHARM,2024-10-04,2024-10-24,-1.5679,-27400.0,,,20,-7.3692,4.2334,LONG_SPREAD
PAIR_TRADE,BIOCON/TORNTPHARM,2024-10-25,2024-10-29,5.8548,97137.0,,,4,4.4306,7.2789,LONG_SPREAD
PAIR_TRADE,BIOCON/TORNTPHARM,2024-11-11,2024-11-25,3.4737,58025.0,,,14,3.7334,3.214,SHORT_SPREAD
PAIR_TRADE,BIOCON/TORNTPHARM,2024-11-28,2024-12-11,2.3822,36775.0,,,13,-1.1931,5.9575,SHORT_SPREAD
PAIR_TRADE,BIOCON/TORNTPHARM,2024-12-20,2024-12-30,5.2582,88825.0,,,10,9.5033,1.013,LONG_SPREAD
PAIR_TRADE,BIOCON/TORNTPHARM,2025-01-14,2025-01-27,3.2268,59687.0,,,13,4.5185,1.935,SHORT_SPREAD
PAIR_TRADE,BIOCON/TORNTPHARM,2025-04-04,2025-04-07,-2.1321,-34913.0,,,3,-5.8258,1.5615,LONG_SPREAD
PAIR_TRADE,BIOCON/TORNTPHARM,2025-04-08,2025-04-28,-1.7077,-27775.0,,,20,-0.3247,-3.0907,LONG_SPREAD
PAIR_TRADE,BIOCON/TORNTPHARM,2025-06-11,2025-06-18,2.062,36200.0,,,7,3.6474,0.4767,SHORT_SPREAD
PAIR_TRADE,BIOCON/TORNTPHARM,2025-06-23,2025-06-27,2.7812,43375.0,,,4,-0.779,6.3415,SHORT_SPREAD
PAIR_TRADE,BIOCON/TORNTPHARM,2025-07-04,2025-07-22,1.0299,15425.0,,,18,-1.8103,3.8701,SHORT_SPREAD
PAIR_TRADE,BIOCON/TORNTPHARM,2025-07-31,2025-08-20,-2.8439,-56500.0,,,20,-7.9156,2.2278,LONG_SPREAD
PAIR_TRADE,BIOCON/TORNTPHARM,2025-09-26,2025-10-03,2.5624,43625.0,,,7,4.6045,0.5204,LONG_SPREAD
PAIR_TRADE,BIOCON/TORNTPHARM,2025-10-30,2025-11-10,2.3456,41950.0,,,11,-1.1468,5.838,SHORT_SPREAD
PAIR_TRADE,BIOCON/TORNTPHARM,2025-11-13,2025-11-25,1.8787,41375.0,,,12,6.0798,-2.3225,SHORT_SPREAD
PAIR_TRADE,BIOCON/TORNTPHARM,2026-01-06,2026-01-27,-3.6133,-70200.0,,,21,-5.6445,-1.5821,LONG_SPREAD
PAIR_TRADE,IRFC/ADANIENT,2025-01-30,2025-02-01,6.0674,77340.0,,,2,11.0251,1.1097,SHORT_SPREAD
PAIR_TRADE,IRFC/ADANIENT,2025-02-28,2025-03-19,5.6561,28310.0,,,19,21.937,-10.6248,LONG_SPREAD
PAIR_TRADE,IRFC/ADANIENT,2025-05-05,2025-05-14,1.9363,20060.0,,,9,4.0957,-0.2231,LONG_SPREAD
PAIR_TRADE,IRFC/ADANIENT,2025-06-04,2025-06-12,2.5165,33930.0,,,8,3.2229,1.8101,SHORT_SPREAD
PAIR_TRADE,IRFC/ADANIENT,2025-06-27,2025-07-17,-1.4121,-13866.0,,,20,-4.1764,1.3522,LONG_SPREAD
PAIR_TRADE,IRFC/ADANIENT,2025-07-22,2025-07-31,2.4328,43095.0,,,9,-1.6444,6.5099,LONG_SPREAD
PAIR_TRADE,IRFC/ADANIENT,2025-08-06,2025-08-18,1.7501,21224.0,,,12,2.2028,1.2974,SHORT_SPREAD
PAIR_TRADE,IRFC/ADANIENT,2025-09-22,2025-10-13,0.5106,16114.0,,,21,-2.9216,3.9427,LONG_SPREAD
PAIR_TRADE,IRFC/ADANIENT,2025-11-04,2025-11-12,1.427,20815.0,,,8,0.2531,2.6008,SHORT_SPREAD
PAIR_TRADE,IRFC/ADANIENT,2025-11-27,2025-12-05,1.6323,17100.0,,,8,2.9469,0.3178,SHORT_SPREAD
PAIR_TRADE,IRFC/ADANIENT,2025-12-23,2025-12-26,-5.5611,-58965.0,,,3,-10.234,-0.8881,SHORT_SPREAD
PAIR_TRADE,IRFC/ADANIENT,2025-12-29,2026-01-19,0.5521,1243.0,,,21,4.3151,-3.2109,SHORT_SPREAD
PAIR_TRADE,IRFC/ADANIENT,2026-01-23,2026-02-02,3.3354,39095.0,,,10,-0.8589,7.5297,SHORT_SPREAD
PAIR_TRADE,HINDUNILVR/DMART,2025-03-13,2025-04-02,-2.5788,-26790.0,,,20,3.1141,-8.2717,LONG_SPREAD
PAIR_TRADE,HINDUNILVR/DMART,2025-04-24,2025-04-30,3.7197,50490.0,,,6,1.127,6.3125,LONG_SPREAD
PAIR_TRADE,HINDUNILVR/DMART,2025-05-06,2025-05-16,2.3267,28185.0,,,10,0.1047,4.5487,SHORT_SPREAD
PAIR_TRADE,HINDUNILVR/DMART,2025-06-18,2025-07-04,1.4382,19710.0,,,16,3.0085,-0.132,LONG_SPREAD
PAIR_TRADE,HINDUNILVR/DMART,2025-07-11,2025-07-30,4.6363,61410.0,,,19,3.409,5.8636,SHORT_SPREAD
PAIR_TRADE,HINDUNILVR/DMART,2025-10-06,2025-10-27,0.262,5235.0,,,21,1.5373,-1.0133,SHORT_SPREAD
PAIR_TRADE,HINDUNILVR/DMART,2025-11-28,2025-12-05,1.8744,29880.0,,,7,5.2308,-1.4821,SHORT_SPREAD
PAIR_TRADE,HINDUNILVR/DMART,2026-01-01,2026-01-14,1.1995,11895.0,,,13,-1.0338,3.4328,SHORT_SPREAD
PAIR_TRADE,TATASTEEL/JSWSTEEL,2024-05-09,2024-05-14,1.7706,14082.0,,,5,-1.8104,5.3516,SHORT_SPREAD
PAIR_TRADE,TATASTEEL/JSWSTEEL,2024-05-17,2024-05-18,1.0927,14399.0,,,1,0.3286,1.8567,LONG_SPREAD
PAIR_TRADE,TATASTEEL/JSWSTEEL,2024-05-27,2024-05-30,2.1386,50436.0,,,3,6.784,-2.5068,SHORT_SPREAD
PAIR_TRADE,TATASTEEL/JSWSTEEL,2024-06-07,2024-06-21,1.2533,15351.0,,,14,-0.0278,2.5343,SHORT_SPREAD
PAIR_TRADE,TATASTEEL/JSWSTEEL,2024-08-06,2024-08-26,-2.9149,-27559.0,,,20,3.1349,-8.9647,LONG_SPREAD
PAIR_TRADE,TATASTEEL/JSWSTEEL,2024-09-20,2024-09-24,2.2469,39142.0,,,4,5.36,-0.8661,LONG_SPREAD
PAIR_TRADE,TATASTEEL/JSWSTEEL,2024-11-08,2024-11-28,0.6318,4176.0,,,20,-3.1105,4.3741,LONG_SPREAD
PAIR_TRADE,TATASTEEL/JSWSTEEL,2024-12-19,2025-01-06,2.5931,44744.0,,,18,7.5132,-2.327,SHORT_SPREAD
PAIR_TRADE,TATASTEEL/JSWSTEEL,2025-01-10,2025-01-30,-1.7669,-19310.0,,,20,2.2829,-5.8167,LONG_SPREAD
PAIR_TRADE,TATASTEEL/JSWSTEEL,2025-03-05,2025-03-25,-1.0053,-22495.0,,,20,-7.0269,5.0164,SHORT_SPREAD
PAIR_TRADE,TATASTEEL/JSWSTEEL,2025-04-08,2025-04-28,-0.6852,-2098.0,,,20,9.4695,-10.8399,LONG_SPREAD
PAIR_TRADE,TATASTEEL/JSWSTEEL,2025-05-14,2025-06-03,-1.5364,-23665.0,,,20,-1.6436,-1.4293,SHORT_SPREAD
PAIR_TRADE,TATASTEEL/JSWSTEEL,2025-07-31,2025-08-20,-0.4215,-1300.0,,,20,2.8819,-3.7249,LONG_SPREAD
PAIR_TRADE,TATASTEEL/JSWSTEEL,2025-10-01,2025-10-08,1.3796,25193.0,,,7,2.4905,0.2687,LONG_SPREAD
PAIR_TRADE,TATASTEEL/JSWSTEEL,2025-11-27,2025-12-10,1.1501,12900.0,,,13,-3.705,6.0051,LONG_SPREAD
PAIR_TRADE,TATASTEEL/JSWSTEEL,2025-12-16,2026-01-05,0.0059,-19402.0,,,20,-9.5213,9.533,SHORT_SPREAD
PAIR_TRADE,TATASTEEL/JSWSTEEL,2026-01-29,2026-02-01,2.2631,61107.0,,,3,8.3436,-3.8174,SHORT_SPREAD
PAIR_TRADE,HDFCBANK/ICICIBANK,2023-05-05,2023-05-25,-0.6387,-9680.0,,,20,-0.5693,-0.7082,LONG_SPREAD
PAIR_TRADE,HDFCBANK/ICICIBANK,2023-06-21,2023-07-05,0.809,4895.0,,,14,-2.2331,3.8511,SHORT_SPREAD
PAIR_TRADE,HDFCBANK/ICICIBANK,2023-08-23,2023-09-06,0.5792,9252.0,,,14,0.7135,0.445,LONG_SPREAD
PAIR_TRADE,HDFCBANK/ICICIBANK,2023-09-20,2023-10-04,1.697,20095.0,,,14,-1.9957,5.3898,LONG_SPREAD
PAIR_TRADE,HDFCBANK/ICICIBANK,2023-11-03,2023-11-16,0.6106,10485.0,,,13,1.5095,-0.2883,LONG_SPREAD
PAIR_TRADE,HDFCBANK/ICICIBANK,2023-12-21,2024-01-10,0.1447,5748.0,,,20,1.6519,-1.3625,SHORT_SPREAD
PAIR_TRADE,HDFCBANK/ICICIBANK,2024-01-17,2024-02-06,-5.4228,-83845.0,,,20,-5.8198,-5.0257,LONG_SPREAD
PAIR_TRADE,HDFCBANK/ICICIBANK,2024-04-04,2024-04-24,1.2611,20153.0,,,20,1.237,1.2851,SHORT_SPREAD
PAIR_TRADE,HDFCBANK/ICICIBANK,2024-06-05,2024-06-25,-1.1752,-25892.0,,,20,-9.8655,7.5151,SHORT_SPREAD
PAIR_TRADE,HDFCBANK/ICICIBANK,2024-07-09,2024-07-25,0.9996,16878.0,,,16,-1.7057,3.7049,LONG_SPREAD
PAIR_TRADE,HDFCBANK/ICICIBANK,2024-10-14,2024-10-18,1.232,21427.0,,,4,0.1212,2.3428,SHORT_SPREAD
PAIR_TRADE,HDFCBANK/ICICIBANK,2024-10-21,2024-10-28,1.2258,21448.0,,,7,-0.2398,2.6913,SHORT_SPREAD
PAIR_TRADE,HDFCBANK/ICICIBANK,2025-01-06,2025-01-21,0.6118,8453.0,,,15,-4.2132,5.4367,LONG_SPREAD
PAIR_TRADE,HDFCBANK/ICICIBANK,2025-02-28,2025-03-11,2.8047,50465.0,,,11,2.687,2.9225,SHORT_SPREAD
PAIR_TRADE,HDFCBANK/ICICIBANK,2025-03-18,2025-03-25,1.1287,22560.0,,,7,4.8817,-2.6244,LONG_SPREAD
PAIR_TRADE,HDFCBANK/ICICIBANK,2025-06-09,2025-06-30,-0.2256,-5555.0,,,21,-1.2142,0.7629,SHORT_SPREAD
PAIR_TRADE,HDFCBANK/ICICIBANK,2025-08-26,2025-08-28,-0.1795,3210.0,,,2,-1.4812,1.1222,LONG_SPREAD
PAIR_TRADE,HDFCBANK/ICICIBANK,2025-08-29,2025-09-18,0.3912,-2253.0,,,20,2.1762,-1.3937,LONG_SPREAD
PAIR_TRADE,HDFCBANK/ICICIBANK,2025-10-08,2025-10-17,1.0645,30442.0,,,9,-2.3494,4.4784,SHORT_SPREAD
PAIR_TRADE,HDFCBANK/ICICIBANK,2025-10-20,2025-11-10,-0.6944,-19962.0,,,21,1.5176,-2.9064,SHORT_SPREAD
PAIR_TRADE,HDFCBANK/ICICIBANK,2025-12-29,2026-01-05,1.702,27768.0,,,7,1.075,2.329,SHORT_SPREAD
PAIR_TRADE,HDFCBANK/ICICIBANK,2026-01-06,2026-01-07,-1.3137,-19190.0,,,1,-1.4892,-1.1381,LONG_SPREAD
PAIR_TRADE,HDFCBANK/ICICIBANK,2026-01-08,2026-01-28,1.523,38043.0,,,20,-1.52,4.566,LONG_SPREAD
PAIR_TRADE,TCS/INFY,2024-06-07,2024-06-27,-0.7548,-8775.0,,,20,0.7118,-2.2214,LONG_SPREAD
PAIR_TRADE,TCS/INFY,2024-07-03,2024-07-23,-1.9698,-22251.0,,,20,8.3125,-12.2521,LONG_SPREAD
PAIR_TRADE,TCS/INFY,2024-09-19,2024-10-09,-1.7341,-26280.0,,,20,-1.0773,-2.391,LONG_SPREAD
PAIR_TRADE,TCS/INFY,2024-10-11,2024-10-18,1.3407,20891.0,,,7,-0.559,3.2403,LONG_SPREAD
PAIR_TRADE,TCS/INFY,2024-12-17,2025-01-06,-2.1081,-31466.0,,,20,-5.9886,1.7724,LONG_SPREAD
PAIR_TRADE,TCS/INFY,2025-01-07,2025-01-16,1.7841,25430.0,,,9,3.0958,0.4724,LONG_SPREAD
PAIR_TRADE,TCS/INFY,2025-03-13,2025-04-02,-1.4333,-17936.0,,,20,-1.1984,-1.6682,SHORT_SPREAD
PAIR_TRADE,TCS/INFY,2025-05-12,2025-06-02,-0.5603,-6402.0,,,21,-5.5627,4.4421,LONG_SPREAD
PAIR_TRADE,TCS/INFY,2025-06-11,2025-07-01,-0.1101,-810.0,,,20,-1.4567,1.2365,LONG_SPREAD
PAIR_TRADE,TCS/INFY,2025-07-11,2025-07-25,0.4246,8140.0,,,14,-4.0888,4.938,LONG_SPREAD
PAIR_TRADE,TCS/INFY,2025-09-25,2025-10-07,1.4243,16695.0,,,12,0.3571,2.4914,LONG_SPREAD
PAIR_TRADE,TCS/INFY,2025-12-22,2026-01-05,0.5758,10657.0,,,14,-3.175,4.3266,LONG_SPREAD
PAIR_TRADE,TCS/INFY,2026-01-08,2026-01-12,1.1386,13672.0,,,4,1.1908,1.0864,LONG_SPREAD
PAIR_TRADE,TCS/INFY,2026-01-14,2026-01-16,-1.3611,-19705.0,,,2,2.3231,-5.0454,LONG_SPREAD
PAIR_TRADE,TCS/INFY,2026-01-19,2026-02-01,1.3003,16213.0,,,13,1.0711,1.5295,LONG_SPREAD
PAIR_TRADE,NTPC/POWERGRID,2024-04-03,2024-04-19,0.4164,4410.0,,,16,1.0456,-0.2128,SHORT_SPREAD
PAIR_TRADE,NTPC/POWERGRID,2024-06-18,2024-06-27,0.7758,8730.0,,,9,1.416,0.1356,LONG_SPREAD
PAIR_TRADE,NTPC/POWERGRID,2024-07-24,2024-08-13,-1.0387,-12540.0,,,20,-1.4546,-0.6227,SHORT_SPREAD
PAIR_TRADE,NTPC/POWERGRID,2024-09-19,2024-09-24,1.7914,22865.0,,,5,-0.765,4.3478,SHORT_SPREAD
PAIR_TRADE,NTPC/POWERGRID,2024-10-08,2024-10-25,1.1766,15370.0,,,17,6.5117,-4.1584,SHORT_SPREAD
PAIR_TRADE,NTPC/POWERGRID,2024-11-11,2024-12-02,-4.9009,-58320.0,,,21,-8.5595,-1.2423,LONG_SPREAD
PAIR_TRADE,NTPC/POWERGRID,2025-01-27,2025-02-17,-1.2819,-17660.0,,,21,5.7507,-8.3145,SHORT_SPREAD
PAIR_TRADE,NTPC/POWERGRID,2025-02-20,2025-03-12,-0.3219,-2975.0,,,20,-1.5849,0.9411,SHORT_SPREAD
PAIR_TRADE,NTPC/POWERGRID,2025-04-04,2025-04-24,-1.7626,-20765.0,,,20,3.2116,-6.7368,LONG_SPREAD
PAIR_TRADE,NTPC/POWERGRID,2025-05-06,2025-05-20,1.5746,18345.0,,,14,0.1312,3.018,LONG_SPREAD
PAIR_TRADE,NTPC/POWERGRID,2025-07-30,2025-07-31,1.0726,11255.0,,,1,1.2981,0.847,SHORT_SPREAD
PAIR_TRADE,NTPC/POWERGRID,2025-08-05,2025-08-18,0.2265,2855.0,,,13,-0.9276,1.3806,SHORT_SPREAD
PAIR_TRADE,NTPC/POWERGRID,2025-08-28,2025-09-01,1.5275,15770.0,,,4,0.5746,2.4804,SHORT_SPREAD
PAIR_TRADE,NTPC/POWERGRID,2025-09-29,2025-10-03,1.2944,13980.0,,,4,-0.776,3.3648,SHORT_SPREAD
PAIR_TRADE,NTPC/POWERGRID,2025-11-06,2025-11-19,1.302,13285.0,,,13,-0.3537,2.9577,SHORT_SPREAD
PAIR_TRADE,NTPC/POWERGRID,2025-12-29,2026-01-19,-3.5735,-34935.0,,,21,-5.9394,-1.2076,SHORT_SPREAD
PAIR_TRADE,SBIN/BANKBARODA,2023-05-09,2023-05-16,1.3251,15720.0,,,7,-2.0477,4.698,SHORT_SPREAD
PAIR_TRADE,SBIN/BANKBARODA,2023-06-13,2023-06-19,-2.3547,-24352.0,,,6,-1.3637,-3.3457,LONG_SPREAD
PAIR_TRADE,SBIN/BANKBARODA,2023-06-20,2023-07-10,-0.013,-6615.0,,,20,4.4776,-4.5036,LONG_SPREAD
PAIR_TRADE,SBIN/BANKBARODA,2023-09-13,2023-10-03,-1.8102,-23902.0,,,20,1.0619,-4.6823,LONG_SPREAD
PAIR_TRADE,SBIN/BANKBARODA,2023-11-01,2023-11-17,0.4757,4290.0,,,16,0.7987,0.1526,SHORT_SPREAD
PAIR_TRADE,SBIN/BANKBARODA,2023-12-27,2024-01-08,0.2695,9503.0,,,12,-3.0347,3.5737,LONG_SPREAD
PAIR_TRADE,SBIN/BANKBARODA,2024-01-30,2024-02-07,2.183,13819.0,,,8,7.3968,-3.0309,LONG_SPREAD
PAIR_TRADE,SBIN/BANKBARODA,2024-03-19,2024-03-26,1.3725,24124.0,,,7,-2.2029,4.9479,SHORT_SPREAD
PAIR_TRADE,SBIN/BANKBARODA,2024-04-16,2024-04-30,0.7409,28586.0,,,14,-9.6337,11.1155,SHORT_SPREAD
PAIR_TRADE,SBIN/BANKBARODA,2024-05-07,2024-05-27,-0.282,3090.0,,,20,-4.5173,3.9532,SHORT_SPREAD
PAIR_TRADE,SBIN/BANKBARODA,2024-06-14,2024-06-28,2.4683,37819.0,,,14,1.7073,3.2292,LONG_SPREAD
PAIR_TRADE,SBIN/BANKBARODA,2024-07-08,2024-07-29,-2.1193,-30154.0,,,21,-1.9766,-2.2619,SHORT_SPREAD
PAIR_TRADE,SBIN/BANKBARODA,2024-08-20,2024-09-04,1.7553,26565.0,,,15,-0.3408,3.8514,LONG_SPREAD
PAIR_TRADE,SBIN/BANKBARODA,2024-09-30,2024-10-11,1.7559,23782.0,,,11,1.3435,2.1682,LONG_SPREAD
PAIR_TRADE,SBIN/BANKBARODA,2024-11-21,2024-12-03,1.0873,22684.0,,,12,-9.8981,12.0727,SHORT_SPREAD
PAIR_TRADE,SBIN/BANKBARODA,2025-01-27,2025-01-31,-3.1361,-37280.0,,,4,-3.7096,-2.5626,SHORT_SPREAD
PAIR_TRADE,SBIN/BANKBARODA,2025-02-01,2025-02-06,2.8888,35032.0,,,5,1.8564,3.9211,SHORT_SPREAD
PAIR_TRADE,SBIN/BANKBARODA,2025-03-27,2025-04-16,-2.0801,-28327.0,,,20,0.2663,-4.4264,LONG_SPREAD
PAIR_TRADE,SBIN/BANKBARODA,2025-08-26,2025-09-15,-0.0039,1774.0,,,20,-2.2865,2.2786,SHORT_SPREAD
PAIR_TRADE,SBIN/BANKBARODA,2025-10-01,2025-10-17,0.5074,5197.0,,,16,2.2769,-1.2622,LONG_SPREAD
PAIR_TRADE,SBIN/BANKBARODA,2025-11-24,2025-11-27,0.9811,17081.0,,,3,-0.969,2.9312,SHORT_SPREAD
PAIR_TRADE,SBIN/BANKBARODA,2025-12-02,2025-12-08,1.2598,24045.0,,,6,-1.4743,3.994,LONG_SPREAD
PAIR_TRADE,SBIN/BANKBARODA,2026-01-20,2026-02-09,-7.0189,-112594.0,,,20,-10.641,-3.3969,SHORT_SPREAD
MOMENTUM_LONG,PFC,2023-03-27,2023-04-06,5.8034,11245.0,,,10,,,
MOMENTUM_LONG,RECLTD,2023-03-27,2023-04-06,3.1182,5040.0,,,10,,,
MOMENTUM_LONG,DRREDDY,2023-05-12,2023-05-22,-0.4929,-13813.0,,,10,,,
MOMENTUM_LONG,DABUR,2023-10-25,2023-11-06,3.8002,24625.0,,,12,,,
MOMENTUM_LONG,OBEROIRLTY,2024-01-24,2024-02-05,-0.1075,-490.0,,,12,,,
MOMENTUM_LONG,DIVISLAB,2024-02-27,2024-03-11,2.4235,8575.0,,,13,,,
MOMENTUM_LONG,ASHOKLEY,2024-02-28,2024-03-11,0.6511,5500.0,,,12,,,
MOMENTUM_LONG,NESTLEIND,2024-03-18,2024-03-28,0.9901,12825.0,,,10,,,
MOMENTUM_LONG,HINDUNILVR,2024-03-19,2024-04-01,0.9474,6465.0,,,13,,,
MOMENTUM_LONG,ONGC,2024-09-11,2024-09-23,3.1283,20137.0,,,12,,,
MOMENTUM_LONG,DABUR,2024-10-03,2024-10-14,-2.4411,-17813.0,,,11,,,
MOMENTUM_LONG,ASHOKLEY,2024-10-07,2024-10-17,-1.5099,-16900.0,,,10,,,
MOMENTUM_LONG,BAJAJ-AUTO,2024-10-17,2024-10-28,-1.1383,-8662.0,,,11,,,
MOMENTUM_LONG,TCS,2024-10-21,2024-10-31,-2.7052,-19329.0,,,10,,,
MOMENTUM_LONG,CIPLA,2024-10-25,2024-11-01,4.6455,25950.0,,,7,,,
MOMENTUM_LONG,SAIL,2024-10-23,2024-11-04,-3.5678,-19834.0,,,12,,,
MOMENTUM_LONG,INDUSINDBK,2024-10-25,2024-11-04,2.5029,18270.0,,,10,,,
MOMENTUM_LONG,AMBUJACEM,2024-10-25,2024-11-04,3.8716,22470.0,,,10,,,
MOMENTUM_LONG,TCS,2024-10-31,2024-11-06,4.5047,31316.0,,,6,,,
MOMENTUM_LONG,DRREDDY,2024-10-28,2024-11-07,-1.5314,-12531.0,,,10,,,
MOMENTUM_LONG,INDUSINDBK,2024-11-04,2024-11-14,-4.5514,-34055.0,,,10,,,
MOMENTUM_LONG,INDUSINDBK,2024-11-14,2024-11-25,-1.5731,-11235.0,,,11,,,
MOMENTUM_LONG,AMBUJACEM,2024-11-21,2024-12-02,12.0547,61110.0,,,11,,,
MOMENTUM_LONG,INDUSINDBK,2024-11-25,2024-12-05,-0.1643,-1155.0,,,10,,,
MOMENTUM_LONG,WIPRO,2024-12-03,2024-12-13,6.2436,54750.0,,,10,,,
MOMENTUM_LONG,INDUSINDBK,2024-12-05,2024-12-16,0.0299,210.0,,,11,,,
MOMENTUM_LONG,WIPRO,2024-12-17,2024-12-27,0.1935,1800.0,,,10,,,
MOMENTUM_LONG,NTPC,2024-12-18,2024-12-30,-2.8005,-14400.0,,,12,,,
MOMENTUM_LONG,RELIANCE,2024-12-24,2025-01-03,2.6189,16025.0,,,10,,,
MOMENTUM_LONG,ONGC,2024-12-27,2025-01-03,9.1997,49275.0,,,7,,,
MOMENTUM_LONG,WIPRO,2025-01-01,2025-01-13,-3.2295,-29250.0,,,12,,,
MOMENTUM_LONG,HEROMOTOCO,2025-01-08,2025-01-20,-1.2849,-7995.0,,,12,,,
MOMENTUM_LONG,TVSMOTOR,2025-01-13,2025-01-23,5.2481,20081.0,,,10,,,
MOMENTUM_LONG,BPCL,2025-01-13,2025-01-23,0.244,1284.0,,,10,,,
MOMENTUM_LONG,IOC,2025-01-13,2025-01-23,6.1574,36660.0,,,10,,,
MOMENTUM_LONG,DRREDDY,2025-01-16,2025-01-27,-8.4156,-68437.0,,,11,,,
MOMENTUM_LONG,ITC,2025-01-16,2025-01-27,1.5073,10480.0,,,11,,,
MOMENTUM_LONG,HEROMOTOCO,2025-01-21,2025-01-31,7.071,42705.0,,,10,,,
MOMENTUM_LONG,BPCL,2025-01-27,2025-02-06,3.0291,15306.0,,,10,,,
MOMENTUM_LONG,NMDC,2025-02-11,2025-02-21,9.9286,41310.0,,,10,,,
MOMENTUM_LONG,SBIN,2025-02-27,2025-03-06,4.3228,22800.0,,,7,,,
MOMENTUM_LONG,ITC,2025-02-27,2025-03-10,1.2335,7920.0,,,11,,,
MOMENTUM_LONG,HEROMOTOCO,2025-02-28,2025-03-10,-2.765,-15330.0,,,10,,,
MOMENTUM_LONG,HINDUNILVR,2025-02-28,2025-03-10,2.3645,15630.0,,,10,,,
MOMENTUM_LONG,BRITANNIA,2025-02-28,2025-03-10,2.8887,16656.0,,,10,,,
MOMENTUM_LONG,TATACONSUM,2025-02-28,2025-03-10,-0.8872,-4730.0,,,10,,,
MOMENTUM_LONG,BANKBARODA,2025-03-03,2025-03-13,4.4107,25418.0,,,10,,,
MOMENTUM_LONG,DABUR,2025-03-04,2025-03-17,1.8936,11500.0,,,13,,,
MOMENTUM_LONG,DRREDDY,2025-03-12,2025-03-19,5.842,40438.0,,,7,,,
MOMENTUM_LONG,INDUSINDBK,2025-03-10,2025-03-20,-23.656,-149240.0,,,10,,,
MOMENTUM_LONG,TATACONSUM,2025-03-10,2025-03-20,0.8275,4372.0,,,10,,,
MOMENTUM_LONG,COFORGE,2025-06-04,2025-06-16,6.3441,41063.0,,,12,,,
MOMENTUM_LONG,COFORGE,2025-07-03,2025-07-14,-3.1644,-23062.0,,,11,,,
MOMENTUM_LONG,ASHOKLEY,2025-07-16,2025-07-28,-1.4848,-9250.0,,,12,,,
MOMENTUM_LONG,COLPAL,2025-07-23,2025-08-04,-1.2386,-6390.0,,,12,,,
MOMENTUM_LONG,DIVISLAB,2025-08-06,2025-08-18,0.5288,3250.0,,,12,,,
MOMENTUM_LONG,NESTLEIND,2025-08-08,2025-08-18,4.2727,23500.0,,,10,,,
MOMENTUM_LONG,COLPAL,2025-08-12,2025-08-19,3.2195,15975.0,,,7,,,
MOMENTUM_LONG,ASHOKLEY,2025-08-14,2025-08-25,6.9304,42400.0,,,11,,,
MOMENTUM_LONG,NESTLEIND,2025-09-15,2025-09-25,-3.177,-19300.0,,,10,,,
MOMENTUM_LONG,HDFCBANK,2025-10-07,2025-10-17,1.8408,9982.0,,,10,,,
MOMENTUM_LONG,COFORGE,2025-12-30,2026-01-09,1.5565,9675.0,,,10,,,
MOMENTUM_LONG,TATAPOWER,2026-01-20,2026-01-29,4.4347,22693.0,,,9,,,
MOMENTUM_LONG,ITC,2026-01-27,2026-02-06,2.2556,11520.0,,,10,,,
