,entry_date,exit_date,pair,strategy,direction,days,entry_z,exit_z,gross,charges,net,reason,win
1,2024-04-01,2024-04-02,ITC_CAL,CALENDAR,SELL_NEAR,1,3.471,2.133,3440.0,413.0,3027.0,INTRADAY,True
2,2024-04-02,2024-04-03,ITC_CAL,CALENDAR,SELL_NEAR,1,2.133,2.282,6520.0,782.0,5738.0,INTRADAY,True
3,2024-04-02,2024-04-04,DABUR/COLPAL,PAIRS,BUY_A,2,-2.223,-2.166,11100.0,1332.0,9768.0,INTRADAY,True
4,2024-04-03,2024-04-04,ITC_CAL,CALENDAR,SELL_NEAR,1,2.282,1.85,6120.0,734.0,5386.0,INTRADAY,True
5,2024-04-04,2024-04-09,DABUR/COLPAL,PAIRS,BUY_A,5,-2.166,-1.311,26908.0,3229.0,23679.0,PROFIT,True
6,2024-04-08,2024-04-15,CONCOR/GODREJPROP,PAIRS,BUY_A,7,-2.552,-2.221,7521.0,903.0,6619.0,INTRADAY,True
7,2024-04-12,2024-04-15,GMRAIRPORT/IRCTC,PAIRS,BUY_A,3,-2.337,-2.138,16182.0,1942.0,14240.0,INTRADAY,True
8,2024-04-12,2024-04-18,TCS/WIPRO,PAIRS,SELL_A,6,2.0,2.224,-14230.0,1708.0,-15938.0,TIME_STOP,False
9,2024-04-15,2024-04-16,CONCOR/GODREJPROP,PAIRS,BUY_A,1,-2.221,-1.538,54841.0,6581.0,48260.0,INTRADAY,True
10,2024-04-15,2024-04-18,GMRAIRPORT/IRCTC,PAIRS,BUY_A,3,-2.138,-1.365,27275.0,3273.0,24002.0,PROFIT,True
11,2024-04-18,2024-04-22,SAIL/NATIONALUM,PAIRS,BUY_A,4,-1.904,-1.717,10945.0,1313.0,9632.0,INTRADAY,True
12,2024-04-22,2024-04-23,SAIL/NATIONALUM,PAIRS,BUY_A,1,-1.717,-0.662,49868.0,5984.0,43884.0,PROFIT,True
13,2024-04-25,2024-04-26,ITC_CAL,CALENDAR,SELL_NEAR,1,3.423,3.153,4480.0,538.0,3942.0,INTRADAY,True
14,2024-04-25,2024-04-26,HCLTECH/PERSISTENT,PAIRS,SELL_A,1,2.88,2.259,15041.0,1805.0,13236.0,INTRADAY,True
15,2024-04-25,2024-04-26,HINDUNILVR_CAL,CALENDAR,SELL_NEAR,1,5.849,4.277,5557.0,667.0,4891.0,INTRADAY,True
16,2024-04-26,2024-04-29,ITC_CAL,CALENDAR,SELL_NEAR,3,3.153,2.778,6560.0,787.0,5773.0,INTRADAY,True
17,2024-04-26,2024-04-29,TECHM/MPHASIS,PAIRS,SELL_A,3,2.362,2.009,14654.0,1759.0,12896.0,INTRADAY,True
18,2024-04-26,2024-04-30,NHPC/HUDCO,PAIRS,BUY_A,4,-3.016,-1.595,37624.0,4515.0,33109.0,INTRADAY,True
19,2024-04-26,2024-05-02,HINDUNILVR_CAL,CALENDAR,SELL_NEAR,6,4.277,2.65,3187.0,382.0,2805.0,INTRADAY,True
20,2024-04-29,2024-04-30,ITC_CAL,CALENDAR,SELL_NEAR,1,2.778,2.448,3240.0,389.0,2851.0,INTRADAY,True
21,2024-04-29,2024-04-30,TECHM/MPHASIS,PAIRS,SELL_A,1,2.009,1.668,16530.0,1984.0,14547.0,INTRADAY,True
22,2024-04-30,2024-05-02,ITC_CAL,CALENDAR,SELL_NEAR,2,2.448,2.253,7000.0,840.0,6160.0,INTRADAY,True
23,2024-05-02,2024-05-03,HINDUNILVR_CAL,CALENDAR,SELL_NEAR,1,2.65,2.48,3923.0,471.0,3452.0,INTRADAY,True
24,2024-05-02,2024-05-03,ITC_CAL,CALENDAR,SELL_NEAR,1,2.253,2.15,7640.0,917.0,6723.0,INTRADAY,True
25,2024-05-02,2024-05-03,OBEROIRLTY_CAL,CALENDAR,SELL_NEAR,1,2.044,1.584,25375.0,3045.0,22330.0,INTRADAY,True
26,2024-05-03,2024-05-06,HINDUNILVR_CAL,CALENDAR,SELL_NEAR,3,2.48,2.223,6307.0,757.0,5551.0,INTRADAY,True
27,2024-05-03,2024-05-06,ITC_CAL,CALENDAR,SELL_NEAR,3,2.15,1.958,4440.0,533.0,3907.0,INTRADAY,True
28,2024-05-06,2024-05-10,GODREJPROP/IRCTC,PAIRS,SELL_A,4,3.224,1.65,66062.0,7927.0,58135.0,INTRADAY,True
29,2024-05-06,2024-05-07,HINDUNILVR_CAL,CALENDAR,SELL_NEAR,1,2.223,1.906,19560.0,2347.0,17213.0,INTRADAY,True
30,2024-05-07,2024-05-09,TECHM/MPHASIS,PAIRS,SELL_A,2,2.287,1.976,13240.0,1589.0,11652.0,INTRADAY,True
31,2024-05-07,2024-05-08,ITC_CAL,CALENDAR,SELL_NEAR,1,2.117,2.141,3920.0,470.0,3450.0,INTRADAY,True
32,2024-05-07,2024-05-08,CIPLA/DRREDDY,PAIRS,BUY_A,1,-1.935,-0.636,28661.0,3439.0,25222.0,PROFIT,True
33,2024-05-08,2024-05-09,ITC_CAL,CALENDAR,SELL_NEAR,1,2.141,1.933,13880.0,1666.0,12214.0,INTRADAY,True
34,2024-05-14,2024-05-15,OBEROIRLTY_CAL,CALENDAR,SELL_NEAR,1,2.225,0.168,2870.0,344.0,2526.0,PROFIT,True
35,2024-05-14,2024-05-15,NHPC/HUDCO,PAIRS,BUY_A,1,-2.014,-1.851,14452.0,1734.0,12718.0,INTRADAY,True
36,2024-05-16,2024-05-17,SAIL_CAL,CALENDAR,SELL_NEAR,1,3.368,1.202,10500.0,1260.0,9240.0,INTRADAY,True
37,2024-05-16,2024-05-17,COLPAL_CAL,CALENDAR,BUY_NEAR,1,-2.005,-2.118,6142.0,737.0,5405.0,INTRADAY,True
38,2024-05-16,2024-05-17,SHRIRAMFIN/LICHSGFIN,PAIRS,BUY_A,1,-2.1,-1.569,17169.0,2060.0,15108.0,INTRADAY,True
39,2024-05-16,2024-05-21,NHPC/HUDCO,PAIRS,BUY_A,5,-2.155,-3.939,-74176.0,8901.0,-83078.0,TIME_STOP,False
40,2024-05-17,2024-05-21,COLPAL_CAL,CALENDAR,BUY_NEAR,4,-2.118,-1.257,11069.0,1328.0,9740.0,INTRADAY,True
41,2024-05-17,2024-05-22,GMRAIRPORT/IRCTC,PAIRS,BUY_A,5,-1.887,-2.116,-20792.0,2495.0,-23287.0,TIME_STOP,False
42,2024-05-21,2024-05-27,CIPLA/DRREDDY,PAIRS,SELL_A,6,2.263,2.054,-13289.0,1595.0,-14884.0,TIME_STOP,False
43,2024-05-21,2024-05-22,NHPC/IRFC,PAIRS,BUY_A,1,-2.972,-1.357,37101.0,4452.0,32648.0,PROFIT,True
44,2024-05-22,2024-05-23,SHRIRAMFIN/LICHSGFIN,PAIRS,BUY_A,1,-2.049,-1.115,23654.0,2839.0,20816.0,PROFIT,True
45,2024-05-23,2024-05-28,NHPC/IRFC,PAIRS,BUY_A,5,-3.383,-2.715,13729.0,1647.0,12082.0,INTRADAY,True
46,2024-05-28,2024-05-29,NHPC/IRFC,PAIRS,BUY_A,1,-2.715,-2.276,24441.0,2933.0,21508.0,INTRADAY,True
47,2024-05-29,2024-05-31,NHPC/HUDCO,PAIRS,BUY_A,2,-2.404,-2.01,42828.0,5139.0,37688.0,INTRADAY,True
48,2024-05-31,2024-06-03,NHPC/HUDCO,PAIRS,BUY_A,3,-2.01,-1.887,24441.0,2933.0,21508.0,INTRADAY,True
49,2024-06-03,2024-06-04,CONCOR/IRCTC,PAIRS,SELL_A,1,2.969,0.849,133114.0,15974.0,117140.0,PROFIT,True
50,2024-06-03,2024-06-04,NHPC/HUDCO,PAIRS,BUY_A,1,-1.887,-0.479,66554.0,7986.0,58567.0,PROFIT,True
51,2024-06-05,2024-06-06,SAIL_CAL,CALENDAR,SELL_NEAR,1,2.165,0.88,17400.0,2088.0,15312.0,INTRADAY,True
52,2024-06-05,2024-06-06,CIPLA/DRREDDY,PAIRS,SELL_A,1,2.078,1.407,25936.0,3112.0,22824.0,PROFIT,True
53,2024-06-06,2024-06-07,CONCOR/IRCTC,PAIRS,SELL_A,1,1.89,1.742,19054.0,2287.0,16768.0,INTRADAY,True
54,2024-06-07,2024-06-10,GODREJPROP/IRCTC,PAIRS,SELL_A,3,2.079,1.793,35172.0,4221.0,30951.0,INTRADAY,True
55,2024-06-10,2024-06-11,CONCOR/IRCTC,PAIRS,SELL_A,1,1.662,1.57,31933.0,3832.0,28101.0,INTRADAY,True
56,2024-06-10,2024-06-18,NHPC/HUDCO,PAIRS,BUY_A,8,-2.077,-2.168,-48629.0,5835.0,-54464.0,TIME_STOP,False
57,2024-06-12,2024-06-18,CONCOR/IRCTC,PAIRS,SELL_A,6,2.236,1.863,1246.0,150.0,1097.0,TIME_STOP,True
58,2024-06-12,2024-06-13,TECHM/MPHASIS,PAIRS,SELL_A,1,1.819,1.619,10435.0,1252.0,9183.0,INTRADAY,True
59,2024-06-14,2024-06-18,SAIL_CAL,CALENDAR,SELL_NEAR,4,3.071,0.406,8800.0,1056.0,7744.0,INTRADAY,True
60,2024-06-18,2024-06-21,CIPLA/DRREDDY,PAIRS,SELL_A,3,2.284,1.428,32933.0,3952.0,28981.0,PROFIT,True
61,2024-06-18,2024-06-24,TCS/WIPRO,PAIRS,BUY_A,6,-2.722,-2.307,-2066.0,248.0,-2314.0,TIME_STOP,False
62,2024-06-18,2024-06-24,GMRAIRPORT/IRCTC,PAIRS,SELL_A,6,2.18,2.046,3637.0,436.0,3201.0,INTRADAY,True
63,2024-06-24,2024-06-25,GMRAIRPORT/IRCTC,PAIRS,SELL_A,1,2.046,1.964,15405.0,1849.0,13556.0,INTRADAY,True
64,2024-06-24,2024-06-25,SHRIRAMFIN/LICHSGFIN,PAIRS,SELL_A,1,1.829,1.604,33825.0,4059.0,29766.0,INTRADAY,True
65,2024-06-24,2024-06-27,CONCOR/GODREJPROP,PAIRS,BUY_A,3,-3.099,6.337,194.0,23.0,171.0,LOT_CHANGE,True
66,2024-06-24,2024-06-27,TECHM/MPHASIS,PAIRS,SELL_A,3,1.925,1.882,6298.0,756.0,5542.0,INTRADAY,True
67,2024-06-25,2024-07-01,GMRAIRPORT/IRCTC,PAIRS,SELL_A,6,1.964,1.969,-26435.0,3172.0,-29608.0,TIME_STOP,False
68,2024-06-26,2024-06-28,NHPC/HUDCO,PAIRS,BUY_A,2,-1.989,-1.562,36135.0,4336.0,31799.0,INTRADAY,True
69,2024-06-27,2024-06-28,TECHM/MPHASIS,PAIRS,SELL_A,1,1.882,1.68,11412.0,1369.0,10043.0,INTRADAY,True
70,2024-06-28,2024-07-03,HCLTECH/PERSISTENT,PAIRS,BUY_A,5,-2.499,-3.084,-37700.0,4524.0,-42224.0,TIME_STOP,False
71,2024-07-01,2024-07-08,TCS/WIPRO,PAIRS,BUY_A,7,-2.723,-2.347,-22424.0,2691.0,-25114.0,TIME_STOP,False
72,2024-07-01,2024-07-02,TECHM/MPHASIS,PAIRS,SELL_A,1,1.948,1.912,12167.0,1460.0,10707.0,INTRADAY,True
73,2024-07-02,2024-07-03,TECHM/MPHASIS,PAIRS,SELL_A,1,1.912,1.465,18531.0,2224.0,16307.0,PROFIT,True
74,2024-07-03,2024-07-08,NHPC/HUDCO,PAIRS,BUY_A,5,-2.141,-2.584,-92166.0,11060.0,-103226.0,TIME_STOP,False
75,2024-07-08,2024-07-09,COLPAL_CAL,CALENDAR,BUY_NEAR,1,-2.125,-1.438,14481.0,1738.0,12744.0,INTRADAY,True
76,2024-07-08,2024-07-09,NHPC/IRFC,PAIRS,BUY_A,1,-3.198,-1.996,67205.0,8065.0,59141.0,INTRADAY,True
77,2024-07-09,2024-07-11,NHPC/IRFC,PAIRS,BUY_A,2,-1.996,-1.621,24811.0,2977.0,21834.0,INTRADAY,True
78,2024-07-11,2024-07-12,SHRIRAMFIN/LICHSGFIN,PAIRS,BUY_A,1,-2.082,-0.891,35594.0,4271.0,31322.0,PROFIT,True
79,2024-07-12,2024-07-16,NHPC/IRFC,PAIRS,BUY_A,4,-2.75,-1.994,49763.0,5972.0,43791.0,INTRADAY,True
80,2024-07-16,2024-07-18,SHRIRAMFIN/LICHSGFIN,PAIRS,BUY_A,2,-1.712,-0.688,32983.0,3958.0,29025.0,PROFIT,True
81,2024-07-16,2024-07-18,NHPC/IRFC,PAIRS,BUY_A,2,-1.994,-1.986,33676.0,4041.0,29634.0,INTRADAY,True
82,2024-07-18,2024-07-22,NHPC/IRFC,PAIRS,BUY_A,4,-1.986,-1.805,12753.0,1530.0,11223.0,INTRADAY,True
83,2024-07-22,2024-07-24,TECHM/MPHASIS,PAIRS,BUY_A,2,-2.067,-0.493,54121.0,6495.0,47627.0,PROFIT,True
84,2024-07-25,2024-07-26,NTPC/TATAPOWER,PAIRS,SELL_A,1,2.67,1.339,34293.0,4115.0,30178.0,PROFIT,True
85,2024-07-26,2024-07-29,TECHM/MPHASIS,PAIRS,BUY_A,3,-2.097,-1.418,24359.0,2923.0,21436.0,PROFIT,True
86,2024-07-29,2024-08-05,DABUR/COLPAL,PAIRS,BUY_A,7,-2.281,-2.657,-84390.0,10127.0,-94517.0,TIME_STOP,False
87,2024-07-30,2024-07-31,OBEROIRLTY_CAL,CALENDAR,SELL_NEAR,1,2.35,1.735,17710.0,2125.0,15585.0,INTRADAY,True
88,2024-07-30,2024-07-31,NTPC/TATAPOWER,PAIRS,SELL_A,1,2.056,1.929,10484.0,1258.0,9226.0,INTRADAY,True
89,2024-07-31,2024-08-01,SAIL_CAL,CALENDAR,SELL_NEAR,1,2.131,1.501,16900.0,2028.0,14872.0,INTRADAY,True
90,2024-07-31,2024-08-01,NTPC/TATAPOWER,PAIRS,SELL_A,1,1.929,1.622,16808.0,2017.0,14791.0,INTRADAY,True
91,2024-08-01,2024-08-02,ITC_CAL,CALENDAR,SELL_NEAR,1,2.177,0.854,11600.0,1392.0,10208.0,INTRADAY,True
92,2024-08-01,2024-08-06,SHRIRAMFIN/LICHSGFIN,PAIRS,SELL_A,5,2.62,3.546,-80544.0,9665.0,-90209.0,TIME_STOP,False
93,2024-08-05,2024-08-06,OBEROIRLTY_CAL,CALENDAR,SELL_NEAR,1,2.304,1.282,21683.0,2602.0,19081.0,INTRADAY,True
94,2024-08-05,2024-08-06,TATASTEEL/JINDALSTEL,PAIRS,BUY_A,1,-1.98,-1.938,12014.0,1442.0,10572.0,INTRADAY,True
95,2024-08-05,2024-08-06,KOTAKBANK/IDFCFIRSTB,PAIRS,SELL_A,1,2.204,2.106,11988.0,1439.0,10549.0,INTRADAY,True
96,2024-08-05,2024-08-06,RELIANCE/IOC,PAIRS,BUY_A,1,-1.79,-1.068,31859.0,3823.0,28036.0,PROFIT,True
97,2024-08-05,2024-08-12,NTPC/TATAPOWER,PAIRS,SELL_A,7,2.706,2.127,-15806.0,1897.0,-17703.0,TIME_STOP,False
98,2024-08-06,2024-08-12,LTF/LICHSGFIN,PAIRS,SELL_A,6,2.174,1.983,4714.0,566.0,4148.0,INTRADAY,True
99,2024-08-06,2024-08-09,KOTAKBANK/IDFCFIRSTB,PAIRS,SELL_A,3,2.106,1.562,19798.0,2376.0,17422.0,INTRADAY,True
100,2024-08-06,2024-08-07,TATASTEEL/JINDALSTEL,PAIRS,BUY_A,1,-1.938,-1.759,14398.0,1728.0,12670.0,INTRADAY,True
101,2024-08-06,2024-08-07,DABUR/MARICO,PAIRS,SELL_A,1,2.063,1.309,19298.0,2316.0,16982.0,PROFIT,True
102,2024-08-07,2024-08-08,BAJFINANCE/SHRIRAMFIN,PAIRS,BUY_A,1,-1.719,-1.53,22783.0,2734.0,20049.0,INTRADAY,True
103,2024-08-07,2024-08-09,TATASTEEL/JINDALSTEL,PAIRS,BUY_A,2,-1.759,-1.369,10390.0,1247.0,9143.0,PROFIT,True
104,2024-08-07,2024-08-12,BAJAJFINSV/MUTHOOTFIN,PAIRS,BUY_A,5,-2.062,-2.626,-39903.0,4788.0,-44692.0,TIME_STOP,False
105,2024-08-08,2024-08-09,OBEROIRLTY_CAL,CALENDAR,SELL_NEAR,1,2.72,1.671,15242.0,1829.0,13413.0,INTRADAY,True
106,2024-08-08,2024-08-09,ITC_CAL,CALENDAR,SELL_NEAR,1,2.146,0.265,720.0,86.0,634.0,PROFIT,True
107,2024-08-09,2024-08-12,SAIL/NMDC,PAIRS,BUY_A,3,-2.103,-2.09,13734.0,1648.0,12086.0,INTRADAY,True
108,2024-08-09,2024-08-13,BAJFINANCE/SHRIRAMFIN,PAIRS,BUY_A,4,-1.769,-1.616,22356.0,2683.0,19673.0,INTRADAY,True
109,2024-08-12,2024-08-14,SAIL/NMDC,PAIRS,BUY_A,2,-2.09,-1.82,15838.0,1901.0,13937.0,INTRADAY,True
110,2024-08-12,2024-08-13,OBEROIRLTY_CAL,CALENDAR,SELL_NEAR,1,2.234,-0.342,4375.0,525.0,3850.0,PROFIT,True
111,2024-08-12,2024-08-19,LICHSGFIN/HDFCAMC,PAIRS,BUY_A,7,-2.127,-1.473,30600.0,3672.0,26928.0,PROFIT,True
112,2024-08-13,2024-08-19,TATASTEEL/JINDALSTEL,PAIRS,BUY_A,6,-1.682,-1.435,432.0,52.0,380.0,PROFIT,True
113,2024-08-13,2024-08-14,SAIL_CAL,CALENDAR,SELL_NEAR,1,2.299,2.221,8560.0,1027.0,7533.0,INTRADAY,True
114,2024-08-13,2024-08-14,LTF/MANAPPURAM,PAIRS,BUY_A,1,-2.189,-1.915,22548.0,2706.0,19842.0,INTRADAY,True
115,2024-08-14,2024-08-16,SAIL_CAL,CALENDAR,SELL_NEAR,2,2.221,2.975,4320.0,518.0,3802.0,INTRADAY,True
116,2024-08-16,2024-08-19,SAIL_CAL,CALENDAR,SELL_NEAR,3,2.975,2.182,5340.0,641.0,4699.0,INTRADAY,True
117,2024-08-19,2024-08-20,SAIL_CAL,CALENDAR,SELL_NEAR,1,2.182,1.566,5100.0,612.0,4488.0,INTRADAY,True
118,2024-08-19,2024-08-20,ITC_CAL,CALENDAR,SELL_NEAR,1,2.11,0.197,800.0,96.0,704.0,PROFIT,True
119,2024-08-19,2024-08-20,BAJAJFINSV/HDFCAMC,PAIRS,BUY_A,1,-1.875,-1.348,16866.0,2024.0,14842.0,PROFIT,True
120,2024-08-19,2024-08-20,NTPC/TATAPOWER,PAIRS,SELL_A,1,1.732,1.642,6382.0,766.0,5616.0,INTRADAY,True
121,2024-08-19,2024-08-22,ADANIENT/ADANIGREEN,PAIRS,BUY_A,3,-2.74,-1.972,27224.0,3267.0,23957.0,INTRADAY,True
122,2024-08-19,2024-08-26,SHRIRAMFIN/LICHSGFIN,PAIRS,SELL_A,7,2.423,2.04,-29768.0,3572.0,-33341.0,TIME_STOP,False
123,2024-08-21,2024-08-22,TATASTEEL/JINDALSTEL,PAIRS,BUY_A,1,-1.718,-1.536,14024.0,1683.0,12341.0,INTRADAY,True
124,2024-08-21,2024-08-26,SBICARD/HDFCAMC,PAIRS,BUY_A,5,-2.071,-1.602,15200.0,1824.0,13376.0,INTRADAY,True
125,2024-08-22,2024-08-27,ADANIENT/ADANIGREEN,PAIRS,BUY_A,5,-1.972,-1.969,-15092.0,1811.0,-16903.0,TIME_STOP,False
126,2024-08-26,2024-08-27,LICHSGFIN/HDFCAMC,PAIRS,BUY_A,1,-1.707,-1.6,21506.0,2581.0,18925.0,INTRADAY,True
127,2024-08-26,2024-08-27,BAJAJFINSV/SBICARD,PAIRS,SELL_A,1,2.86,2.84,22759.0,2731.0,20028.0,INTRADAY,True
128,2024-08-26,2024-08-27,NTPC/TATAPOWER,PAIRS,SELL_A,1,1.732,1.24,23720.0,2846.0,20873.0,PROFIT,True
129,2024-08-27,2024-08-28,RECLTD/HUDCO,PAIRS,SELL_A,1,2.318,1.778,65678.0,7881.0,57796.0,INTRADAY,True
130,2024-08-27,2024-08-28,BAJFINANCE/SHRIRAMFIN,PAIRS,BUY_A,1,-1.737,-1.552,19765.0,2372.0,17393.0,INTRADAY,True
131,2024-08-27,2024-08-30,ICICIBANK/SBIN,PAIRS,SELL_A,3,1.916,1.819,4869.0,584.0,4285.0,INTRADAY,True
132,2024-08-27,2024-09-02,BAJAJFINSV/SBICARD,PAIRS,SELL_A,6,2.84,3.743,-85455.0,10255.0,-95710.0,TIME_STOP,False
133,2024-08-27,2024-09-02,SIEMENS/VOLTAS,PAIRS,BUY_A,6,-2.158,-2.226,-72590.0,8711.0,-81301.0,TIME_STOP,False
134,2024-08-28,2024-09-02,RECLTD/HUDCO,PAIRS,SELL_A,5,1.778,2.24,-69131.0,8296.0,-77427.0,TIME_STOP,False
135,2024-08-29,2024-08-30,HINDUNILVR_CAL,CALENDAR,SELL_NEAR,1,4.976,1.151,16335.0,1960.0,14375.0,INTRADAY,True
136,2024-08-30,2024-09-02,COLPAL_CAL,CALENDAR,SELL_NEAR,3,3.287,2.256,13440.0,1613.0,11827.0,INTRADAY,True
137,2024-09-02,2024-09-03,COLPAL_CAL,CALENDAR,SELL_NEAR,1,2.256,0.99,12145.0,1457.0,10688.0,INTRADAY,True
138,2024-09-02,2024-09-09,BAJAJFINSV/LTF,PAIRS,SELL_A,7,2.97,2.455,-42546.0,5106.0,-47652.0,TIME_STOP,False
139,2024-09-06,2024-09-09,HINDUNILVR_CAL,CALENDAR,SELL_NEAR,3,2.05,2.434,12825.0,1539.0,11286.0,INTRADAY,True
140,2024-09-06,2024-09-09,ITC_CAL,CALENDAR,BUY_NEAR,3,-2.128,-1.294,9480.0,1138.0,8342.0,INTRADAY,True
141,2024-09-09,2024-09-10,HINDUNILVR_CAL,CALENDAR,SELL_NEAR,1,2.434,1.783,5580.0,670.0,4910.0,INTRADAY,True
142,2024-09-09,2024-09-13,BAJAJFINSV/MANAPPURAM,PAIRS,SELL_A,4,2.711,2.188,30380.0,3646.0,26735.0,INTRADAY,True
143,2024-09-09,2024-09-16,ICICIBANK/SBIN,PAIRS,SELL_A,7,2.382,2.566,-26325.0,3159.0,-29483.0,TIME_STOP,False
144,2024-09-10,2024-09-11,COLPAL_CAL,CALENDAR,SELL_NEAR,1,2.65,0.655,9782.0,1174.0,8609.0,INTRADAY,True
145,2024-09-11,2024-09-16,TATASTEEL/JINDALSTEL,PAIRS,BUY_A,5,-1.971,-2.152,-17282.0,2074.0,-19356.0,TIME_STOP,False
146,2024-09-11,2024-09-16,SIEMENS/HAVELLS,PAIRS,BUY_A,5,-2.164,-1.852,2009.0,241.0,1768.0,TIME_STOP,True
147,2024-09-13,2024-09-16,BAJAJFINSV/HDFCAMC,PAIRS,SELL_A,3,2.457,1.792,42440.0,5093.0,37347.0,INTRADAY,True
148,2024-09-16,2024-09-17,ITC_CAL,CALENDAR,SELL_NEAR,1,2.049,-1.317,1520.0,182.0,1338.0,PROFIT,True
149,2024-09-16,2024-09-23,KOTAKBANK/SBIN,PAIRS,SELL_A,7,2.252,2.512,-38333.0,4600.0,-42933.0,TIME_STOP,False
150,2024-09-17,2024-09-23,ADANIENT/ADANIGREEN,PAIRS,BUY_A,6,-2.358,-2.243,-546.0,66.0,-612.0,INTRADAY,False
151,2024-09-17,2024-09-18,NHPC/IRFC,PAIRS,SELL_A,1,2.157,2.113,16763.0,2012.0,14752.0,INTRADAY,True
152,2024-09-18,2024-09-19,DABUR/BRITANNIA,PAIRS,BUY_A,1,-2.268,-1.797,15827.0,1899.0,13928.0,INTRADAY,True
153,2024-09-18,2024-09-19,ITC_CAL,CALENDAR,BUY_NEAR,1,-2.13,-1.11,6440.0,773.0,5667.0,INTRADAY,True
154,2024-09-19,2024-09-24,LTF/LICHSGFIN,PAIRS,SELL_A,5,2.151,1.88,-3654.0,438.0,-4092.0,TIME_STOP,False
155,2024-09-19,2024-09-20,ABB/HAVELLS,PAIRS,BUY_A,1,-2.141,-2.028,24060.0,2887.0,21173.0,INTRADAY,True
156,2024-09-20,2024-09-25,DABUR/BRITANNIA,PAIRS,BUY_A,5,-2.228,-3.532,-64017.0,7682.0,-71699.0,TIME_STOP,False
157,2024-09-20,2024-09-25,BAJAJFINSV/MANAPPURAM,PAIRS,SELL_A,5,2.164,2.095,-25856.0,3103.0,-28959.0,TIME_STOP,False
158,2024-09-23,2024-09-30,ICICIBANK/SBIN,PAIRS,SELL_A,7,2.4,1.325,34353.0,4122.0,30231.0,PROFIT,True
159,2024-09-23,2024-09-26,ADANIENT/ADANIGREEN,PAIRS,BUY_A,3,-2.243,-1.784,25769.0,3092.0,22677.0,INTRADAY,True
160,2024-09-24,2024-09-30,KOTAKBANK/PNB,PAIRS,SELL_A,6,2.526,1.741,35104.0,4213.0,30892.0,INTRADAY,True
161,2024-09-25,2024-09-26,DABUR/MARICO,PAIRS,BUY_A,1,-2.352,-2.191,10958.0,1315.0,9643.0,INTRADAY,True
162,2024-09-25,2024-09-30,LTF/MANAPPURAM,PAIRS,SELL_A,5,2.349,2.222,2352.0,282.0,2070.0,TIME_STOP,True
163,2024-09-26,2024-10-01,BAJAJFINSV/SBICARD,PAIRS,SELL_A,5,2.495,2.171,-8328.0,999.0,-9328.0,TIME_STOP,False
164,2024-09-26,2024-09-27,DABUR/MARICO,PAIRS,BUY_A,1,-2.191,-1.776,14717.0,1766.0,12951.0,INTRADAY,True
165,2024-09-26,2024-09-27,ITC_CAL,CALENDAR,SELL_NEAR,1,2.906,3.726,5880.0,706.0,5174.0,INTRADAY,True
166,2024-09-26,2024-09-27,COLPAL_CAL,CALENDAR,SELL_NEAR,1,2.451,-0.843,5810.0,697.0,5113.0,PROFIT,True
167,2024-09-27,2024-09-30,ITC_CAL,CALENDAR,SELL_NEAR,3,3.726,0.784,9880.0,1186.0,8694.0,INTRADAY,True
168,2024-09-30,2024-10-07,DABUR/MARICO,PAIRS,BUY_A,7,-2.203,-2.913,-73437.0,8812.0,-82249.0,TIME_STOP,False
169,2024-10-01,2024-10-03,BAJAJFINSV/MUTHOOTFIN,PAIRS,SELL_A,2,2.706,1.731,58971.0,7076.0,51894.0,INTRADAY,True
170,2024-10-01,2024-10-04,LTF/LICHSGFIN,PAIRS,SELL_A,3,2.402,1.423,53127.0,6375.0,46752.0,PROFIT,True
171,2024-10-03,2024-10-04,NESTLEIND/TATACONSUM,PAIRS,SELL_A,1,2.377,2.214,15099.0,1812.0,13287.0,INTRADAY,True
172,2024-10-03,2024-10-04,NHPC/IRFC,PAIRS,SELL_A,1,2.028,1.91,14708.0,1765.0,12943.0,INTRADAY,True
173,2024-10-04,2024-10-08,NHPC/IRFC,PAIRS,SELL_A,4,1.91,1.385,21782.0,2614.0,19168.0,PROFIT,True
174,2024-10-04,2024-10-08,NESTLEIND/TATACONSUM,PAIRS,SELL_A,4,2.214,2.135,11921.0,1431.0,10491.0,INTRADAY,True
175,2024-10-07,2024-10-08,ITC_CAL,CALENDAR,SELL_NEAR,1,4.078,2.687,6640.0,797.0,5843.0,INTRADAY,True
176,2024-10-07,2024-10-08,BAJAJFINSV/MUTHOOTFIN,PAIRS,SELL_A,1,2.171,1.554,44109.0,5293.0,38816.0,INTRADAY,True
177,2024-10-07,2024-10-08,LT/GMRAIRPORT,PAIRS,SELL_A,1,2.069,1.866,14701.0,1764.0,12937.0,INTRADAY,True
178,2024-10-07,2024-10-10,DABUR/BRITANNIA,PAIRS,BUY_A,3,-2.632,-1.66,50955.0,6115.0,44841.0,INTRADAY,True
179,2024-10-08,2024-10-09,NESTLEIND/TATACONSUM,PAIRS,SELL_A,1,2.135,1.466,20554.0,2467.0,18088.0,PROFIT,True
180,2024-10-08,2024-10-09,ITC_CAL,CALENDAR,SELL_NEAR,1,2.687,2.362,27520.0,3302.0,24218.0,INTRADAY,True
181,2024-10-08,2024-10-09,HINDUNILVR_CAL,CALENDAR,SELL_NEAR,1,2.43,2.424,18405.0,2209.0,16196.0,INTRADAY,True
182,2024-10-09,2024-10-10,HINDUNILVR_CAL,CALENDAR,SELL_NEAR,1,2.424,2.779,13905.0,1669.0,12236.0,INTRADAY,True
183,2024-10-09,2024-10-10,ITC_CAL,CALENDAR,SELL_NEAR,1,2.362,1.18,10320.0,1238.0,9082.0,INTRADAY,True
184,2024-10-09,2024-10-14,MANAPPURAM/HDFCAMC,PAIRS,BUY_A,5,-1.893,-2.548,-48552.0,5826.0,-54378.0,TIME_STOP,False
185,2024-10-10,2024-10-11,HINDUNILVR_CAL,CALENDAR,SELL_NEAR,1,2.779,2.576,13245.0,1589.0,11656.0,INTRADAY,True
186,2024-10-11,2024-10-14,HINDUNILVR_CAL,CALENDAR,SELL_NEAR,3,2.576,2.306,11100.0,1332.0,9768.0,INTRADAY,True
187,2024-10-11,2024-10-16,SIEMENS/HAVELLS,PAIRS,SELL_A,5,1.989,2.299,-46484.0,5578.0,-52062.0,TIME_STOP,False
188,2024-10-14,2024-10-15,HINDUNILVR_CAL,CALENDAR,SELL_NEAR,1,2.306,2.263,8670.0,1040.0,7630.0,INTRADAY,True
189,2024-10-14,2024-10-15,TCS/WIPRO,PAIRS,BUY_A,1,-2.679,-1.936,44332.0,5320.0,39012.0,INTRADAY,True
190,2024-10-14,2024-10-16,DABUR/MARICO,PAIRS,BUY_A,2,-2.297,-1.554,40150.0,4818.0,35332.0,INTRADAY,True
191,2024-10-15,2024-10-16,HINDUNILVR_CAL,CALENDAR,SELL_NEAR,1,2.263,2.158,12810.0,1537.0,11273.0,INTRADAY,True
192,2024-10-15,2024-10-17,RELIANCE/IOC,PAIRS,BUY_A,2,-2.328,-0.999,35750.0,4290.0,31460.0,PROFIT,True
193,2024-10-15,2024-10-17,TCS/WIPRO,PAIRS,BUY_A,2,-1.936,-1.544,17373.0,2085.0,15288.0,INTRADAY,True
194,2024-10-16,2024-10-21,ABB/HAVELLS,PAIRS,SELL_A,5,2.199,1.78,19688.0,2363.0,17325.0,INTRADAY,True
195,2024-10-16,2024-10-18,SBICARD/HDFCAMC,PAIRS,BUY_A,2,-3.104,-2.133,43511.0,5221.0,38290.0,INTRADAY,True
196,2024-10-16,2024-10-17,HINDUNILVR_CAL,CALENDAR,SELL_NEAR,1,2.158,2.137,16530.0,1984.0,14546.0,INTRADAY,True
197,2024-10-17,2024-10-18,HINDUNILVR_CAL,CALENDAR,SELL_NEAR,1,2.137,1.61,13320.0,1598.0,11722.0,INTRADAY,True
198,2024-10-17,2024-10-22,LT/GMRAIRPORT,PAIRS,SELL_A,5,2.147,2.989,-52470.0,6296.0,-58767.0,TIME_STOP,False
199,2024-10-18,2024-10-21,COLPAL_CAL,CALENDAR,SELL_NEAR,3,2.343,1.365,33548.0,4026.0,29522.0,INTRADAY,True
200,2024-10-18,2024-10-21,LTF/MANAPPURAM,PAIRS,SELL_A,3,2.881,2.255,61298.0,7356.0,53942.0,INTRADAY,True
201,2024-10-18,2024-10-23,TCS/WIPRO,PAIRS,BUY_A,5,-2.375,-2.161,-13623.0,1635.0,-15258.0,TIME_STOP,False
202,2024-10-18,2024-10-23,SAIL/NMDC,PAIRS,BUY_A,5,-1.762,-2.883,-41790.0,5015.0,-46805.0,TIME_STOP,False
203,2024-10-21,2024-10-22,BAJFINANCE/SHRIRAMFIN,PAIRS,BUY_A,1,-1.927,-1.753,24451.0,2934.0,21517.0,INTRADAY,True
204,2024-10-21,2024-10-24,NESTLEIND/TATACONSUM,PAIRS,SELL_A,3,2.281,1.61,31235.0,3748.0,27487.0,INTRADAY,True
205,2024-10-21,2024-10-28,MANAPPURAM/HDFCAMC,PAIRS,BUY_A,7,-3.604,-1.898,76479.0,9178.0,67302.0,TIME_STOP,True
206,2024-10-22,2024-10-23,SAIL_CAL,CALENDAR,SELL_NEAR,1,3.105,0.254,8080.0,970.0,7110.0,PROFIT,True
207,2024-10-25,2024-10-30,LTF/LICHSGFIN,PAIRS,BUY_A,5,-1.972,-1.949,-13948.0,1674.0,-15622.0,TIME_STOP,False
208,2024-10-25,2024-10-28,RELIANCE/IOC,PAIRS,SELL_A,3,2.333,2.183,539705.0,64765.0,474940.0,LOT_CHANGE,True
209,2024-10-30,2024-10-31,TCS/WIPRO,PAIRS,BUY_A,1,-2.152,-2.007,24228.0,2907.0,21321.0,INTRADAY,True
210,2024-10-30,2024-11-04,SAIL/NMDC,PAIRS,BUY_A,5,-2.576,-2.613,-21268.0,2552.0,-23820.0,TIME_STOP,False
211,2024-10-31,2024-11-01,COLPAL_CAL,CALENDAR,BUY_NEAR,1,-2.511,-1.27,18445.0,2213.0,16232.0,INTRADAY,True
212,2024-10-31,2024-11-01,OBEROIRLTY_CAL,CALENDAR,BUY_NEAR,1,-2.454,0.478,7280.0,874.0,6406.0,PROFIT,True
213,2024-10-31,2024-11-04,TCS/WIPRO,PAIRS,BUY_A,4,-2.007,-1.484,31161.0,3739.0,27422.0,PROFIT,True
214,2024-10-31,2024-11-05,LT/GMRAIRPORT,PAIRS,SELL_A,5,3.018,2.431,4084.0,490.0,3594.0,TIME_STOP,True
215,2024-11-07,2024-11-08,OBEROIRLTY_CAL,CALENDAR,SELL_NEAR,1,4.055,3.497,22610.0,2713.0,19897.0,INTRADAY,True
216,2024-11-08,2024-11-11,OBEROIRLTY_CAL,CALENDAR,SELL_NEAR,3,3.497,2.881,21997.0,2640.0,19358.0,INTRADAY,True
217,2024-11-08,2024-11-11,LTF/LICHSGFIN,PAIRS,BUY_A,3,-1.995,-1.736,31454.0,3775.0,27680.0,INTRADAY,True
218,2024-11-11,2024-11-12,SAIL/NMDC,PAIRS,BUY_A,1,-2.105,-1.84,23373.0,2805.0,20568.0,INTRADAY,True
219,2024-11-11,2024-11-12,OBEROIRLTY_CAL,CALENDAR,SELL_NEAR,1,2.881,2.347,20895.0,2507.0,18388.0,INTRADAY,True
220,2024-11-12,2024-11-14,SAIL/NMDC,PAIRS,BUY_A,2,-1.84,-1.711,8204.0,984.0,7219.0,INTRADAY,True
221,2024-11-12,2024-11-13,OBEROIRLTY_CAL,CALENDAR,SELL_NEAR,1,2.347,2.938,31518.0,3782.0,27735.0,INTRADAY,True
222,2024-11-13,2024-11-14,OBEROIRLTY_CAL,CALENDAR,SELL_NEAR,1,2.938,3.56,24342.0,2921.0,21421.0,INTRADAY,True
223,2024-11-13,2024-11-14,ADANIENT/ADANIGREEN,PAIRS,SELL_A,1,2.009,1.781,43492.0,5219.0,38273.0,INTRADAY,True
224,2024-11-14,2024-11-18,OBEROIRLTY_CAL,CALENDAR,SELL_NEAR,4,3.56,2.951,24518.0,2942.0,21575.0,INTRADAY,True
225,2024-11-18,2024-11-19,OBEROIRLTY_CAL,CALENDAR,SELL_NEAR,1,2.951,3.092,24658.0,2959.0,21699.0,INTRADAY,True
226,2024-11-19,2024-11-21,OBEROIRLTY_CAL,CALENDAR,SELL_NEAR,2,3.092,2.736,20983.0,2518.0,18465.0,INTRADAY,True
227,2024-11-19,2024-11-21,ADANIENT/ADANIGREEN,PAIRS,SELL_A,2,2.155,1.611,118611.0,14233.0,104378.0,INTRADAY,True
228,2024-11-19,2024-11-25,BAJAJFINSV/SBICARD,PAIRS,BUY_A,6,-2.204,-2.273,-12302.0,1476.0,-13778.0,TIME_STOP,False
229,2024-11-21,2024-11-22,NTPC/TATAPOWER,PAIRS,BUY_A,1,-2.612,-2.124,17993.0,2159.0,15834.0,INTRADAY,True
230,2024-11-22,2024-11-25,NTPC/TATAPOWER,PAIRS,BUY_A,3,-2.124,-1.495,15001.0,1800.0,13201.0,PROFIT,True
231,2024-11-22,2024-11-27,ADANIENT/ADANIGREEN,PAIRS,SELL_A,5,2.332,2.663,-181028.0,21723.0,-202751.0,TIME_STOP,False
232,2024-11-26,2024-11-27,NTPC/TATAPOWER,PAIRS,BUY_A,1,-1.967,-1.851,16960.0,2035.0,14925.0,INTRADAY,True
233,2024-11-27,2024-11-29,NTPC/TATAPOWER,PAIRS,BUY_A,2,-1.851,-1.726,6263.0,752.0,5511.0,INTRADAY,True
234,2024-11-28,2024-12-02,BAJAJFINSV/LICHSGFIN,PAIRS,BUY_A,4,-2.128,-1.56,45368.0,5444.0,39924.0,INTRADAY,True
235,2024-11-28,2024-11-29,ITC_CAL,CALENDAR,SELL_NEAR,1,2.319,1.818,11920.0,1430.0,10490.0,INTRADAY,True
236,2024-11-29,2024-12-04,NTPC/TATAPOWER,PAIRS,BUY_A,5,-1.726,-1.76,-9426.0,1131.0,-10557.0,TIME_STOP,False
237,2024-12-04,2024-12-05,OBEROIRLTY_CAL,CALENDAR,SELL_NEAR,1,2.349,1.699,17517.0,2102.0,15415.0,INTRADAY,True
238,2024-12-06,2024-12-09,ITC_CAL,CALENDAR,SELL_NEAR,3,2.267,1.758,12160.0,1459.0,10701.0,INTRADAY,True
239,2024-12-06,2024-12-09,NHPC/IRFC,PAIRS,BUY_A,3,-1.689,-1.368,13027.0,1563.0,11464.0,PROFIT,True
240,2024-12-09,2024-12-16,HINDALCO/VEDL,PAIRS,BUY_A,7,-2.942,-2.872,-57600.0,6912.0,-64512.0,TIME_STOP,False
241,2024-12-09,2024-12-10,DLF/GODREJPROP,PAIRS,SELL_A,1,2.206,1.573,27676.0,3321.0,24355.0,INTRADAY,True
242,2024-12-09,2024-12-10,HDFCBANK/ICICIBANK,PAIRS,SELL_A,1,2.173,1.757,19251.0,2310.0,16941.0,INTRADAY,True
243,2024-12-09,2024-12-11,PNB/IDFCFIRSTB,PAIRS,SELL_A,2,1.92,1.713,10973.0,1317.0,9656.0,INTRADAY,True
244,2024-12-10,2024-12-11,IRFC/HUDCO,PAIRS,BUY_A,1,-2.394,-0.654,73119.0,8774.0,64344.0,PROFIT,True
245,2024-12-10,2024-12-11,DLF/IRCTC,PAIRS,SELL_A,1,1.818,1.264,22250.0,2670.0,19580.0,PROFIT,True
246,2024-12-11,2024-12-12,DALBHARAT/GRASIM,PAIRS,SELL_A,1,2.387,1.849,21928.0,2631.0,19296.0,INTRADAY,True
247,2024-12-11,2024-12-12,TATAPOWER/HUDCO,PAIRS,BUY_A,1,-2.051,-1.721,36382.0,4366.0,32016.0,INTRADAY,True
248,2024-12-11,2024-12-13,DLF/GODREJPROP,PAIRS,SELL_A,2,1.728,1.489,10562.0,1267.0,9295.0,PROFIT,True
249,2024-12-13,2024-12-18,LTF/MANAPPURAM,PAIRS,BUY_A,5,-2.208,-2.296,-39730.0,4768.0,-44498.0,TIME_STOP,False
250,2024-12-13,2024-12-18,DLF/IRCTC,PAIRS,SELL_A,5,1.907,2.409,-37709.0,4525.0,-42234.0,TIME_STOP,False
251,2024-12-16,2024-12-18,IRFC/HUDCO,PAIRS,BUY_A,2,-2.337,-1.953,28184.0,3382.0,24802.0,INTRADAY,True
252,2024-12-17,2024-12-18,DALBHARAT/GRASIM,PAIRS,SELL_A,1,2.666,1.656,34871.0,4184.0,30686.0,INTRADAY,True
253,2024-12-18,2024-12-19,IRFC/HUDCO,PAIRS,BUY_A,1,-1.953,-1.619,30422.0,3651.0,26772.0,INTRADAY,True
254,2024-12-18,2024-12-23,ULTRACEMCO/GRASIM,PAIRS,SELL_A,5,1.944,1.88,6799.0,816.0,5983.0,INTRADAY,True
255,2024-12-19,2024-12-24,DABUR/GODREJCP,PAIRS,SELL_A,5,2.001,2.201,-15706.0,1885.0,-17590.0,TIME_STOP,False
256,2024-12-20,2024-12-23,IRFC/HUDCO,PAIRS,BUY_A,3,-1.972,-1.479,22739.0,2729.0,20010.0,PROFIT,True
257,2024-12-23,2024-12-30,ULTRACEMCO/GRASIM,PAIRS,SELL_A,7,1.88,1.998,-23120.0,2774.0,-25895.0,TIME_STOP,False
258,2024-12-26,2024-12-30,DLF/IRCTC,PAIRS,SELL_A,4,2.06,1.812,16785.0,2014.0,14771.0,INTRADAY,True
259,2024-12-26,2024-12-31,LTF/MANAPPURAM,PAIRS,BUY_A,5,-2.262,-2.304,-43407.0,5209.0,-48616.0,TIME_STOP,False
260,2024-12-26,2024-12-27,ITC_CAL,CALENDAR,SELL_NEAR,1,2.477,2.278,8720.0,1046.0,7674.0,INTRADAY,True
261,2024-12-27,2024-12-30,ITC_CAL,CALENDAR,SELL_NEAR,3,2.278,2.364,7760.0,931.0,6829.0,INTRADAY,True
262,2024-12-30,2024-12-31,SAIL_CAL,CALENDAR,SELL_NEAR,1,2.265,2.255,10800.0,1296.0,9504.0,INTRADAY,True
263,2024-12-30,2024-12-31,ITC_CAL,CALENDAR,SELL_NEAR,1,2.364,2.53,14320.0,1718.0,12602.0,INTRADAY,True
264,2024-12-30,2025-01-06,LUPIN/TORNTPHARM,PAIRS,SELL_A,7,2.221,2.231,-52717.0,6326.0,-59044.0,TIME_STOP,False
265,2024-12-30,2024-12-31,DLF/IRCTC,PAIRS,SELL_A,1,1.812,1.255,27418.0,3290.0,24128.0,PROFIT,True
266,2024-12-30,2024-12-31,DALBHARAT/GRASIM,PAIRS,SELL_A,1,2.045,1.852,10288.0,1235.0,9054.0,INTRADAY,True
267,2024-12-30,2025-01-03,ADANIENT/ADANIGREEN,PAIRS,SELL_A,4,1.883,1.712,-6345.0,761.0,-7107.0,INTRADAY,False
268,2024-12-31,2025-01-06,KOTAKBANK/AXISBANK,PAIRS,SELL_A,6,2.408,1.789,25577.0,3069.0,22508.0,INTRADAY,True
269,2024-12-31,2025-01-01,SAIL_CAL,CALENDAR,SELL_NEAR,1,2.255,1.219,6680.0,802.0,5878.0,INTRADAY,True
270,2024-12-31,2025-01-01,ITC_CAL,CALENDAR,SELL_NEAR,1,2.53,2.189,6800.0,816.0,5984.0,INTRADAY,True
271,2025-01-01,2025-01-02,DABUR/GODREJCP,PAIRS,SELL_A,1,1.927,1.698,14660.0,1759.0,12900.0,INTRADAY,True
272,2025-01-01,2025-01-02,ITC_CAL,CALENDAR,SELL_NEAR,1,2.189,2.212,10400.0,1248.0,9152.0,INTRADAY,True
273,2025-01-02,2025-01-03,ITC_CAL,CALENDAR,SELL_NEAR,1,2.212,0.433,19120.0,2294.0,16826.0,INTRADAY,True
274,2025-01-02,2025-01-06,BAJFINANCE/SBICARD,PAIRS,SELL_A,4,2.709,1.411,56110.0,6733.0,49377.0,PROFIT,True
275,2025-01-03,2025-01-06,HINDUNILVR_CAL,CALENDAR,SELL_NEAR,3,2.189,0.599,14415.0,1730.0,12685.0,INTRADAY,True
276,2025-01-06,2025-01-08,ULTRACEMCO/GRASIM,PAIRS,SELL_A,2,1.77,1.656,9550.0,1146.0,8404.0,INTRADAY,True
277,2025-01-06,2025-01-07,ITC_CAL,CALENDAR,SELL_NEAR,1,3.558,3.181,12160.0,1459.0,10701.0,INTRADAY,True
278,2025-01-06,2025-01-07,DLF/GODREJPROP,PAIRS,SELL_A,1,1.834,1.699,13569.0,1628.0,11941.0,INTRADAY,True
279,2025-01-07,2025-01-08,ITC_CAL,CALENDAR,SELL_NEAR,1,3.181,2.833,23600.0,2832.0,20768.0,INTRADAY,True
280,2025-01-08,2025-01-09,ITC_CAL,CALENDAR,SELL_NEAR,1,2.833,2.268,23200.0,2784.0,20416.0,INTRADAY,True
281,2025-01-08,2025-01-09,DLF/GODREJPROP,PAIRS,SELL_A,1,2.122,1.844,23944.0,2873.0,21070.0,INTRADAY,True
282,2025-01-08,2025-01-10,DALBHARAT/GRASIM,PAIRS,SELL_A,2,2.047,1.787,20199.0,2424.0,17775.0,INTRADAY,True
283,2025-01-09,2025-01-10,ITC_CAL,CALENDAR,SELL_NEAR,1,2.268,2.022,12800.0,1536.0,11264.0,INTRADAY,True
284,2025-01-09,2025-01-13,DLF/GODREJPROP,PAIRS,SELL_A,4,1.844,1.635,35343.0,4241.0,31102.0,INTRADAY,True
285,2025-01-09,2025-01-14,BANDHANBNK/AUBANK,PAIRS,BUY_A,5,-1.908,-2.139,-20131.0,2416.0,-22546.0,TIME_STOP,False
286,2025-01-10,2025-01-13,ITC_CAL,CALENDAR,SELL_NEAR,3,2.022,2.174,12560.0,1507.0,11053.0,INTRADAY,True
287,2025-01-13,2025-01-14,ITC_CAL,CALENDAR,SELL_NEAR,1,2.174,2.053,8000.0,960.0,7040.0,INTRADAY,True
288,2025-01-13,2025-01-16,INFY/MPHASIS,PAIRS,SELL_A,3,2.671,1.525,71183.0,8542.0,62641.0,INTRADAY,True
289,2025-01-13,2025-01-15,LT/DLF,PAIRS,SELL_A,2,2.554,1.894,39713.0,4766.0,34948.0,INTRADAY,True
290,2025-01-13,2025-01-15,DALBHARAT/GRASIM,PAIRS,SELL_A,2,2.206,2.054,13176.0,1581.0,11595.0,INTRADAY,True
291,2025-01-14,2025-01-15,ITC_CAL,CALENDAR,SELL_NEAR,1,2.053,1.831,10560.0,1267.0,9293.0,INTRADAY,True
292,2025-01-15,2025-01-16,BANKBARODA/RBLBANK,PAIRS,BUY_A,1,-2.257,-1.463,37158.0,4459.0,32699.0,PROFIT,True
293,2025-01-15,2025-01-16,DALBHARAT/GRASIM,PAIRS,SELL_A,1,2.054,1.62,19362.0,2323.0,17039.0,INTRADAY,True
294,2025-01-15,2025-01-16,DLF/GODREJPROP,PAIRS,SELL_A,1,1.778,1.469,11902.0,1428.0,10474.0,PROFIT,True
295,2025-01-15,2025-01-20,KOTAKBANK/AXISBANK,PAIRS,SELL_A,5,2.363,3.739,-162765.0,19532.0,-182297.0,TIME_STOP,False
296,2025-01-15,2025-01-16,COLPAL_CAL,CALENDAR,SELL_NEAR,1,2.396,1.102,12539.0,1505.0,11034.0,INTRADAY,True
297,2025-01-20,2025-01-24,KOTAKBANK/RBLBANK,PAIRS,SELL_A,4,3.264,2.154,44457.0,5335.0,39122.0,INTRADAY,True
298,2025-01-21,2025-01-22,COLPAL_CAL,CALENDAR,SELL_NEAR,1,3.025,2.436,9214.0,1106.0,8108.0,INTRADAY,True
299,2025-01-21,2025-01-23,BANDHANBNK/AUBANK,PAIRS,BUY_A,2,-2.558,-1.336,61314.0,7358.0,53957.0,PROFIT,True
300,2025-01-22,2025-01-27,LT/DLF,PAIRS,SELL_A,5,2.25,2.016,36036.0,4324.0,31711.0,INTRADAY,True
301,2025-01-22,2025-01-23,COLPAL_CAL,CALENDAR,SELL_NEAR,1,2.436,2.235,12057.0,1447.0,10611.0,INTRADAY,True
302,2025-01-23,2025-01-24,SBIN/IDFCFIRSTB,PAIRS,BUY_A,1,-2.003,-1.637,27578.0,3309.0,24269.0,INTRADAY,True
303,2025-01-23,2025-01-27,NESTLEIND/TATACONSUM,PAIRS,BUY_A,4,-1.939,-1.543,25636.0,3076.0,22559.0,INTRADAY,True
304,2025-01-27,2025-01-28,DLF/GODREJPROP,PAIRS,SELL_A,1,2.536,2.528,19195.0,2303.0,16891.0,INTRADAY,True
305,2025-01-27,2025-01-28,IDFCFIRSTB/RBLBANK,PAIRS,BUY_A,1,-2.417,-2.263,27372.0,3285.0,24087.0,INTRADAY,True
306,2025-01-27,2025-01-28,LTIM/MPHASIS,PAIRS,BUY_A,1,-2.037,-1.691,34411.0,4129.0,30282.0,INTRADAY,True
307,2025-01-27,2025-02-03,KOTAKBANK/AXISBANK,PAIRS,SELL_A,7,2.473,1.528,58337.0,7000.0,51337.0,INTRADAY,True
308,2025-01-28,2025-01-29,IDFCFIRSTB/RBLBANK,PAIRS,BUY_A,1,-2.263,-1.686,27884.0,3346.0,24538.0,INTRADAY,True
309,2025-01-28,2025-01-29,HDFCBANK/FEDERALBNK,PAIRS,SELL_A,1,2.215,1.803,32362.0,3883.0,28479.0,INTRADAY,True
310,2025-01-28,2025-01-30,DLF/GODREJPROP,PAIRS,SELL_A,2,2.528,1.907,31657.0,3799.0,27858.0,INTRADAY,True
311,2025-01-29,2025-01-30,MPHASIS/OFSS,PAIRS,SELL_A,1,2.697,2.356,68324.0,8199.0,60125.0,INTRADAY,True
312,2025-01-29,2025-02-03,BANKBARODA/RBLBANK,PAIRS,BUY_A,5,-1.979,-2.97,-129596.0,15552.0,-145147.0,TIME_STOP,False
313,2025-01-29,2025-02-03,BAJFINANCE/SBICARD,PAIRS,SELL_A,5,2.048,2.814,-81042.0,9725.0,-90767.0,TIME_STOP,False
314,2025-01-30,2025-02-03,TECHM/OFSS,PAIRS,SELL_A,4,2.637,1.801,79218.0,9506.0,69712.0,INTRADAY,True
315,2025-01-30,2025-01-31,DLF/GODREJPROP,PAIRS,SELL_A,1,1.907,1.386,25178.0,3021.0,22156.0,PROFIT,True
316,2025-01-30,2025-01-31,SAIL_CAL,CALENDAR,SELL_NEAR,1,2.81,1.327,20160.0,2419.0,17741.0,INTRADAY,True
317,2025-01-30,2025-01-31,ABB/CUMMINSIND,PAIRS,BUY_A,1,-2.375,-1.964,50531.0,6064.0,44467.0,INTRADAY,True
318,2025-01-31,2025-02-03,RECLTD/HUDCO,PAIRS,BUY_A,3,-2.079,-0.787,92681.0,11122.0,81560.0,PROFIT,True
319,2025-01-31,2025-02-05,NESTLEIND/TATACONSUM,PAIRS,BUY_A,5,-1.94,-2.113,-21577.0,2589.0,-24166.0,TIME_STOP,False
320,2025-01-31,2025-02-05,ABB/CUMMINSIND,PAIRS,BUY_A,5,-1.964,-1.904,-42582.0,5110.0,-47692.0,TIME_STOP,False
321,2025-02-03,2025-02-04,TATAPOWER/RECLTD,PAIRS,SELL_A,1,2.408,1.819,41623.0,4995.0,36628.0,INTRADAY,True
322,2025-02-03,2025-02-04,PNB/RBLBANK,PAIRS,BUY_A,1,-2.075,-1.927,20138.0,2417.0,17721.0,INTRADAY,True
323,2025-02-03,2025-02-04,DLF/LODHA,PAIRS,BUY_A,1,-2.021,-1.264,37404.0,4488.0,32916.0,PROFIT,True
324,2025-02-03,2025-02-05,BANKBARODA/IDFCFIRSTB,PAIRS,BUY_A,2,-2.632,-1.66,71577.0,8589.0,62988.0,INTRADAY,True
325,2025-02-03,2025-02-07,HDFCBANK/FEDERALBNK,PAIRS,SELL_A,4,2.248,1.433,21615.0,2594.0,19022.0,PROFIT,True
326,2025-02-04,2025-02-05,TATAPOWER/RECLTD,PAIRS,SELL_A,1,1.819,1.492,13399.0,1608.0,11791.0,PROFIT,True
327,2025-02-05,2025-02-10,DLF/GODREJPROP,PAIRS,SELL_A,5,1.944,2.14,-34938.0,4193.0,-39131.0,TIME_STOP,False
328,2025-02-06,2025-02-07,TATAPOWER/RECLTD,PAIRS,SELL_A,1,1.756,1.404,12625.0,1515.0,11110.0,PROFIT,True
329,2025-02-07,2025-02-10,SAIL_CAL,CALENDAR,SELL_NEAR,3,2.351,1.698,22200.0,2664.0,19536.0,INTRADAY,True
330,2025-02-07,2025-02-10,SBIN/IDFCFIRSTB,PAIRS,BUY_A,3,-2.4,-1.831,39133.0,4696.0,34437.0,INTRADAY,True
331,2025-02-10,2025-02-11,BAJFINANCE/SBICARD,PAIRS,SELL_A,1,2.065,1.953,29572.0,3549.0,26023.0,INTRADAY,True
332,2025-02-11,2025-02-12,TATAPOWER/PFC,PAIRS,SELL_A,1,2.426,2.32,29061.0,3487.0,25574.0,INTRADAY,True
333,2025-02-11,2025-02-12,PNB/RBLBANK,PAIRS,BUY_A,1,-2.272,-1.827,41494.0,4979.0,36515.0,INTRADAY,True
334,2025-02-12,2025-02-17,PNB/IDFCFIRSTB,PAIRS,BUY_A,5,-1.881,-2.239,-31543.0,3785.0,-35328.0,TIME_STOP,False
335,2025-02-12,2025-02-14,NESTLEIND/TATACONSUM,PAIRS,BUY_A,2,-2.391,-1.895,22241.0,2669.0,19573.0,INTRADAY,True
336,2025-02-12,2025-11-26,ABB/CUMMINSIND,PAIRS,BUY_A,287,-1.859,-7.249,-643797.0,77256.0,-721052.0,LOT_CHANGE,False
337,2025-02-12,2025-02-13,TATAPOWER/PFC,PAIRS,SELL_A,1,2.32,1.396,31878.0,3825.0,28052.0,PROFIT,True
338,2025-02-12,2025-02-13,LT/CONCOR,PAIRS,SELL_A,1,1.92,1.428,17139.0,2057.0,15083.0,PROFIT,True
339,2025-02-13,2025-02-18,INFY/MPHASIS,PAIRS,SELL_A,5,2.102,1.963,-17456.0,2095.0,-19551.0,TIME_STOP,False
340,2025-02-14,2025-02-17,LT/CONCOR,PAIRS,SELL_A,3,2.225,0.507,71843.0,8621.0,63222.0,PROFIT,True
341,2025-02-14,2025-02-17,NESTLEIND/TATACONSUM,PAIRS,BUY_A,3,-1.895,-1.683,19147.0,2298.0,16849.0,INTRADAY,True
342,2025-02-14,2025-02-17,CIPLA/TORNTPHARM,PAIRS,SELL_A,3,2.14,1.965,31678.0,3801.0,27876.0,INTRADAY,True
343,2025-02-17,2025-02-18,HINDALCO/VEDL,PAIRS,SELL_A,1,1.855,1.764,17548.0,2106.0,15443.0,INTRADAY,True
344,2025-02-18,2025-02-21,TATAPOWER/HUDCO,PAIRS,SELL_A,3,1.968,1.837,28051.0,3366.0,24685.0,INTRADAY,True
345,2025-02-18,2025-02-19,DABUR/GODREJCP,PAIRS,SELL_A,1,2.121,1.375,45335.0,5440.0,39895.0,PROFIT,True
346,2025-02-18,2025-02-19,CIPLA/TORNTPHARM,PAIRS,SELL_A,1,2.272,1.087,75036.0,9004.0,66031.0,PROFIT,True
347,2025-02-19,2025-02-20,PNB/RBLBANK,PAIRS,BUY_A,1,-2.151,-1.315,58677.0,7041.0,51636.0,PROFIT,True
348,2025-02-19,2025-02-20,HINDALCO/VEDL,PAIRS,SELL_A,1,2.062,1.935,19602.0,2352.0,17250.0,INTRADAY,True
349,2025-02-20,2025-02-25,HINDALCO/VEDL,PAIRS,SELL_A,5,1.935,2.392,-31492.0,3779.0,-35271.0,TIME_STOP,False
350,2025-02-21,2025-02-25,LT/CONCOR,PAIRS,SELL_A,4,2.2,1.791,25592.0,3071.0,22521.0,INTRADAY,True
351,2025-02-21,2025-02-27,TATAPOWER/RECLTD,PAIRS,SELL_A,6,1.917,1.764,4425.0,531.0,3894.0,INTRADAY,True
352,2025-02-21,2025-02-27,DLF/LODHA,PAIRS,BUY_A,6,-2.128,-2.689,-58556.0,7027.0,-65583.0,TIME_STOP,False
353,2025-02-25,2025-02-27,IRFC/HUDCO,PAIRS,SELL_A,2,1.866,1.843,23898.0,2868.0,21030.0,INTRADAY,True
354,2025-02-27,2025-03-04,INFY/MPHASIS,PAIRS,SELL_A,5,2.167,1.955,-12011.0,1441.0,-13453.0,TIME_STOP,False
355,2025-02-27,2025-03-04,TATAPOWER/HUDCO,PAIRS,SELL_A,5,2.283,2.281,-39521.0,4742.0,-44263.0,TIME_STOP,False
356,2025-02-27,2025-03-04,LT/CONCOR,PAIRS,SELL_A,5,2.215,3.097,-83056.0,9967.0,-93023.0,TIME_STOP,False
357,2025-02-27,2025-03-04,PNB/RBLBANK,PAIRS,BUY_A,5,-2.244,-2.265,-40686.0,4882.0,-45568.0,TIME_STOP,False
358,2025-02-28,2025-03-03,HDFCBANK/ICICIBANK,PAIRS,SELL_A,3,2.399,1.399,45318.0,5438.0,39880.0,PROFIT,True
359,2025-03-03,2025-03-05,ULTRACEMCO/GRASIM,PAIRS,BUY_A,2,-2.159,-1.943,13895.0,1667.0,12227.0,INTRADAY,True
360,2025-03-04,2025-03-05,HINDALCO/VEDL,PAIRS,SELL_A,1,2.436,1.831,49590.0,5951.0,43639.0,INTRADAY,True
361,2025-03-04,2025-03-05,ADANIENT/ADANIGREEN,PAIRS,SELL_A,1,2.052,1.538,84303.0,10116.0,74187.0,INTRADAY,True
362,2025-03-04,2025-03-05,RECLTD/HUDCO,PAIRS,SELL_A,1,2.398,1.928,45747.0,5490.0,40257.0,INTRADAY,True
363,2025-03-05,2025-03-06,ULTRACEMCO/GRASIM,PAIRS,BUY_A,1,-1.943,-1.854,17695.0,2123.0,15572.0,INTRADAY,True
364,2025-03-05,2025-03-06,HINDALCO/VEDL,PAIRS,SELL_A,1,1.831,1.823,17515.0,2102.0,15413.0,INTRADAY,True
365,2025-03-05,2025-03-07,RECLTD/HUDCO,PAIRS,SELL_A,2,1.928,1.457,22315.0,2678.0,19637.0,PROFIT,True
366,2025-03-06,2025-03-07,SAIL_CAL,CALENDAR,BUY_NEAR,1,-2.145,-1.166,13240.0,1589.0,11651.0,INTRADAY,True
367,2025-03-06,2025-03-07,ULTRACEMCO/GRASIM,PAIRS,BUY_A,1,-1.854,-1.761,12747.0,1530.0,11218.0,INTRADAY,True
368,2025-03-06,2025-03-10,POWERGRID/PFC,PAIRS,BUY_A,4,-1.758,-0.482,54425.0,6531.0,47894.0,PROFIT,True
369,2025-03-06,2025-03-11,IDFCFIRSTB/RBLBANK,PAIRS,BUY_A,5,-2.342,-2.169,4795.0,575.0,4219.0,INTRADAY,True
370,2025-03-06,2025-03-11,HINDALCO/VEDL,PAIRS,SELL_A,5,1.823,1.959,-27299.0,3276.0,-30574.0,TIME_STOP,False
371,2025-03-11,2025-03-12,ULTRACEMCO/GRASIM,PAIRS,BUY_A,1,-2.451,-1.737,30775.0,3693.0,27082.0,INTRADAY,True
372,2025-03-11,2025-03-12,ADANIENT/ADANIGREEN,PAIRS,SELL_A,1,1.876,1.215,50665.0,6080.0,44585.0,PROFIT,True
373,2025-03-11,2025-03-17,IDFCFIRSTB/RBLBANK,PAIRS,BUY_A,6,-2.169,-2.491,-48523.0,5823.0,-54345.0,TIME_STOP,False
374,2025-03-12,2025-03-17,DALBHARAT/GRASIM,PAIRS,BUY_A,5,-2.121,-1.503,26490.0,3179.0,23311.0,INTRADAY,True
375,2025-03-13,2025-03-17,SAIL_CAL,CALENDAR,BUY_NEAR,4,-2.884,-3.942,9120.0,1094.0,8026.0,INTRADAY,True
376,2025-03-17,2025-03-21,SBIN/IDFCFIRSTB,PAIRS,SELL_A,4,2.41,1.839,33202.0,3984.0,29218.0,INTRADAY,True
377,2025-03-17,2025-03-18,SAIL_CAL,CALENDAR,BUY_NEAR,1,-3.942,-0.613,20400.0,2448.0,17952.0,INTRADAY,True
378,2025-03-18,2025-03-24,LTIM/MPHASIS,PAIRS,BUY_A,6,-1.973,-2.539,-68851.0,8262.0,-77113.0,TIME_STOP,False
379,2025-03-19,2025-03-20,OBEROIRLTY_CAL,CALENDAR,BUY_NEAR,1,-2.363,-2.44,16940.0,2033.0,14907.0,INTRADAY,True
380,2025-03-20,2025-03-21,DALBHARAT/GRASIM,PAIRS,BUY_A,1,-2.212,-1.088,35804.0,4297.0,31508.0,PROFIT,True
381,2025-03-24,2025-03-25,BAJFINANCE/SBICARD,PAIRS,SELL_A,1,2.414,2.086,47250.0,5670.0,41580.0,INTRADAY,True
382,2025-03-24,2025-03-26,KOTAKBANK/RBLBANK,PAIRS,SELL_A,2,2.244,1.373,55962.0,6716.0,49247.0,PROFIT,True
383,2025-03-25,2025-03-26,BAJFINANCE/SBICARD,PAIRS,SELL_A,1,2.086,1.233,74728.0,8967.0,65761.0,PROFIT,True
384,2025-03-25,2025-03-27,DALBHARAT/GRASIM,PAIRS,BUY_A,2,-2.84,-1.901,38807.0,4657.0,34150.0,INTRADAY,True
385,2025-03-26,2025-03-28,IDFCFIRSTB/RBLBANK,PAIRS,BUY_A,2,-2.256,-2.255,16780.0,2014.0,14766.0,INTRADAY,True
386,2025-03-27,2025-03-28,COLPAL_CAL,CALENDAR,SELL_NEAR,1,3.65,3.069,12862.0,1543.0,11319.0,INTRADAY,True
387,2025-03-28,2025-04-01,ITC_CAL,CALENDAR,SELL_NEAR,4,2.825,2.512,12240.0,1469.0,10771.0,INTRADAY,True
388,2025-03-28,2025-04-02,BANKBARODA/IDFCFIRSTB,PAIRS,SELL_A,5,2.683,2.079,57831.0,6940.0,50891.0,INTRADAY,True
389,2025-03-28,2025-04-01,COLPAL_CAL,CALENDAR,SELL_NEAR,4,3.069,2.737,12259.0,1471.0,10788.0,INTRADAY,True
390,2025-04-01,2025-04-02,COLPAL_CAL,CALENDAR,SELL_NEAR,1,2.737,2.765,8522.0,1023.0,7500.0,INTRADAY,True
391,2025-04-01,2025-04-02,ITC_CAL,CALENDAR,SELL_NEAR,1,2.512,1.952,5040.0,605.0,4435.0,INTRADAY,True
392,2025-04-01,2025-04-02,IRFC/HUDCO,PAIRS,BUY_A,1,-2.237,-1.459,36232.0,4348.0,31884.0,PROFIT,True
393,2025-04-01,2025-04-03,LTIM/MPHASIS,PAIRS,BUY_A,2,-2.315,-1.844,53761.0,6451.0,47310.0,INTRADAY,True
394,2025-04-01,2025-04-03,ULTRACEMCO/GRASIM,PAIRS,BUY_A,2,-2.008,-1.61,28210.0,3385.0,24825.0,INTRADAY,True
395,2025-04-02,2025-04-07,DABUR/GODREJCP,PAIRS,BUY_A,5,-2.424,-3.462,-134656.0,16159.0,-150815.0,TIME_STOP,False
396,2025-04-02,2025-04-07,NESTLEIND/TATACONSUM,PAIRS,BUY_A,5,-2.744,-1.425,40226.0,4827.0,35399.0,PROFIT,True
397,2025-04-02,2025-04-03,BANKBARODA/IDFCFIRSTB,PAIRS,SELL_A,1,2.079,1.583,72355.0,8683.0,63672.0,INTRADAY,True
398,2025-04-02,2025-04-03,COLPAL_CAL,CALENDAR,SELL_NEAR,1,2.765,2.322,12749.0,1530.0,11219.0,INTRADAY,True
399,2025-04-03,2025-04-04,COLPAL_CAL,CALENDAR,SELL_NEAR,1,2.322,2.295,9380.0,1126.0,8254.0,INTRADAY,True
400,2025-04-03,2025-04-07,IRFC/HUDCO,PAIRS,BUY_A,4,-1.703,-1.032,31239.0,3749.0,27490.0,PROFIT,True
401,2025-04-03,2025-04-04,LTIM/MPHASIS,PAIRS,BUY_A,1,-1.844,-1.584,62388.0,7487.0,54901.0,INTRADAY,True
402,2025-04-04,2025-04-09,TECHM/OFSS,PAIRS,BUY_A,5,-2.217,-2.574,-62162.0,7460.0,-69622.0,TIME_STOP,False
403,2025-04-04,2025-04-08,LUPIN/TORNTPHARM,PAIRS,BUY_A,4,-2.367,-1.703,55271.0,6632.0,48638.0,INTRADAY,True
404,2025-04-04,2025-04-07,COLPAL_CAL,CALENDAR,SELL_NEAR,3,2.295,2.236,12976.0,1557.0,11419.0,INTRADAY,True
405,2025-04-04,2025-04-07,BANKBARODA/IDFCFIRSTB,PAIRS,SELL_A,3,2.001,1.867,46367.0,5564.0,40803.0,INTRADAY,True
406,2025-04-07,2025-04-08,DLF/GODREJPROP,PAIRS,BUY_A,1,-1.8,-1.725,22117.0,2654.0,19463.0,INTRADAY,True
407,2025-04-07,2025-04-08,COLPAL_CAL,CALENDAR,SELL_NEAR,1,2.236,1.639,10281.0,1234.0,9048.0,INTRADAY,True
408,2025-04-08,2025-04-09,ITC_CAL,CALENDAR,SELL_NEAR,1,2.434,2.211,10960.0,1315.0,9645.0,INTRADAY,True
409,2025-04-08,2025-04-11,DLF/GODREJPROP,PAIRS,BUY_A,3,-1.725,-1.198,17910.0,2149.0,15761.0,PROFIT,True
410,2025-04-08,2025-04-15,IRFC/HUDCO,PAIRS,BUY_A,7,-2.319,-2.456,-41624.0,4995.0,-46618.0,TIME_STOP,False
411,2025-04-09,2025-04-15,POWERGRID/PFC,PAIRS,SELL_A,6,1.991,0.545,49089.0,5891.0,43198.0,PROFIT,True
412,2025-04-09,2025-04-11,ITC_CAL,CALENDAR,SELL_NEAR,2,2.211,1.561,8880.0,1066.0,7814.0,INTRADAY,True
413,2025-04-09,2025-04-11,MPHASIS/OFSS,PAIRS,BUY_A,2,-1.829,-1.693,30426.0,3651.0,26775.0,INTRADAY,True
414,2025-04-11,2025-04-15,DLF/IRCTC,PAIRS,BUY_A,4,-2.884,-2.201,47695.0,5723.0,41972.0,INTRADAY,True
415,2025-04-15,2025-04-16,ULTRACEMCO/GRASIM,PAIRS,BUY_A,1,-2.049,-1.681,23520.0,2822.0,20697.0,INTRADAY,True
416,2025-04-16,2025-04-17,SBIN/BANKBARODA,PAIRS,BUY_A,1,-2.174,-1.539,42443.0,5093.0,37350.0,INTRADAY,True
417,2025-04-17,2025-04-21,SUNPHARMA/LUPIN,PAIRS,SELL_A,4,2.257,0.895,78527.0,9423.0,69104.0,PROFIT,True
418,2025-04-17,2025-04-21,CONCOR/IRCTC,PAIRS,BUY_A,4,-1.902,-1.345,21179.0,2541.0,18637.0,PROFIT,True
419,2025-04-17,2025-04-21,ULTRACEMCO/GRASIM,PAIRS,BUY_A,4,-1.959,-1.727,24215.0,2906.0,21309.0,INTRADAY,True
420,2025-04-17,2025-04-22,EICHERMOT/MOTHERSON,PAIRS,SELL_A,5,2.104,2.05,-11641.0,1397.0,-13038.0,TIME_STOP,False
421,2025-04-17,2025-04-22,ADANIENT/ADANIENSOL,PAIRS,BUY_A,5,-1.821,-1.709,12737.0,1528.0,11209.0,INTRADAY,True
422,2025-04-21,2025-04-22,ULTRACEMCO/GRASIM,PAIRS,BUY_A,1,-1.727,-1.478,7776.0,933.0,6843.0,PROFIT,True
423,2025-04-22,2025-04-23,IRFC/HUDCO,PAIRS,BUY_A,1,-2.451,-1.927,60443.0,7253.0,53190.0,INTRADAY,True
424,2025-04-23,2025-04-24,IRFC/HUDCO,PAIRS,BUY_A,1,-1.927,-1.838,25428.0,3051.0,22377.0,INTRADAY,True
425,2025-04-23,2025-04-25,SBIN/BANKBARODA,PAIRS,BUY_A,2,-1.937,-1.748,30870.0,3704.0,27165.0,INTRADAY,True
426,2025-04-24,2025-04-25,ADANIENT/ADANIENSOL,PAIRS,BUY_A,1,-2.208,-1.96,59537.0,7144.0,52393.0,INTRADAY,True
427,2025-04-24,2025-04-25,HINDUNILVR_CAL,CALENDAR,SELL_NEAR,1,5.7,4.416,11190.0,1343.0,9847.0,INTRADAY,True
428,2025-04-24,2025-04-25,ITC_CAL,CALENDAR,SELL_NEAR,1,4.636,3.011,16960.0,2035.0,14925.0,INTRADAY,True
429,2025-04-24,2025-04-25,IRFC/HUDCO,PAIRS,BUY_A,1,-1.838,-1.548,49792.0,5975.0,43817.0,INTRADAY,True
430,2025-04-25,2025-04-28,HINDUNILVR_CAL,CALENDAR,SELL_NEAR,3,4.416,3.694,6480.0,778.0,5702.0,INTRADAY,True
431,2025-04-25,2025-04-28,ITC_CAL,CALENDAR,SELL_NEAR,3,3.011,2.817,6720.0,806.0,5914.0,INTRADAY,True
432,2025-04-25,2025-04-28,ADANIENT/ADANIENSOL,PAIRS,BUY_A,3,-1.96,-1.933,23877.0,2865.0,21012.0,INTRADAY,True
433,2025-04-25,2025-04-29,CONCOR/IRCTC,PAIRS,BUY_A,4,-1.809,-1.721,20632.0,2476.0,18156.0,INTRADAY,True
434,2025-04-25,2025-04-30,IRFC/HUDCO,PAIRS,BUY_A,5,-1.548,-2.012,-66872.0,8025.0,-74897.0,TIME_STOP,False
435,2025-04-28,2025-04-29,HINDUNILVR_CAL,CALENDAR,SELL_NEAR,1,3.694,3.074,6780.0,814.0,5966.0,INTRADAY,True
436,2025-04-28,2025-04-29,ITC_CAL,CALENDAR,SELL_NEAR,1,2.817,2.221,7680.0,922.0,6758.0,INTRADAY,True
437,2025-04-28,2025-04-30,ADANIENT/ADANIENSOL,PAIRS,BUY_A,2,-1.933,-1.846,11799.0,1416.0,10383.0,INTRADAY,True
438,2025-04-29,2025-05-02,CONCOR/IRCTC,PAIRS,BUY_A,3,-1.721,-1.332,11255.0,1351.0,9904.0,PROFIT,True
439,2025-04-29,2025-05-05,ULTRACEMCO/GRASIM,PAIRS,BUY_A,6,-1.567,-2.027,-30572.0,3669.0,-34241.0,TIME_STOP,False
440,2025-04-29,2025-05-02,SBIN/BANKBARODA,PAIRS,BUY_A,3,-1.895,-1.57,21307.0,2557.0,18751.0,INTRADAY,True
441,2025-04-29,2025-05-05,NESTLEIND/TATACONSUM,PAIRS,BUY_A,6,-2.148,-2.1,-19300.0,2316.0,-21616.0,TIME_STOP,False
442,2025-04-29,2025-04-30,HINDUNILVR_CAL,CALENDAR,SELL_NEAR,1,3.074,2.643,10410.0,1249.0,9161.0,INTRADAY,True
443,2025-04-29,2025-04-30,ITC_CAL,CALENDAR,SELL_NEAR,1,2.221,2.121,6000.0,720.0,5280.0,INTRADAY,True
444,2025-04-30,2025-05-02,HINDUNILVR_CAL,CALENDAR,SELL_NEAR,2,2.643,2.58,10800.0,1296.0,9504.0,INTRADAY,True
445,2025-04-30,2025-05-05,ADANIENT/ADANIENSOL,PAIRS,BUY_A,5,-1.846,-1.124,55637.0,6676.0,48960.0,PROFIT,True
446,2025-04-30,2025-05-02,ITC_CAL,CALENDAR,SELL_NEAR,2,2.121,1.043,14240.0,1709.0,12531.0,INTRADAY,True
447,2025-04-30,2025-05-02,EICHERMOT/EXIDEIND,PAIRS,SELL_A,2,2.07,1.282,77200.0,9264.0,67936.0,PROFIT,True
448,2025-05-02,2025-05-06,BANKBARODA/FEDERALBNK,PAIRS,SELL_A,4,3.585,0.318,138380.0,16606.0,121774.0,PROFIT,True
449,2025-05-02,2025-05-05,HINDUNILVR_CAL,CALENDAR,SELL_NEAR,3,2.58,2.129,12870.0,1544.0,11326.0,INTRADAY,True
450,2025-05-02,2025-05-05,CONCOR/GODREJPROP,PAIRS,BUY_A,3,-2.172,-1.232,47160.0,5659.0,41501.0,PROFIT,True
451,2025-05-05,2025-05-06,HINDPETRO/GAIL,PAIRS,SELL_A,1,2.413,1.829,61313.0,7358.0,53956.0,INTRADAY,True
452,2025-05-05,2025-05-06,HINDUNILVR_CAL,CALENDAR,SELL_NEAR,1,2.129,2.013,11640.0,1397.0,10243.0,INTRADAY,True
453,2025-05-06,2025-05-07,HINDUNILVR_CAL,CALENDAR,SELL_NEAR,1,2.013,1.858,7950.0,954.0,6996.0,INTRADAY,True
454,2025-05-06,2025-05-12,ULTRACEMCO/DALBHARAT,PAIRS,BUY_A,6,-1.973,-1.951,-1424.0,171.0,-1595.0,INTRADAY,False
455,2025-05-08,2025-05-09,ITC_CAL,CALENDAR,SELL_NEAR,1,2.02,1.906,10400.0,1248.0,9152.0,INTRADAY,True
456,2025-05-08,2025-05-09,MOTHERSON/BHARATFORG,PAIRS,SELL_A,1,1.912,-0.292,95493.0,11459.0,84034.0,PROFIT,True
457,2025-05-09,2025-05-12,LT/DLF,PAIRS,SELL_A,3,3.072,2.256,64521.0,7743.0,56779.0,INTRADAY,True
458,2025-05-09,2025-05-12,CONCOR/IRCTC,PAIRS,BUY_A,3,-1.787,-1.264,19679.0,2361.0,17317.0,PROFIT,True
459,2025-05-12,2025-05-19,ULTRACEMCO/DALBHARAT,PAIRS,BUY_A,7,-1.951,-2.005,-33048.0,3966.0,-37014.0,TIME_STOP,False
460,2025-05-12,2025-05-14,LT/DLF,PAIRS,SELL_A,2,2.256,1.757,35004.0,4201.0,30804.0,INTRADAY,True
461,2025-05-13,2025-05-19,RECLTD/ADANIENT,PAIRS,BUY_A,6,-2.672,-2.39,-49699.0,5964.0,-55663.0,TIME_STOP,False
462,2025-05-14,2025-05-16,CONCOR/IRCTC,PAIRS,BUY_A,2,-1.954,-1.003,37579.0,4509.0,33069.0,PROFIT,True
463,2025-05-14,2025-05-16,LT/GODREJPROP,PAIRS,SELL_A,2,2.178,1.591,25524.0,3063.0,22461.0,INTRADAY,True
464,2025-05-14,2025-05-19,CIPLA/DRREDDY,PAIRS,BUY_A,5,-2.247,-2.312,288.0,35.0,253.0,TIME_STOP,True
465,2025-05-14,2025-05-15,TATASTEEL/HINDALCO,PAIRS,SELL_A,1,2.124,2.096,16704.0,2004.0,14700.0,INTRADAY,True
466,2025-05-14,2025-05-15,MOTHERSON/BHARATFORG,PAIRS,BUY_A,1,-1.781,-1.233,23075.0,2769.0,20306.0,PROFIT,True
467,2025-05-15,2025-05-20,TATASTEEL/HINDALCO,PAIRS,SELL_A,5,2.096,2.025,-18193.0,2183.0,-20376.0,TIME_STOP,False
468,2025-05-16,2025-05-19,HINDPETRO/GAIL,PAIRS,SELL_A,3,2.091,1.482,46824.0,5619.0,41205.0,PROFIT,True
469,2025-05-16,2025-05-21,PFC/IRFC,PAIRS,BUY_A,5,-2.465,-2.439,15621.0,1875.0,13747.0,INTRADAY,True
470,2025-05-20,2025-05-23,ULTRACEMCO/SHREECEM,PAIRS,BUY_A,3,-2.057,-1.682,19189.0,2303.0,16886.0,INTRADAY,True
471,2025-05-21,2025-05-23,LT/DLF,PAIRS,BUY_A,2,-2.15,-1.895,16170.0,1940.0,14229.0,INTRADAY,True
472,2025-05-21,2025-05-26,PFC/IRFC,PAIRS,BUY_A,5,-2.439,-2.526,-22516.0,2702.0,-25218.0,TIME_STOP,False
473,2025-05-23,2025-05-26,LT/DLF,PAIRS,BUY_A,3,-1.895,-1.49,18345.0,2201.0,16143.0,PROFIT,True
474,2025-05-23,2025-05-27,HINDUNILVR/COLPAL,PAIRS,SELL_A,4,2.304,1.997,10093.0,1211.0,8882.0,INTRADAY,True
475,2025-05-26,2025-06-02,CIPLA/DRREDDY,PAIRS,BUY_A,7,-2.443,-2.013,-16999.0,2040.0,-19038.0,TIME_STOP,False
476,2025-05-26,2025-05-28,RECLTD/ADANIENT,PAIRS,BUY_A,2,-1.856,-1.692,21911.0,2629.0,19281.0,INTRADAY,True
477,2025-05-27,2025-05-28,HINDUNILVR/COLPAL,PAIRS,SELL_A,1,1.997,1.389,18728.0,2247.0,16481.0,PROFIT,True
478,2025-05-27,2025-06-02,TATASTEEL/HINDALCO,PAIRS,SELL_A,6,1.975,1.814,-3206.0,385.0,-3591.0,INTRADAY,False
479,2025-05-27,2025-06-02,CONCOR/GODREJPROP,PAIRS,SELL_A,6,2.111,1.683,2815.0,338.0,2477.0,INTRADAY,True
480,2025-05-27,2025-06-02,ULTRACEMCO/DALBHARAT,PAIRS,BUY_A,6,-2.304,-2.31,-34392.0,4127.0,-38520.0,TIME_STOP,False
481,2025-05-29,2025-05-30,LT/DLF,PAIRS,BUY_A,1,-2.145,-1.983,15832.0,1900.0,13933.0,INTRADAY,True
482,2025-05-30,2025-06-04,LT/DLF,PAIRS,BUY_A,5,-1.983,-1.996,-19698.0,2364.0,-22062.0,TIME_STOP,False
483,2025-06-02,2025-06-03,TATASTEEL/HINDALCO,PAIRS,SELL_A,1,1.814,1.502,33426.0,4011.0,29415.0,INTRADAY,True
484,2025-06-02,2025-06-09,PFC/IRFC,PAIRS,BUY_A,7,-2.419,-1.541,19418.0,2330.0,17088.0,INTRADAY,True
485,2025-06-02,2025-06-09,CONCOR/IRCTC,PAIRS,SELL_A,7,2.496,1.95,-17655.0,2119.0,-19773.0,TIME_STOP,False
486,2025-06-03,2025-06-05,ULTRACEMCO/AMBUJACEM,PAIRS,BUY_A,2,-2.262,-1.516,23040.0,2765.0,20275.0,INTRADAY,True
487,2025-06-04,2025-06-05,LTIM/MPHASIS,PAIRS,SELL_A,1,1.745,1.659,22455.0,2695.0,19760.0,INTRADAY,True
488,2025-06-05,2025-06-06,BAJFINANCE/SBICARD,PAIRS,BUY_A,1,-2.327,-1.496,43388.0,5207.0,38181.0,PROFIT,True
489,2025-06-05,2025-06-06,EICHERMOT/MOTHERSON,PAIRS,BUY_A,1,-1.987,-1.749,31574.0,3789.0,27785.0,INTRADAY,True
490,2025-06-06,2025-06-11,HINDUNILVR/COLPAL,PAIRS,SELL_A,5,2.096,1.728,10095.0,1211.0,8883.0,INTRADAY,True
491,2025-06-06,2025-06-09,SAIL_CAL,CALENDAR,BUY_NEAR,3,-2.206,-0.737,9640.0,1157.0,8483.0,INTRADAY,True
492,2025-06-09,2025-06-11,HDFCBANK/ICICIBANK,PAIRS,SELL_A,2,2.145,0.993,32065.0,3848.0,28218.0,PROFIT,True
493,2025-06-09,2025-06-12,EICHERMOT/EXIDEIND,PAIRS,BUY_A,3,-1.968,-1.743,14934.0,1792.0,13142.0,INTRADAY,True
494,2025-06-09,2025-06-16,CIPLA/DRREDDY,PAIRS,BUY_A,7,-2.531,-1.965,-24847.0,2982.0,-27829.0,TIME_STOP,False
495,2025-06-10,2025-06-11,ULTRACEMCO/GRASIM,PAIRS,BUY_A,1,-2.018,-1.91,17279.0,2073.0,15205.0,INTRADAY,True
496,2025-06-11,2025-06-12,ULTRACEMCO/GRASIM,PAIRS,BUY_A,1,-1.91,-1.725,18481.0,2218.0,16263.0,INTRADAY,True
497,2025-06-11,2025-06-16,LT/DLF,PAIRS,BUY_A,5,-2.412,-2.063,-3793.0,455.0,-4248.0,TIME_STOP,False
498,2025-06-12,2025-06-16,BAJFINANCE/SBICARD,PAIRS,BUY_A,4,-1.868,-2.086,-2655192.0,318623.0,-2973815.0,LOT_CHANGE,False
499,2025-06-12,2025-06-13,ULTRACEMCO/GRASIM,PAIRS,BUY_A,1,-1.725,-1.55,13791.0,1655.0,12136.0,INTRADAY,True
500,2025-06-13,2025-06-16,ULTRACEMCO/GRASIM,PAIRS,BUY_A,3,-1.55,-1.235,8067.0,968.0,7099.0,PROFIT,True
501,2025-06-13,2025-06-16,LTIM/MPHASIS,PAIRS,SELL_A,3,1.765,1.37,27616.0,3314.0,24302.0,PROFIT,True
502,2025-06-16,2025-06-17,ADANIENT/ADANIGREEN,PAIRS,SELL_A,1,1.844,0.916,17802.0,2136.0,15666.0,PROFIT,True
503,2025-06-20,2025-06-25,ULTRACEMCO/SHREECEM,PAIRS,SELL_A,5,1.888,2.042,-18343.0,2201.0,-20544.0,TIME_STOP,False
504,2025-06-25,2025-06-26,ULTRACEMCO/GRASIM,PAIRS,BUY_A,1,-2.46,-2.457,11024.0,1323.0,9701.0,INTRADAY,True
505,2025-06-25,2025-06-30,HDFCBANK/ICICIBANK,PAIRS,SELL_A,5,2.248,2.402,-20240.0,2429.0,-22668.0,TIME_STOP,False
506,2025-06-25,2025-06-30,ADANIENT/ADANIGREEN,PAIRS,SELL_A,5,1.746,1.634,6281.0,754.0,5528.0,INTRADAY,True
507,2025-06-26,2025-06-27,SAIL_CAL,CALENDAR,SELL_NEAR,1,2.202,1.769,23171.0,2781.0,20390.0,INTRADAY,True
508,2025-06-26,2025-06-27,ULTRACEMCO/GRASIM,PAIRS,BUY_A,1,-2.457,-0.975,38994.0,4679.0,34314.0,PROFIT,True
509,2025-06-26,2025-07-01,HINDPETRO/GAIL,PAIRS,SELL_A,5,2.4,2.959,-62608.0,7513.0,-70121.0,TIME_STOP,False
510,2025-06-30,2025-07-07,ADANIENT/ADANIGREEN,PAIRS,SELL_A,7,1.634,1.85,-15548.0,1866.0,-17414.0,TIME_STOP,False
511,2025-07-01,2025-07-04,BANKBARODA/FEDERALBNK,PAIRS,BUY_A,3,-2.115,-2.015,1022.0,123.0,899.0,INTRADAY,True
512,2025-07-02,2025-07-03,SAIL_CAL,CALENDAR,SELL_NEAR,1,3.197,2.679,20445.0,2453.0,17992.0,INTRADAY,True
513,2025-07-03,2025-07-04,SAIL_CAL,CALENDAR,SELL_NEAR,1,2.679,1.652,14758.0,1771.0,12987.0,INTRADAY,True
514,2025-07-04,2025-07-07,BANKBARODA/FEDERALBNK,PAIRS,BUY_A,3,-2.015,-1.822,20883.0,2506.0,18377.0,INTRADAY,True
515,2025-07-07,2025-07-08,SAIL_CAL,CALENDAR,SELL_NEAR,1,2.283,2.283,7050.0,846.0,6204.0,INTRADAY,True
516,2025-07-07,2025-07-14,IOC/GAIL,PAIRS,SELL_A,7,2.29,2.138,-25733.0,3088.0,-28820.0,TIME_STOP,False
517,2025-07-08,2025-07-11,HDFCBANK/ICICIBANK,PAIRS,SELL_A,3,1.787,1.716,-2877.0,345.0,-3223.0,INTRADAY,False
518,2025-07-08,2025-07-09,SAIL_CAL,CALENDAR,SELL_NEAR,1,2.283,2.319,20445.0,2453.0,17992.0,INTRADAY,True
519,2025-07-09,2025-07-14,ULTRACEMCO/GRASIM,PAIRS,SELL_A,5,1.692,1.544,8654.0,1038.0,7615.0,INTRADAY,True
520,2025-07-09,2025-07-10,SAIL_CAL,CALENDAR,SELL_NEAR,1,2.319,2.169,7990.0,959.0,7031.0,INTRADAY,True
521,2025-07-10,2025-07-11,SAIL_CAL,CALENDAR,SELL_NEAR,1,2.169,1.194,15510.0,1861.0,13649.0,INTRADAY,True
522,2025-07-11,2025-07-14,SUNPHARMA/LUPIN,PAIRS,SELL_A,3,2.078,1.659,25649.0,3078.0,22571.0,INTRADAY,True
523,2025-07-14,2025-07-15,ULTRACEMCO/GRASIM,PAIRS,SELL_A,1,1.544,1.539,11323.0,1359.0,9965.0,INTRADAY,True
524,2025-07-15,2025-07-16,SUNPHARMA/LUPIN,PAIRS,SELL_A,1,1.937,1.928,9801.0,1176.0,8625.0,INTRADAY,True
525,2025-07-15,2025-07-21,ULTRACEMCO/GRASIM,PAIRS,SELL_A,6,1.539,2.167,-27354.0,3282.0,-30636.0,TIME_STOP,False
526,2025-07-16,2025-07-17,SUNPHARMA/LUPIN,PAIRS,SELL_A,1,1.928,1.252,20663.0,2480.0,18184.0,PROFIT,True
527,2025-07-16,2025-07-18,HINDPETRO/GAIL,PAIRS,SELL_A,2,2.16,1.197,75851.0,9102.0,66748.0,PROFIT,True
528,2025-07-22,2025-07-23,IOC/GAIL,PAIRS,SELL_A,1,1.967,1.687,20530.0,2464.0,18066.0,INTRADAY,True
529,2025-07-24,2025-07-25,VEDL/NATIONALUM,PAIRS,BUY_A,1,-1.825,-1.642,24420.0,2930.0,21489.0,INTRADAY,True
530,2025-07-25,2025-07-28,ADANIENT/ADANIGREEN,PAIRS,SELL_A,3,1.575,-0.651,55138.0,6617.0,48521.0,PROFIT,True
531,2025-07-28,2025-07-29,IRFC/HUDCO,PAIRS,SELL_A,1,1.561,1.55,10963.0,1316.0,9647.0,INTRADAY,True
532,2025-07-29,2025-07-30,IRFC/HUDCO,PAIRS,SELL_A,1,1.55,1.038,13849.0,1662.0,12187.0,PROFIT,True
533,2025-07-30,2025-08-01,BHARATFORG/EXIDEIND,PAIRS,BUY_A,2,-2.16,-2.028,13350.0,1602.0,11748.0,INTRADAY,True
534,2025-07-31,2025-08-01,SAIL_CAL,CALENDAR,SELL_NEAR,1,4.016,3.842,21150.0,2538.0,18612.0,INTRADAY,True
535,2025-07-31,2025-08-01,VEDL/NATIONALUM,PAIRS,BUY_A,1,-1.984,-1.047,36315.0,4358.0,31957.0,PROFIT,True
536,2025-07-31,2025-08-05,ADANIENT/ADANIGREEN,PAIRS,BUY_A,5,-2.047,-2.998,-52503.0,6300.0,-58804.0,TIME_STOP,False
537,2025-07-31,2025-08-05,NHPC/ADANIENSOL,PAIRS,SELL_A,5,1.809,2.973,-36651.0,4398.0,-41050.0,TIME_STOP,False
538,2025-08-01,2025-08-04,SAIL_CAL,CALENDAR,SELL_NEAR,3,3.842,2.548,25286.0,3034.0,22252.0,INTRADAY,True
539,2025-08-01,2025-08-04,TATASTEEL/HINDALCO,PAIRS,BUY_A,3,-1.952,-0.592,55486.0,6658.0,48828.0,PROFIT,True
540,2025-08-01,2025-08-06,BANKBARODA/FEDERALBNK,PAIRS,SELL_A,5,2.887,2.623,-24727.0,2967.0,-27694.0,TIME_STOP,False
541,2025-08-01,2025-08-06,BHARATFORG/EXIDEIND,PAIRS,BUY_A,5,-2.028,-2.057,-16453.0,1974.0,-18427.0,TIME_STOP,False
542,2025-08-04,2025-08-05,SAIL_CAL,CALENDAR,SELL_NEAR,1,2.548,2.454,4794.0,575.0,4219.0,INTRADAY,True
543,2025-08-05,2025-08-06,SAIL_CAL,CALENDAR,SELL_NEAR,1,2.454,2.436,13771.0,1653.0,12118.0,INTRADAY,True
544,2025-08-06,2025-08-07,PFC/IRFC,PAIRS,SELL_A,1,2.072,1.67,26872.0,3225.0,23648.0,INTRADAY,True
545,2025-08-06,2025-08-07,SAIL_CAL,CALENDAR,SELL_NEAR,1,2.436,2.595,14946.0,1794.0,13152.0,INTRADAY,True
546,2025-08-07,2025-08-08,SAIL_CAL,CALENDAR,SELL_NEAR,1,2.595,1.836,16544.0,1985.0,14559.0,INTRADAY,True
547,2025-08-07,2025-08-11,ADANIENT/ADANIENSOL,PAIRS,BUY_A,4,-2.472,-1.547,37871.0,4544.0,33326.0,INTRADAY,True
548,2025-08-11,2025-08-18,PFC/IRFC,PAIRS,SELL_A,7,2.122,1.716,9797.0,1176.0,8621.0,INTRADAY,True
549,2025-08-12,2025-08-14,NHPC/ADANIENSOL,PAIRS,SELL_A,2,2.448,2.141,14345.0,1721.0,12624.0,INTRADAY,True
550,2025-08-13,2025-08-14,SAIL_CAL,CALENDAR,SELL_NEAR,1,2.157,1.589,20962.0,2515.0,18447.0,INTRADAY,True
551,2025-08-13,2025-08-14,SUNPHARMA/LUPIN,PAIRS,BUY_A,1,-1.915,-1.155,24997.0,3000.0,21997.0,PROFIT,True
552,2025-08-13,2025-08-18,BANKBARODA/FEDERALBNK,PAIRS,SELL_A,5,2.095,2.046,-12202.0,1464.0,-13666.0,TIME_STOP,False
553,2025-08-14,2025-08-18,TATASTEEL/HINDALCO,PAIRS,BUY_A,4,-2.334,-2.054,24764.0,2972.0,21792.0,INTRADAY,True
554,2025-08-14,2025-08-18,NHPC/ADANIENSOL,PAIRS,SELL_A,4,2.141,0.451,58887.0,7066.0,51821.0,PROFIT,True
555,2025-08-18,2025-08-22,ULTRACEMCO/AMBUJACEM,PAIRS,SELL_A,4,2.285,1.968,8240.0,989.0,7251.0,INTRADAY,True
556,2025-08-18,2025-08-25,HEROMOTOCO/BHARATFORG,PAIRS,SELL_A,7,2.881,2.393,-78634.0,9436.0,-88070.0,TIME_STOP,False
557,2025-08-18,2025-08-21,SBIN/FEDERALBNK,PAIRS,SELL_A,3,2.633,1.753,58732.0,7048.0,51684.0,INTRADAY,True
558,2025-08-18,2025-08-19,HAVELLS/CROMPTON,PAIRS,SELL_A,1,2.34,2.206,15736.0,1888.0,13848.0,INTRADAY,True
559,2025-08-18,2025-08-19,IOC/HINDPETRO,PAIRS,SELL_A,1,2.422,1.925,42115.0,5054.0,37061.0,INTRADAY,True
560,2025-08-19,2025-08-20,HINDUNILVR_CAL,CALENDAR,BUY_NEAR,1,-2.091,-0.977,27000.0,3240.0,23760.0,INTRADAY,True
561,2025-08-19,2025-08-22,IOC/HINDPETRO,PAIRS,SELL_A,3,1.925,1.745,3987.0,478.0,3509.0,INTRADAY,True
562,2025-08-19,2025-08-25,HAVELLS/CROMPTON,PAIRS,SELL_A,6,2.206,2.086,-18254.0,2190.0,-20444.0,TIME_STOP,False
563,2025-08-19,2025-08-20,LUPIN/DIVISLAB,PAIRS,SELL_A,1,2.115,1.837,24652.0,2958.0,21694.0,INTRADAY,True
564,2025-08-20,2025-08-21,NTPC/PFC,PAIRS,SELL_A,1,2.107,1.904,17940.0,2153.0,15787.0,INTRADAY,True
565,2025-08-22,2025-08-25,IOC/HINDPETRO,PAIRS,SELL_A,3,1.745,1.688,6149.0,738.0,5411.0,INTRADAY,True
566,2025-08-22,2025-08-26,NTPC/NHPC,PAIRS,SELL_A,4,2.055,1.797,7774.0,933.0,6841.0,INTRADAY,True
567,2025-08-25,2025-08-26,DRREDDY/ZYDUSLIFE,PAIRS,BUY_A,1,-1.895,-0.888,58288.0,6995.0,51293.0,PROFIT,True
568,2025-08-26,2025-08-28,IOC/HINDPETRO,PAIRS,SELL_A,2,1.972,1.748,22274.0,2673.0,19601.0,INTRADAY,True
569,2025-08-26,2025-09-01,ULTRACEMCO/AMBUJACEM,PAIRS,SELL_A,6,2.089,2.575,-37037.0,4444.0,-41482.0,TIME_STOP,False
570,2025-08-26,2025-09-01,SBIN/BANKBARODA,PAIRS,SELL_A,6,2.379,2.097,4219.0,506.0,3712.0,INTRADAY,True
571,2025-08-26,2025-09-01,NTPC/PFC,PAIRS,SELL_A,6,2.476,1.304,19071.0,2289.0,16782.0,PROFIT,True
572,2025-08-28,2025-09-01,IOC/HINDPETRO,PAIRS,SELL_A,4,1.748,1.547,19868.0,2384.0,17484.0,INTRADAY,True
573,2025-08-28,2025-08-29,HINDUNILVR_CAL,CALENDAR,SELL_NEAR,1,2.272,1.693,24390.0,2927.0,21463.0,INTRADAY,True
574,2025-08-29,2025-09-02,JSWSTEEL/HINDALCO,PAIRS,BUY_A,4,-2.124,-2.106,4711.0,565.0,4146.0,INTRADAY,True
575,2025-08-29,2025-09-01,ITC_CAL,CALENDAR,SELL_NEAR,3,2.78,0.3,8160.0,979.0,7181.0,INTRADAY,True
576,2025-09-01,2025-09-02,SBIN/BANKBARODA,PAIRS,SELL_A,1,2.097,1.045,19286.0,2314.0,16972.0,PROFIT,True
577,2025-09-01,2025-09-08,HEROMOTOCO/BHARATFORG,PAIRS,SELL_A,7,2.262,1.628,55102.0,6612.0,48490.0,INTRADAY,True
578,2025-09-02,2025-09-03,HINDUNILVR_CAL,CALENDAR,SELL_NEAR,1,3.06,0.777,6120.0,734.0,5386.0,INTRADAY,True
579,2025-09-02,2025-09-03,JSWSTEEL/HINDALCO,PAIRS,BUY_A,1,-2.106,-1.512,36149.0,4338.0,31811.0,INTRADAY,True
580,2025-09-02,2025-09-04,HUDCO/ADANIENSOL,PAIRS,SELL_A,2,2.761,2.303,21431.0,2572.0,18860.0,INTRADAY,True
581,2025-09-02,2025-09-08,VEDL/NATIONALUM,PAIRS,BUY_A,6,-1.867,-2.769,-65832.0,7900.0,-73731.0,TIME_STOP,False
582,2025-09-03,2025-09-04,ITC_CAL,CALENDAR,SELL_NEAR,1,2.403,0.695,13520.0,1622.0,11898.0,INTRADAY,True
583,2025-09-03,2025-09-04,SUNPHARMA/LUPIN,PAIRS,BUY_A,1,-1.931,-1.614,19545.0,2345.0,17200.0,INTRADAY,True
584,2025-09-04,2025-09-05,SBIN/BANKBARODA,PAIRS,SELL_A,1,2.408,1.931,14481.0,1738.0,12743.0,INTRADAY,True
585,2025-09-04,2025-09-05,HAVELLS/CROMPTON,PAIRS,SELL_A,1,2.132,2.114,12759.0,1531.0,11228.0,INTRADAY,True
586,2025-09-04,2025-09-05,NTPC/NHPC,PAIRS,SELL_A,1,2.01,1.955,10955.0,1315.0,9641.0,INTRADAY,True
587,2025-09-04,2025-09-08,HUDCO/ADANIENSOL,PAIRS,SELL_A,4,2.303,1.936,12183.0,1462.0,10721.0,INTRADAY,True
588,2025-09-04,2025-09-09,IDFCFIRSTB/AUBANK,PAIRS,SELL_A,5,3.073,2.716,-26020.0,3122.0,-29142.0,TIME_STOP,False
589,2025-09-05,2025-09-08,SBIN/BANKBARODA,PAIRS,SELL_A,3,1.931,1.897,8123.0,975.0,7148.0,INTRADAY,True
590,2025-09-05,2025-09-08,HAVELLS/CROMPTON,PAIRS,SELL_A,3,2.114,2.023,11814.0,1418.0,10397.0,INTRADAY,True
591,2025-09-08,2025-09-09,SBIN/BANKBARODA,PAIRS,SELL_A,1,1.897,1.863,6092.0,731.0,5361.0,INTRADAY,True
592,2025-09-08,2025-09-09,HINDUNILVR_CAL,CALENDAR,SELL_NEAR,1,2.376,2.17,9990.0,1199.0,8791.0,INTRADAY,True
593,2025-09-09,2025-09-10,HINDUNILVR_CAL,CALENDAR,SELL_NEAR,1,2.17,3.118,8760.0,1051.0,7709.0,INTRADAY,True
594,2025-09-09,2025-09-10,SBIN/BANKBARODA,PAIRS,SELL_A,1,1.863,1.444,7905.0,949.0,6956.0,PROFIT,True
595,2025-09-09,2025-09-15,HAVELLS/CROMPTON,PAIRS,SELL_A,6,2.391,2.771,-55382.0,6646.0,-62028.0,TIME_STOP,False
596,2025-09-10,2025-09-11,HINDUNILVR_CAL,CALENDAR,SELL_NEAR,1,3.118,2.869,9630.0,1156.0,8474.0,INTRADAY,True
597,2025-09-10,2025-09-15,SUNPHARMA/LUPIN,PAIRS,BUY_A,5,-2.151,-2.744,-55732.0,6688.0,-62420.0,TIME_STOP,False
598,2025-09-11,2025-09-12,HINDUNILVR_CAL,CALENDAR,SELL_NEAR,1,2.869,1.013,15330.0,1840.0,13490.0,INTRADAY,True
599,2025-09-12,2025-09-15,SBIN/BANKBARODA,PAIRS,SELL_A,3,1.892,1.456,8936.0,1072.0,7863.0,PROFIT,True
600,2025-09-16,2025-09-17,NTPC/NHPC,PAIRS,BUY_A,1,-2.215,-1.446,25157.0,3019.0,22138.0,PROFIT,True
601,2025-09-17,2025-09-18,ITC_CAL,CALENDAR,SELL_NEAR,1,2.015,0.945,5600.0,672.0,4928.0,INTRADAY,True
602,2025-09-17,2025-09-18,SBIN/BANKBARODA,PAIRS,SELL_A,1,1.794,0.647,26320.0,3158.0,23162.0,PROFIT,True
603,2025-09-19,2025-09-24,PNB/IDFCFIRSTB,PAIRS,SELL_A,5,2.211,1.735,23812.0,2857.0,20954.0,INTRADAY,True
604,2025-09-19,2025-09-24,IRFC/ADANIGREEN,PAIRS,BUY_A,5,-2.099,-3.144,-133546.0,16026.0,-149571.0,TIME_STOP,False
605,2025-09-19,2025-09-22,ULTRACEMCO/GRASIM,PAIRS,BUY_A,3,-1.524,-0.655,31130.0,3736.0,27395.0,PROFIT,True
606,2025-09-19,2025-09-22,LTIM/PERSISTENT,PAIRS,SELL_A,3,1.936,1.045,40875.0,4905.0,35970.0,PROFIT,True
607,2025-09-22,2025-09-24,NHPC/ADANIENSOL,PAIRS,BUY_A,2,-2.726,-1.312,57095.0,6851.0,50243.0,PROFIT,True
608,2025-09-22,2025-09-25,TATAPOWER/HUDCO,PAIRS,BUY_A,3,-3.347,-2.032,56684.0,6802.0,49882.0,INTRADAY,True
609,2025-09-22,2025-09-25,CIPLA/ZYDUSLIFE,PAIRS,BUY_A,3,-1.962,-1.558,23230.0,2788.0,20442.0,INTRADAY,True
610,2025-09-22,2025-09-23,CHOLAFIN/SBICARD,PAIRS,SELL_A,1,2.181,1.998,20694.0,2483.0,18211.0,INTRADAY,True
611,2025-09-22,2025-09-29,BANKBARODA/BANDHANBNK,PAIRS,SELL_A,7,2.205,1.96,-6906.0,829.0,-7734.0,INTRADAY,False
612,2025-09-23,2025-09-29,SBIN/FEDERALBNK,PAIRS,SELL_A,6,2.174,2.307,-67619.0,8114.0,-75733.0,TIME_STOP,False
613,2025-09-24,2025-09-25,JSWSTEEL/HINDALCO,PAIRS,SELL_A,1,2.695,2.189,46591.0,5591.0,41000.0,INTRADAY,True
614,2025-09-24,2025-09-25,ULTRACEMCO/GRASIM,PAIRS,BUY_A,1,-1.875,-1.637,18721.0,2247.0,16474.0,INTRADAY,True
615,2025-09-24,2025-09-25,MPHASIS/OFSS,PAIRS,BUY_A,1,-2.089,-1.807,28427.0,3411.0,25016.0,INTRADAY,True
616,2025-09-25,2025-09-26,JSWSTEEL/HINDALCO,PAIRS,SELL_A,1,2.189,1.271,27893.0,3347.0,24546.0,PROFIT,True
617,2025-09-25,2025-09-26,ULTRACEMCO/GRASIM,PAIRS,BUY_A,1,-1.637,-1.199,10831.0,1300.0,9532.0,PROFIT,True
618,2025-09-26,2025-09-29,HUDCO/ADANIENSOL,PAIRS,BUY_A,3,-2.01,-1.547,26579.0,3189.0,23389.0,INTRADAY,True
619,2025-09-26,2025-09-30,TECHM/LTIM,PAIRS,BUY_A,4,-1.781,-1.685,23452.0,2814.0,20638.0,INTRADAY,True
620,2025-09-29,2025-10-01,BANKBARODA/FEDERALBNK,PAIRS,SELL_A,2,2.081,1.87,30638.0,3677.0,26961.0,INTRADAY,True
621,2025-09-30,2025-10-01,HINDUNILVR_CAL,CALENDAR,SELL_NEAR,1,5.346,4.115,12600.0,1512.0,11088.0,INTRADAY,True
622,2025-09-30,2025-10-01,COLPAL_CAL,CALENDAR,SELL_NEAR,1,4.482,3.295,5062.0,608.0,4455.0,INTRADAY,True
623,2025-09-30,2025-10-01,VEDL/COALINDIA,PAIRS,SELL_A,1,2.739,2.617,15777.0,1893.0,13884.0,INTRADAY,True
624,2025-09-30,2025-10-06,PNB/IDFCFIRSTB,PAIRS,SELL_A,6,2.172,1.845,9842.0,1181.0,8661.0,INTRADAY,True
625,2025-10-01,2025-10-06,VEDL/COALINDIA,PAIRS,SELL_A,5,2.617,3.171,-33144.0,3977.0,-37122.0,TIME_STOP,False
626,2025-10-01,2025-10-06,SBIN/BANKBARODA,PAIRS,BUY_A,5,-2.004,-2.839,-32217.0,3866.0,-36083.0,TIME_STOP,False
627,2025-10-01,2025-10-06,ULTRACEMCO/GRASIM,PAIRS,BUY_A,5,-2.175,-2.538,-15876.0,1905.0,-17781.0,TIME_STOP,False
628,2025-10-01,2025-10-06,TECHM/LTIM,PAIRS,BUY_A,5,-1.835,-2.084,-24201.0,2904.0,-27105.0,TIME_STOP,False
629,2025-10-01,2025-10-03,COLPAL_CAL,CALENDAR,SELL_NEAR,2,3.295,3.578,4927.0,591.0,4336.0,INTRADAY,True
630,2025-10-01,2025-10-03,HINDUNILVR_CAL,CALENDAR,SELL_NEAR,2,4.115,3.463,9810.0,1177.0,8633.0,INTRADAY,True
631,2025-10-03,2025-10-06,HINDUNILVR_CAL,CALENDAR,SELL_NEAR,3,3.463,2.816,18030.0,2164.0,15866.0,INTRADAY,True
632,2025-10-03,2025-10-06,COLPAL_CAL,CALENDAR,SELL_NEAR,3,3.578,3.081,6863.0,824.0,6039.0,INTRADAY,True
633,2025-10-06,2025-10-07,HINDUNILVR_CAL,CALENDAR,SELL_NEAR,1,2.816,2.334,13830.0,1660.0,12170.0,INTRADAY,True
634,2025-10-06,2025-10-08,COLPAL_CAL,CALENDAR,SELL_NEAR,2,3.081,2.346,6322.0,759.0,5564.0,INTRADAY,True
635,2025-10-06,2025-10-08,HDFCBANK/ICICIBANK,PAIRS,SELL_A,2,2.53,2.426,12945.0,1553.0,11391.0,INTRADAY,True
636,2025-10-06,2025-10-08,BANKBARODA/BANDHANBNK,PAIRS,SELL_A,2,2.226,2.128,22808.0,2737.0,20071.0,INTRADAY,True
637,2025-10-06,2025-10-09,NHPC/ADANIENSOL,PAIRS,BUY_A,3,-2.43,-2.229,18387.0,2206.0,16181.0,INTRADAY,True
638,2025-10-06,2025-10-09,TECHM/OFSS,PAIRS,BUY_A,3,-2.292,-2.071,16799.0,2016.0,14783.0,INTRADAY,True
639,2025-10-07,2025-10-08,HINDUNILVR_CAL,CALENDAR,SELL_NEAR,1,2.334,2.01,11580.0,1390.0,10190.0,INTRADAY,True
640,2025-10-08,2025-10-09,HDFCBANK/ICICIBANK,PAIRS,SELL_A,1,2.426,1.923,26151.0,3138.0,23013.0,INTRADAY,True
641,2025-10-08,2025-10-09,HINDUNILVR_CAL,CALENDAR,SELL_NEAR,1,2.01,1.692,7740.0,929.0,6811.0,INTRADAY,True
642,2025-10-08,2025-10-09,COLPAL_CAL,CALENDAR,SELL_NEAR,1,2.346,2.288,3420.0,410.0,3010.0,INTRADAY,True
643,2025-10-08,2025-10-09,ITC_CAL,CALENDAR,BUY_NEAR,1,-2.559,0.597,1760.0,211.0,1549.0,PROFIT,True
644,2025-10-08,2025-10-13,FEDERALBNK/BANDHANBNK,PAIRS,SELL_A,5,2.801,3.343,-57907.0,6949.0,-64855.0,TIME_STOP,False
645,2025-10-09,2025-10-13,HDFCBANK/ICICIBANK,PAIRS,SELL_A,4,1.923,1.677,18842.0,2261.0,16581.0,INTRADAY,True
646,2025-10-09,2025-10-14,TECHM/PERSISTENT,PAIRS,BUY_A,5,-1.865,-1.658,16334.0,1960.0,14374.0,INTRADAY,True
647,2025-10-09,2025-10-10,COLPAL_CAL,CALENDAR,SELL_NEAR,1,2.288,2.292,5400.0,648.0,4752.0,INTRADAY,True
648,2025-10-09,2025-10-10,HUDCO/ADANIENSOL,PAIRS,BUY_A,1,-2.196,-1.346,33762.0,4051.0,29710.0,PROFIT,True
649,2025-10-09,2025-10-10,NMDC/COALINDIA,PAIRS,SELL_A,1,2.722,1.817,37060.0,4447.0,32613.0,INTRADAY,True
650,2025-10-10,2025-10-13,TATASTEEL/SAIL,PAIRS,SELL_A,3,1.767,1.484,15642.0,1877.0,13765.0,PROFIT,True
651,2025-10-10,2025-10-13,VEDL/NMDC,PAIRS,SELL_A,3,1.993,1.729,16740.0,2009.0,14732.0,INTRADAY,True
652,2025-10-10,2025-10-13,COLPAL_CAL,CALENDAR,SELL_NEAR,3,2.292,2.031,7762.0,932.0,6831.0,INTRADAY,True
653,2025-10-13,2025-10-14,COLPAL_CAL,CALENDAR,SELL_NEAR,1,2.031,1.908,6773.0,813.0,5960.0,INTRADAY,True
654,2025-10-13,2025-10-14,SBIN/BANKBARODA,PAIRS,BUY_A,1,-1.99,-1.376,19095.0,2291.0,16803.0,PROFIT,True
655,2025-10-13,2025-10-17,VEDL/COALINDIA,PAIRS,SELL_A,4,2.542,1.409,33133.0,3976.0,29157.0,PROFIT,True
656,2025-10-13,2025-10-17,HUDCO/ADANIENSOL,PAIRS,BUY_A,4,-2.089,-2.088,-10079.0,1209.0,-11288.0,INTRADAY,False
657,2025-10-14,2025-10-20,TECHM/LTIM,PAIRS,BUY_A,6,-2.162,-2.336,-64988.0,7798.0,-72786.0,TIME_STOP,False
658,2025-10-14,2025-10-20,TATASTEEL/SAIL,PAIRS,SELL_A,6,1.654,1.716,-8440.0,1013.0,-9453.0,TIME_STOP,False
659,2025-10-15,2025-10-16,SBIN/BANKBARODA,PAIRS,BUY_A,1,-1.755,-1.198,18046.0,2165.0,15880.0,PROFIT,True
660,2025-10-15,2025-10-20,INDUSINDBK/RBLBANK,PAIRS,BUY_A,5,-2.372,-3.112,-172750.0,20730.0,-193480.0,TIME_STOP,False
661,2025-10-16,2025-10-17,BANKBARODA/BANDHANBNK,PAIRS,SELL_A,1,1.933,1.804,24276.0,2913.0,21363.0,INTRADAY,True
662,2025-10-16,2025-10-17,ULTRACEMCO/GRASIM,PAIRS,BUY_A,1,-1.781,-1.17,16250.0,1950.0,14300.0,PROFIT,True
663,2025-10-17,2025-10-20,TATAPOWER/PFC,PAIRS,SELL_A,3,2.31,2.281,8020.0,962.0,7058.0,INTRADAY,True
664,2025-10-17,2025-10-20,HUDCO/ADANIENSOL,PAIRS,BUY_A,3,-2.088,-1.71,28776.0,3453.0,25323.0,INTRADAY,True
665,2025-10-17,2025-10-20,VEDL/NMDC,PAIRS,SELL_A,3,2.143,1.868,12620.0,1514.0,11106.0,INTRADAY,True
666,2025-10-17,2025-10-20,BANKBARODA/BANDHANBNK,PAIRS,SELL_A,3,1.804,1.714,33960.0,4075.0,29885.0,INTRADAY,True
667,2025-10-20,2025-10-27,HDFCBANK/ICICIBANK,PAIRS,SELL_A,7,2.787,2.339,-22035.0,2644.0,-24679.0,TIME_STOP,False
668,2025-10-20,2025-10-27,LTIM/OFSS,PAIRS,SELL_A,7,3.0,2.201,4116.0,494.0,3623.0,TIME_STOP,True
669,2025-10-20,2025-10-27,TECHM/PERSISTENT,PAIRS,BUY_A,7,-3.195,-2.236,14085.0,1690.0,12395.0,TIME_STOP,True
670,2025-10-20,2025-10-23,IDFCFIRSTB/AUBANK,PAIRS,BUY_A,3,-2.357,-1.702,58119.0,6974.0,51145.0,INTRADAY,True
671,2025-10-20,2025-10-21,TATAPOWER/PFC,PAIRS,SELL_A,1,2.281,1.956,12189.0,1463.0,10726.0,INTRADAY,True
672,2025-10-20,2025-10-27,FEDERALBNK/BANDHANBNK,PAIRS,SELL_A,7,3.696,2.806,-31418.0,3770.0,-35188.0,TIME_STOP,False
673,2025-10-21,2025-10-27,ULTRACEMCO/GRASIM,PAIRS,BUY_A,6,-1.908,-3.459,-73532.0,8824.0,-82356.0,TIME_STOP,False
674,2025-10-23,2025-10-24,HUDCO/ADANIENSOL,PAIRS,BUY_A,1,-1.988,-1.882,16843.0,2021.0,14822.0,INTRADAY,True
675,2025-10-23,2025-10-28,VEDL/NMDC,PAIRS,SELL_A,5,2.891,2.961,-47087.0,5650.0,-52738.0,TIME_STOP,False
676,2025-10-24,2025-10-28,JSWSTEEL/HINDALCO,PAIRS,BUY_A,4,-2.428,-1.321,36583.0,4390.0,32193.0,PROFIT,True
677,2025-10-27,2025-10-28,TATAPOWER/PFC,PAIRS,SELL_A,1,2.11,2.078,14450.0,1734.0,12716.0,INTRADAY,True
678,2025-10-27,2025-10-29,CHOLAFIN/SBICARD,PAIRS,SELL_A,2,3.75,2.778,64341.0,7721.0,56620.0,INTRADAY,True
679,2025-10-27,2025-10-29,TATASTEEL/SAIL,PAIRS,SELL_A,2,2.515,2.023,41515.0,4982.0,36533.0,INTRADAY,True
680,2025-10-27,2025-10-29,DRREDDY/LUPIN,PAIRS,SELL_A,2,2.117,-0.748,99246.0,11910.0,87336.0,PROFIT,True
681,2025-10-27,2025-11-03,BANKBARODA/FEDERALBNK,PAIRS,BUY_A,7,-2.57,-1.357,65626.0,7875.0,57751.0,PROFIT,True
682,2025-10-28,2025-10-29,SAIL_CAL,CALENDAR,BUY_NEAR,1,-5.454,-1.018,55930.0,6712.0,49218.0,INTRADAY,True
683,2025-10-28,2025-10-29,ITC_CAL,CALENDAR,BUY_NEAR,1,-3.688,-2.942,8080.0,970.0,7110.0,INTRADAY,True
684,2025-10-28,2025-10-29,OBEROIRLTY_CAL,CALENDAR,BUY_NEAR,1,-3.212,-0.753,9590.0,1151.0,8439.0,INTRADAY,True
685,2025-10-29,2025-11-03,TECHM/LTIM,PAIRS,BUY_A,5,-1.993,-2.184,-58462.0,7016.0,-65478.0,TIME_STOP,False
686,2025-10-29,2025-11-03,TATASTEEL/SAIL,PAIRS,SELL_A,5,2.023,1.736,24559.0,2947.0,21612.0,INTRADAY,True
687,2025-10-29,2025-10-31,TATAPOWER/PFC,PAIRS,SELL_A,2,1.951,1.654,12900.0,1548.0,11352.0,INTRADAY,True
688,2025-10-29,2025-10-30,ITC_CAL,CALENDAR,BUY_NEAR,1,-2.942,-3.221,8480.0,1018.0,7462.0,INTRADAY,True
689,2025-10-29,2025-11-03,CHOLAFIN/SBICARD,PAIRS,SELL_A,5,2.778,2.799,-36364.0,4364.0,-40727.0,TIME_STOP,False
690,2025-10-30,2025-10-31,ITC_CAL,CALENDAR,BUY_NEAR,1,-3.221,-1.904,15040.0,1805.0,13235.0,INTRADAY,True
691,2025-10-30,2025-11-04,CIPLA/DIVISLAB,PAIRS,BUY_A,5,-2.457,-3.007,-73826.0,8859.0,-82685.0,TIME_STOP,False
692,2025-10-31,2025-11-06,DRREDDY/LUPIN,PAIRS,BUY_A,6,-2.904,-1.677,41312.0,4957.0,36354.0,INTRADAY,True
693,2025-11-03,2025-11-04,ITC_CAL,CALENDAR,BUY_NEAR,1,-2.696,-1.219,11600.0,1392.0,10208.0,INTRADAY,True
694,2025-11-03,2025-11-04,OBEROIRLTY_CAL,CALENDAR,SELL_NEAR,1,3.888,3.747,11830.0,1420.0,10410.0,INTRADAY,True
695,2025-11-03,2025-11-04,SBIN/BANKBARODA,PAIRS,BUY_A,1,-2.731,-1.688,46751.0,5610.0,41141.0,INTRADAY,True
696,2025-11-03,2025-11-04,TATAPOWER/PFC,PAIRS,SELL_A,1,1.989,1.724,25604.0,3073.0,22532.0,INTRADAY,True
697,2025-11-03,2025-11-06,ULTRACEMCO/GRASIM,PAIRS,BUY_A,3,-2.07,0.352,119875.0,14385.0,105490.0,PROFIT,True
698,2025-11-03,2025-11-10,FEDERALBNK/BANDHANBNK,PAIRS,SELL_A,7,2.823,2.347,-56170.0,6740.0,-62910.0,TIME_STOP,False
699,2025-11-04,2025-11-10,VEDL/NMDC,PAIRS,SELL_A,6,2.491,2.29,-19112.0,2293.0,-21406.0,TIME_STOP,False
700,2025-11-04,2025-11-10,TECHM/PERSISTENT,PAIRS,BUY_A,6,-2.214,-2.016,-14245.0,1709.0,-15954.0,TIME_STOP,False
701,2025-11-04,2025-11-06,SBIN/BANKBARODA,PAIRS,BUY_A,2,-1.688,-1.185,18702.0,2244.0,16458.0,PROFIT,True
702,2025-11-04,2025-11-06,OBEROIRLTY_CAL,CALENDAR,SELL_NEAR,2,3.747,4.086,7840.0,941.0,6899.0,INTRADAY,True
703,2025-11-06,2025-11-07,HDFCBANK/ICICIBANK,PAIRS,SELL_A,1,2.201,1.463,46013.0,5522.0,40491.0,PROFIT,True
704,2025-11-06,2025-11-07,OBEROIRLTY_CAL,CALENDAR,SELL_NEAR,1,4.086,3.905,11480.0,1378.0,10102.0,INTRADAY,True
705,2025-11-06,2025-11-11,SUNPHARMA/SYNGENE,PAIRS,SELL_A,5,2.345,1.377,33688.0,4042.0,29645.0,PROFIT,True
706,2025-11-06,2025-11-11,LTIM/OFSS,PAIRS,SELL_A,5,2.27,2.085,-19610.0,2353.0,-21963.0,TIME_STOP,False
707,2025-11-07,2025-11-10,SBIN/BANKBARODA,PAIRS,BUY_A,3,-1.826,-1.722,19850.0,2382.0,17468.0,INTRADAY,True
708,2025-11-07,2025-11-12,TATAPOWER/PFC,PAIRS,SELL_A,5,2.276,1.887,11072.0,1329.0,9743.0,INTRADAY,True
709,2025-11-07,2025-11-10,OBEROIRLTY_CAL,CALENDAR,SELL_NEAR,3,3.905,3.619,9625.0,1155.0,8470.0,INTRADAY,True
710,2025-11-10,2025-11-11,OBEROIRLTY_CAL,CALENDAR,SELL_NEAR,1,3.619,2.394,12250.0,1470.0,10780.0,INTRADAY,True
711,2025-11-10,2025-11-11,CHOLAFIN/SBICARD,PAIRS,SELL_A,1,2.904,2.628,58274.0,6993.0,51281.0,INTRADAY,True
712,2025-11-10,2025-11-11,SBIN/BANKBARODA,PAIRS,BUY_A,1,-1.722,-1.26,17558.0,2107.0,15451.0,PROFIT,True
713,2025-11-10,2025-11-11,DRREDDY/LUPIN,PAIRS,BUY_A,1,-2.304,-1.605,37594.0,4511.0,33083.0,INTRADAY,True
714,2025-11-11,2025-11-17,BANKBARODA/BANDHANBNK,PAIRS,SELL_A,6,2.271,1.794,16865.0,2024.0,14841.0,TIME_STOP,True
715,2025-11-11,2025-11-13,VEDL/NATIONALUM,PAIRS,BUY_A,2,-1.888,-1.619,27032.0,3244.0,23788.0,INTRADAY,True
716,2025-11-11,2025-11-12,HEROMOTOCO/BHARATFORG,PAIRS,BUY_A,1,-2.505,-1.773,70818.0,8498.0,62320.0,INTRADAY,True
717,2025-11-11,2025-11-12,TECHM/LTIM,PAIRS,BUY_A,1,-1.881,-1.755,38062.0,4568.0,33495.0,INTRADAY,True
718,2025-11-11,2025-11-12,OBEROIRLTY_CAL,CALENDAR,SELL_NEAR,1,2.394,1.914,16975.0,2037.0,14938.0,INTRADAY,True
719,2025-11-11,2025-11-13,CHOLAFIN/SBICARD,PAIRS,SELL_A,2,2.628,1.661,82598.0,9912.0,72687.0,INTRADAY,True
720,2025-11-12,2025-11-13,TECHM/LTIM,PAIRS,BUY_A,1,-1.755,-1.676,12262.0,1472.0,10791.0,INTRADAY,True
721,2025-11-12,2025-11-17,HUDCO/ADANIENSOL,PAIRS,BUY_A,5,-2.328,-1.374,48477.0,5817.0,42660.0,PROFIT,True
722,2025-11-12,2025-11-17,NTPC/PFC,PAIRS,SELL_A,5,2.138,2.102,2920.0,350.0,2569.0,INTRADAY,True
723,2025-11-13,2025-11-18,DRREDDY/ZYDUSLIFE,PAIRS,SELL_A,5,2.409,2.909,-48210.0,5785.0,-53995.0,TIME_STOP,False
724,2025-11-17,2025-11-18,NTPC/PFC,PAIRS,SELL_A,1,2.102,1.969,10817.0,1298.0,9519.0,INTRADAY,True
725,2025-11-17,2025-11-20,NHPC/ADANIENSOL,PAIRS,BUY_A,3,-2.23,-1.678,41524.0,4983.0,36541.0,INTRADAY,True
726,2025-11-17,2025-11-20,TATAPOWER/HUDCO,PAIRS,BUY_A,3,-2.184,-1.994,4144.0,497.0,3647.0,INTRADAY,True
727,2025-11-18,2025-11-19,NTPC/PFC,PAIRS,SELL_A,1,1.969,1.64,13448.0,1614.0,11834.0,INTRADAY,True
728,2025-11-18,2025-11-19,VEDL/NATIONALUM,PAIRS,BUY_A,1,-1.929,-1.688,26892.0,3227.0,23665.0,INTRADAY,True
729,2025-11-19,2025-11-20,TECHM/LTIM,PAIRS,BUY_A,1,-1.918,-1.76,27750.0,3330.0,24420.0,INTRADAY,True
730,2025-11-19,2025-11-24,SUNPHARMA/SYNGENE,PAIRS,SELL_A,5,2.552,1.857,17338.0,2080.0,15257.0,TIME_STOP,True
731,2025-11-20,2025-11-21,VEDL/NATIONALUM,PAIRS,BUY_A,1,-1.964,-1.936,43925.0,5271.0,38654.0,INTRADAY,True
732,2025-11-20,2025-11-21,TATAPOWER/HUDCO,PAIRS,BUY_A,1,-1.994,-1.021,44492.0,5339.0,39153.0,PROFIT,True
733,2025-11-20,2025-11-25,LTIM/OFSS,PAIRS,SELL_A,5,2.034,1.691,25046.0,3005.0,22040.0,INTRADAY,True
734,2025-11-20,2025-11-25,NTPC/PFC,PAIRS,SELL_A,5,1.8,2.608,-29874.0,3585.0,-33458.0,TIME_STOP,False
735,2025-11-21,2025-11-25,VEDL/NATIONALUM,PAIRS,BUY_A,4,-1.936,-1.783,17676.0,2121.0,15555.0,INTRADAY,True
736,2025-11-25,2025-11-26,POWERGRID/PFC,PAIRS,SELL_A,1,2.45,2.166,23625.0,2835.0,20790.0,INTRADAY,True
737,2025-11-25,2025-12-01,BANKBARODA/FEDERALBNK,PAIRS,BUY_A,6,-2.24,-1.614,48983.0,5878.0,43105.0,INTRADAY,True
738,2025-11-26,2025-12-01,TATAPOWER/PFC,PAIRS,SELL_A,5,2.117,1.8,15065.0,1808.0,13257.0,INTRADAY,True
739,2025-11-26,2025-12-01,TECHM/OFSS,PAIRS,SELL_A,5,2.238,2.22,-16369.0,1964.0,-18333.0,TIME_STOP,False
740,2025-11-26,2025-12-01,NTPC/NHPC,PAIRS,SELL_A,5,2.016,2.007,-5418.0,650.0,-6068.0,TIME_STOP,False
741,2025-12-02,2025-12-08,LTIM/PERSISTENT,PAIRS,SELL_A,6,2.06,3.086,-55458.0,6655.0,-62113.0,TIME_STOP,False
742,2025-12-02,2025-12-05,VEDL/SAIL,PAIRS,SELL_A,3,2.666,1.723,55242.0,6629.0,48613.0,INTRADAY,True
743,2025-12-02,2025-12-03,SBIN/BANKBARODA,PAIRS,BUY_A,1,-2.177,-1.15,41920.0,5030.0,36890.0,PROFIT,True
744,2025-12-02,2025-12-03,NTPC/PFC,PAIRS,SELL_A,1,2.292,2.236,15127.0,1815.0,13312.0,INTRADAY,True
745,2025-12-03,2025-12-08,NTPC/PFC,PAIRS,SELL_A,5,2.236,2.294,-14958.0,1795.0,-16753.0,TIME_STOP,False
746,2025-12-03,2025-12-08,SBIN/FEDERALBNK,PAIRS,BUY_A,5,-2.629,-1.982,74000.0,8880.0,65120.0,INTRADAY,True
747,2025-12-03,2025-12-08,DRREDDY/ZYDUSLIFE,PAIRS,SELL_A,5,2.154,1.953,9597.0,1152.0,8445.0,INTRADAY,True
748,2025-12-03,2025-12-08,HAVELLS/CROMPTON,PAIRS,SELL_A,5,2.11,1.836,23888.0,2866.0,21021.0,INTRADAY,True
749,2025-12-04,2025-12-09,MPHASIS/OFSS,PAIRS,SELL_A,5,1.986,1.701,14080.0,1690.0,12390.0,INTRADAY,True
750,2025-12-05,2025-12-09,VEDL/NATIONALUM,PAIRS,BUY_A,4,-2.389,-1.783,63752.0,7650.0,56101.0,INTRADAY,True
751,2025-12-08,2025-12-15,JSWSTEEL/HINDALCO,PAIRS,BUY_A,7,-2.733,-2.656,-55436.0,6652.0,-62088.0,TIME_STOP,False
752,2025-12-08,2025-12-09,POWERGRID/PFC,PAIRS,SELL_A,1,2.106,1.861,10867.0,1304.0,9563.0,INTRADAY,True
753,2025-12-08,2025-12-15,HUDCO/ADANIENSOL,PAIRS,BUY_A,7,-1.953,-2.401,-80282.0,9634.0,-89916.0,TIME_STOP,False
754,2025-12-08,2025-12-15,PNB/IDFCFIRSTB,PAIRS,BUY_A,7,-2.224,-2.91,-55338.0,6641.0,-61979.0,TIME_STOP,False
755,2025-12-09,2025-12-10,HAVELLS/CROMPTON,PAIRS,SELL_A,1,2.382,1.401,22800.0,2736.0,20064.0,PROFIT,True
756,2025-12-10,2025-12-15,VEDL/SAIL,PAIRS,SELL_A,5,2.181,2.175,-27315.0,3278.0,-30593.0,TIME_STOP,False
757,2025-12-10,2025-12-15,TECHM/OFSS,PAIRS,SELL_A,5,2.217,1.998,-15374.0,1845.0,-17218.0,TIME_STOP,False
758,2025-12-15,2025-12-16,LTIM/PERSISTENT,PAIRS,SELL_A,1,2.191,1.743,27447.0,3294.0,24154.0,INTRADAY,True
759,2025-12-15,2025-12-16,HAVELLS/CROMPTON,PAIRS,SELL_A,1,1.861,1.79,7375.0,885.0,6490.0,INTRADAY,True
760,2025-12-15,2025-12-19,NTPC/PFC,PAIRS,SELL_A,4,2.194,1.644,13615.0,1634.0,11981.0,INTRADAY,True
761,2025-12-16,2025-12-22,VEDL/NMDC,PAIRS,SELL_A,6,2.07,1.981,-23232.0,2788.0,-26020.0,TIME_STOP,False
762,2025-12-17,2025-12-18,TATAPOWER/HUDCO,PAIRS,SELL_A,1,2.01,1.798,15557.0,1867.0,13690.0,INTRADAY,True
763,2025-12-17,2025-12-18,LTIM/PERSISTENT,PAIRS,SELL_A,1,1.877,1.637,23677.0,2841.0,20836.0,INTRADAY,True
764,2025-12-18,2025-12-23,SUNPHARMA/LUPIN,PAIRS,BUY_A,5,-2.728,-2.047,28600.0,3432.0,25168.0,INTRADAY,True
765,2025-12-22,2025-12-23,INFY/MPHASIS,PAIRS,SELL_A,1,2.427,1.133,55405.0,6649.0,48756.0,PROFIT,True
766,2025-12-22,2025-12-29,NMDC/JINDALSTEL,PAIRS,SELL_A,7,2.016,2.262,-56427.0,6771.0,-63198.0,TIME_STOP,False
767,2025-12-22,2025-12-29,IREDA/IRFC,PAIRS,BUY_A,7,-2.317,-3.059,-74926.0,8991.0,-83917.0,TIME_STOP,False
768,2025-12-23,2025-12-29,SUNPHARMA/LUPIN,PAIRS,BUY_A,6,-2.047,-1.838,2764.0,332.0,2433.0,INTRADAY,True
769,2025-12-23,2025-12-24,INFY/TECHM,PAIRS,BUY_A,1,-1.851,-1.798,14325.0,1719.0,12606.0,INTRADAY,True
770,2025-12-24,2025-12-26,GAIL/PETRONET,PAIRS,BUY_A,2,-1.851,-1.786,6631.0,796.0,5835.0,INTRADAY,True
771,2025-12-26,2025-12-30,LODHA/IRCTC,PAIRS,BUY_A,4,-2.788,-1.765,42551.0,5106.0,37445.0,INTRADAY,True
772,2025-12-26,2025-12-31,INFY/MPHASIS,PAIRS,SELL_A,5,2.218,1.851,10892.0,1307.0,9585.0,INTRADAY,True
773,2025-12-29,2025-12-31,NTPC/POWERGRID,PAIRS,SELL_A,2,2.187,2.055,10231.0,1228.0,9004.0,INTRADAY,True
774,2025-12-30,2026-01-01,HINDALCO/NATIONALUM,PAIRS,BUY_A,2,-1.965,-1.585,56191.0,6743.0,49448.0,INTRADAY,True
775,2025-12-30,2025-12-31,SAIL_CAL,CALENDAR,SELL_NEAR,1,2.773,1.049,28670.0,3440.0,25230.0,INTRADAY,True
776,2025-12-30,2026-01-01,ITC_CAL,CALENDAR,SELL_NEAR,2,5.935,2.98,79680.0,9562.0,70118.0,INTRADAY,True
777,2025-12-31,2026-01-05,NTPC/POWERGRID,PAIRS,SELL_A,5,2.055,2.835,-39350.0,4722.0,-44072.0,TIME_STOP,False
778,2025-12-31,2026-01-05,HAVELLS/CROMPTON,PAIRS,SELL_A,5,1.864,1.605,12850.0,1542.0,11308.0,INTRADAY,True
779,2025-12-31,2026-01-01,LUPIN/AUROPHARMA,PAIRS,SELL_A,1,1.954,1.409,17530.0,2104.0,15426.0,PROFIT,True
780,2026-01-01,2026-01-02,ITC_CAL,CALENDAR,SELL_NEAR,1,2.98,1.715,30960.0,3715.0,27245.0,INTRADAY,True
781,2026-01-01,2026-01-05,SBIN/BANKBARODA,PAIRS,BUY_A,4,-2.239,-2.176,11768.0,1412.0,10356.0,INTRADAY,True
782,2026-01-01,2026-01-05,MPHASIS/COFORGE,PAIRS,SELL_A,4,2.13,2.03,24715.0,2966.0,21749.0,INTRADAY,True
783,2026-01-02,2026-01-05,SAIL_CAL,CALENDAR,SELL_NEAR,3,3.857,1.657,25709.0,3085.0,22624.0,INTRADAY,True
784,2026-01-05,2026-01-06,SBIN/BANKBARODA,PAIRS,BUY_A,1,-2.176,-0.882,38193.0,4583.0,33610.0,PROFIT,True
785,2026-01-05,2026-01-06,TATASTEEL/JINDALSTEL,PAIRS,SELL_A,1,1.732,1.723,16757.0,2011.0,14747.0,INTRADAY,True
786,2026-01-05,2026-01-07,COLPAL/JUBLFOOD,PAIRS,SELL_A,2,2.734,2.072,45635.0,5476.0,40159.0,INTRADAY,True
787,2026-01-05,2026-01-07,MPHASIS/COFORGE,PAIRS,SELL_A,2,2.03,1.871,25886.0,3106.0,22779.0,INTRADAY,True
788,2026-01-05,2026-01-12,VEDL/NATIONALUM,PAIRS,BUY_A,7,-2.025,-2.161,-111018.0,13322.0,-124340.0,TIME_STOP,False
789,2026-01-06,2026-01-07,SAIL_CAL,CALENDAR,SELL_NEAR,1,3.087,5.067,6392.0,767.0,5625.0,INTRADAY,True
790,2026-01-06,2026-01-07,TATASTEEL/JINDALSTEL,PAIRS,SELL_A,1,1.723,1.339,21647.0,2598.0,19049.0,PROFIT,True
791,2026-01-06,2026-01-12,SUNPHARMA/LUPIN,PAIRS,BUY_A,6,-2.228,-2.449,-55327.0,6639.0,-61966.0,TIME_STOP,False
792,2026-01-06,2026-01-08,HAVELLS/CROMPTON,PAIRS,SELL_A,2,3.196,2.368,44650.0,5358.0,39292.0,INTRADAY,True
793,2026-01-06,2026-01-12,POWERGRID/NHPC,PAIRS,BUY_A,6,-1.991,-2.45,-39352.0,4722.0,-44075.0,TIME_STOP,False
794,2026-01-07,2026-01-08,SBIN/BANKBARODA,PAIRS,BUY_A,1,-2.268,-0.763,46458.0,5575.0,40883.0,PROFIT,True
795,2026-01-07,2026-01-08,SAIL_CAL,CALENDAR,SELL_NEAR,1,5.067,2.204,46295.0,5555.0,40740.0,INTRADAY,True
796,2026-01-08,2026-01-09,TATASTEEL/JINDALSTEL,PAIRS,SELL_A,1,1.942,1.661,30753.0,3690.0,27062.0,INTRADAY,True
797,2026-01-08,2026-01-09,SAIL_CAL,CALENDAR,SELL_NEAR,1,2.204,2.042,18283.0,2194.0,16089.0,INTRADAY,True
798,2026-01-08,2026-01-13,COLPAL/JUBLFOOD,PAIRS,SELL_A,5,2.382,2.454,-31139.0,3737.0,-34876.0,TIME_STOP,False
799,2026-01-08,2026-01-13,ULTRACEMCO/AMBUJACEM,PAIRS,SELL_A,5,2.54,2.815,-17862.0,2143.0,-20006.0,TIME_STOP,False
800,2026-01-08,2026-01-09,HAVELLS/CROMPTON,PAIRS,SELL_A,1,2.368,2.345,13475.0,1617.0,11858.0,INTRADAY,True
801,2026-01-09,2026-01-12,SAIL_CAL,CALENDAR,SELL_NEAR,3,2.042,2.677,20962.0,2515.0,18447.0,INTRADAY,True
802,2026-01-09,2026-01-12,HAVELLS/CROMPTON,PAIRS,SELL_A,3,2.345,1.837,28188.0,3382.0,24805.0,INTRADAY,True
803,2026-01-12,2026-01-19,NTPC/POWERGRID,PAIRS,SELL_A,7,2.286,2.25,-26950.0,3234.0,-30184.0,TIME_STOP,False
804,2026-01-12,2026-01-19,LUPIN/AUROPHARMA,PAIRS,SELL_A,7,3.255,2.245,9272.0,1113.0,8159.0,TIME_STOP,True
805,2026-01-12,2026-01-13,TATAPOWER/ADANIGREEN,PAIRS,SELL_A,1,2.169,2.067,17300.0,2076.0,15224.0,INTRADAY,True
806,2026-01-12,2026-01-13,TATASTEEL/JINDALSTEL,PAIRS,SELL_A,1,2.13,2.126,16449.0,1974.0,14475.0,INTRADAY,True
807,2026-01-12,2026-01-13,OBEROIRLTY_CAL,CALENDAR,SELL_NEAR,1,2.11,1.88,17045.0,2045.0,15000.0,INTRADAY,True
808,2026-01-12,2026-01-13,SAIL_CAL,CALENDAR,SELL_NEAR,1,2.677,1.125,18894.0,2267.0,16627.0,INTRADAY,True
809,2026-01-12,2026-01-13,HAVELLS/CROMPTON,PAIRS,SELL_A,1,1.837,1.082,28600.0,3432.0,25168.0,PROFIT,True
810,2026-01-13,2026-01-19,TATASTEEL/JINDALSTEL,PAIRS,SELL_A,6,2.126,1.967,-17983.0,2158.0,-20141.0,TIME_STOP,False
811,2026-01-13,2026-01-14,TATAPOWER/ADANIGREEN,PAIRS,SELL_A,1,2.067,1.949,10975.0,1317.0,9658.0,INTRADAY,True
812,2026-01-13,2026-01-16,HINDALCO/NATIONALUM,PAIRS,BUY_A,3,-2.032,-2.022,18556.0,2227.0,16330.0,INTRADAY,True
813,2026-01-14,2026-01-16,OBEROIRLTY_CAL,CALENDAR,SELL_NEAR,2,2.229,1.965,16275.0,1953.0,14322.0,INTRADAY,True
814,2026-01-14,2026-01-16,INDUSINDBK/UNIONBANK,PAIRS,BUY_A,2,-2.957,-1.607,64153.0,7698.0,56454.0,INTRADAY,True
815,2026-01-14,2026-01-16,AMBUJACEM/DALBHARAT,PAIRS,BUY_A,2,-2.48,-1.913,34591.0,4151.0,30440.0,INTRADAY,True
816,2026-01-14,2026-01-16,BANKBARODA/IDFCFIRSTB,PAIRS,SELL_A,2,2.219,1.761,24707.0,2965.0,21742.0,INTRADAY,True
817,2026-01-16,2026-01-20,HINDALCO/NATIONALUM,PAIRS,BUY_A,4,-2.022,-1.814,50997.0,6120.0,44877.0,INTRADAY,True
818,2026-01-19,2026-01-21,TATAPOWER/ADANIGREEN,PAIRS,SELL_A,2,2.129,2.045,12847.0,1542.0,11305.0,INTRADAY,True
819,2026-01-19,2026-01-21,PNB/RBLBANK,PAIRS,SELL_A,2,2.636,1.843,77921.0,9351.0,68571.0,INTRADAY,True
820,2026-01-19,2026-01-21,INFY/TECHM,PAIRS,BUY_A,2,-2.751,-2.061,51725.0,6207.0,45518.0,INTRADAY,True
821,2026-01-19,2026-01-20,HAVELLS/CROMPTON,PAIRS,SELL_A,1,2.372,0.137,89150.0,10698.0,78452.0,PROFIT,True
822,2026-01-19,2026-01-20,OBEROIRLTY_CAL,CALENDAR,SELL_NEAR,1,2.096,1.4,45745.0,5489.0,40256.0,INTRADAY,True
823,2026-01-19,2026-01-23,SUNPHARMA/LUPIN,PAIRS,BUY_A,4,-2.311,-1.724,19426.0,2331.0,17094.0,INTRADAY,True
824,2026-01-19,2026-01-20,BANKBARODA/BANKINDIA,PAIRS,BUY_A,1,-2.44,-2.087,46077.0,5529.0,40548.0,INTRADAY,True
825,2026-01-20,2026-01-22,AMBUJACEM/DALBHARAT,PAIRS,BUY_A,2,-2.898,-1.457,50458.0,6055.0,44403.0,PROFIT,True
826,2026-01-20,2026-01-27,COLPAL/JUBLFOOD,PAIRS,SELL_A,7,2.844,2.724,-70071.0,8408.0,-78479.0,TIME_STOP,False
827,2026-01-20,2026-01-21,INDUSINDBK/UNIONBANK,PAIRS,BUY_A,1,-2.982,-2.008,61042.0,7325.0,53717.0,INTRADAY,True
828,2026-01-20,2026-01-21,BANKBARODA/BANKINDIA,PAIRS,BUY_A,1,-2.087,-1.888,37318.0,4478.0,32840.0,INTRADAY,True
829,2026-01-21,2026-01-22,INFY/LTIM,PAIRS,SELL_A,1,2.807,2.266,46188.0,5542.0,40645.0,INTRADAY,True
830,2026-01-21,2026-01-22,TATAPOWER/ADANIGREEN,PAIRS,SELL_A,1,2.045,1.52,39500.0,4740.0,34760.0,INTRADAY,True
831,2026-01-21,2026-01-27,BANKBARODA/BANKINDIA,PAIRS,BUY_A,6,-1.888,-2.599,-65270.0,7832.0,-73102.0,TIME_STOP,False
832,2026-01-22,2026-01-27,ULTRACEMCO/AMBUJACEM,PAIRS,SELL_A,5,2.478,3.331,-60412.0,7249.0,-67662.0,TIME_STOP,False
833,2026-01-22,2026-01-27,INFY/LTIM,PAIRS,SELL_A,5,2.266,2.302,-15638.0,1876.0,-17514.0,TIME_STOP,False
834,2026-01-22,2026-01-23,INDUSINDBK/UNIONBANK,PAIRS,BUY_A,1,-2.556,-2.28,31006.0,3721.0,27285.0,INTRADAY,True
835,2026-01-22,2026-01-23,PNB/RBLBANK,PAIRS,SELL_A,1,2.102,1.625,81397.0,9768.0,71629.0,INTRADAY,True
836,2026-01-23,2026-01-27,INDUSINDBK/YESBANK,PAIRS,SELL_A,4,2.245,2.06,54701.0,6564.0,48137.0,INTRADAY,True
837,2026-01-23,2026-01-27,LODHA/IRCTC,PAIRS,BUY_A,4,-2.36,-1.688,40449.0,4854.0,35595.0,INTRADAY,True
838,2026-01-23,2026-01-28,CIPLA/DRREDDY,PAIRS,BUY_A,5,-3.305,-2.362,26894.0,3227.0,23667.0,TIME_STOP,True
839,2026-01-23,2026-01-28,SUNPHARMA/LUPIN,PAIRS,BUY_A,5,-1.724,-1.85,-25948.0,3114.0,-29062.0,TIME_STOP,False
840,2026-01-27,2026-02-02,NTPC/POWERGRID,PAIRS,SELL_A,6,2.169,0.803,54000.0,6480.0,47520.0,PROFIT,True
841,2026-01-27,2026-02-02,INDUSINDBK/BANKINDIA,PAIRS,BUY_A,6,-2.651,0.303,173080.0,20770.0,152310.0,PROFIT,True
842,2026-01-27,2026-02-02,TATAPOWER/ADANIGREEN,PAIRS,SELL_A,6,3.379,2.167,27219.0,3266.0,23953.0,TIME_STOP,True
843,2026-01-27,2026-02-02,INFY/TECHM,PAIRS,BUY_A,6,-2.527,-2.049,650.0,78.0,572.0,INTRADAY,True
844,2026-01-27,2026-01-28,TATASTEEL/JINDALSTEL,PAIRS,SELL_A,1,1.821,1.464,29014.0,3482.0,25532.0,PROFIT,True
845,2026-01-27,2026-01-28,SBIN/BANKBARODA,PAIRS,SELL_A,1,2.072,1.656,30724.0,3687.0,27037.0,INTRADAY,True
846,2026-01-28,2026-01-29,CIPLA/ZYDUSLIFE,PAIRS,BUY_A,1,-2.336,-2.254,20776.0,2493.0,18283.0,INTRADAY,True
847,2026-01-28,2026-02-02,ULTRACEMCO/DALBHARAT,PAIRS,SELL_A,5,2.689,1.914,37224.0,4467.0,32757.0,INTRADAY,True
848,2026-01-28,2026-02-02,SBIN/BANKBARODA,PAIRS,SELL_A,5,1.656,4.262,-143873.0,17265.0,-161138.0,TIME_STOP,False
849,2026-01-28,2026-01-30,HINDALCO/NATIONALUM,PAIRS,BUY_A,2,-2.211,-1.723,171241.0,20549.0,150692.0,INTRADAY,True
850,2026-01-29,2026-01-30,TATASTEEL/JINDALSTEL,PAIRS,SELL_A,1,1.858,1.021,75699.0,9084.0,66615.0,PROFIT,True
851,2026-01-30,2026-02-02,HINDALCO/NATIONALUM,PAIRS,BUY_A,3,-1.723,-1.566,173744.0,20849.0,152895.0,INTRADAY,True
852,2026-02-02,2026-02-09,SBIN/CANBK,PAIRS,SELL_A,7,2.025,3.81,-198506.0,23821.0,-222327.0,TIME_STOP,False
853,2026-02-02,2026-02-03,INFY/TECHM,PAIRS,BUY_A,1,-2.049,-1.569,74100.0,8892.0,65208.0,INTRADAY,True
854,2026-02-02,2026-02-03,NHPC/IREDA,PAIRS,SELL_A,1,2.016,1.711,42836.0,5140.0,37695.0,INTRADAY,True
855,2026-02-02,2026-02-04,TATAPOWER/HUDCO,PAIRS,SELL_A,2,2.706,2.092,37212.0,4465.0,32747.0,INTRADAY,True
856,2026-02-03,2026-02-04,BANKBARODA/BANKINDIA,PAIRS,BUY_A,1,-2.381,-2.223,37863.0,4544.0,33320.0,INTRADAY,True
857,2026-02-03,2026-02-05,INDUSINDBK/YESBANK,PAIRS,SELL_A,2,2.088,1.758,38034.0,4564.0,33470.0,INTRADAY,True
858,2026-02-03,2026-02-09,ULTRACEMCO/AMBUJACEM,PAIRS,SELL_A,6,2.139,2.063,-2225.0,267.0,-2492.0,INTRADAY,False
859,2026-02-03,2026-02-06,CIPLA/ZYDUSLIFE,PAIRS,BUY_A,3,-2.908,-1.515,50275.0,6033.0,44242.0,INTRADAY,True
860,2026-02-04,2026-02-09,BANKBARODA/BANKINDIA,PAIRS,BUY_A,5,-2.223,-2.771,-98938.0,11873.0,-110811.0,TIME_STOP,False
861,2026-02-04,2026-02-05,POWERGRID/NHPC,PAIRS,SELL_A,1,2.111,1.552,32733.0,3928.0,28805.0,INTRADAY,True
862,2026-02-04,2026-02-05,TATAPOWER/HUDCO,PAIRS,SELL_A,1,2.092,1.852,28883.0,3466.0,25417.0,INTRADAY,True
863,2026-02-05,2026-02-09,NHPC/IREDA,PAIRS,SELL_A,4,1.91,1.565,22623.0,2715.0,19908.0,INTRADAY,True
864,2026-02-05,2026-02-06,INFY/TECHM,PAIRS,BUY_A,1,-1.793,-1.397,32050.0,3846.0,28204.0,PROFIT,True
865,2026-02-06,2026-02-10,TATAPOWER/HUDCO,PAIRS,SELL_A,4,1.981,1.842,10402.0,1248.0,9154.0,INTRADAY,True
866,2026-02-06,2026-02-11,HDFCLIFE/ICICIGI,PAIRS,BUY_A,5,-2.497,-3.274,-55409.0,6649.0,-62058.0,TIME_STOP,False
867,2026-02-09,2026-02-10,HAVELLS/CROMPTON,PAIRS,BUY_A,1,-2.619,-2.218,23592.0,2831.0,20761.0,INTRADAY,True
868,2026-02-09,2026-02-10,CIPLA/ZYDUSLIFE,PAIRS,BUY_A,1,-2.741,-0.967,81583.0,9790.0,71793.0,PROFIT,True
869,2026-02-09,2026-02-10,INFY/HCLTECH,PAIRS,BUY_A,1,-1.909,-1.185,24788.0,2975.0,21813.0,PROFIT,True
870,2026-02-09,2026-02-16,ULTRACEMCO/AMBUJACEM,PAIRS,SELL_A,7,2.063,1.966,-31562.0,3788.0,-35350.0,TIME_STOP,False
871,2026-02-10,2026-02-16,SBIN/BANKBARODA,PAIRS,SELL_A,6,3.479,2.87,-103914.0,12470.0,-116383.0,TIME_STOP,False
872,2026-02-10,2026-02-11,TATASTEEL/JINDALSTEL,PAIRS,SELL_A,1,1.91,1.816,23866.0,2864.0,21002.0,INTRADAY,True
873,2026-02-10,2026-02-11,HAVELLS/CROMPTON,PAIRS,BUY_A,1,-2.218,-2.216,9062.0,1088.0,7975.0,INTRADAY,True
874,2026-02-10,2026-02-12,TATAPOWER/HUDCO,PAIRS,SELL_A,2,1.842,1.47,16817.0,2018.0,14799.0,PROFIT,True
875,2026-02-10,2026-02-12,POWERGRID/NHPC,PAIRS,SELL_A,2,2.429,-7.209,-12900.0,1548.0,-14448.0,LOT_CHANGE,False
876,2026-02-10,2026-02-12,LUPIN/AUROPHARMA,PAIRS,SELL_A,2,2.351,-5.379,39354.0,4722.0,34631.0,LOT_CHANGE,True
877,2026-02-11,2026-02-12,TATASTEEL/JINDALSTEL,PAIRS,SELL_A,1,1.816,-5.56,3655.0,439.0,3217.0,LOT_CHANGE,True
878,2026-02-11,2026-02-12,HAVELLS/CROMPTON,PAIRS,BUY_A,1,-2.216,-6.883,29435.0,3532.0,25903.0,LOT_CHANGE,True
879,2026-02-11,2026-02-12,INFY/TECHM,PAIRS,BUY_A,1,-1.821,5.734,60200.0,7224.0,52976.0,LOT_CHANGE,True
880,2026-02-13,2026-02-18,TATAPOWER/HUDCO,PAIRS,SELL_A,5,1.676,1.595,-4239.0,509.0,-4747.0,INTRADAY,False
881,2026-02-16,2026-02-17,LODHA/IRCTC,PAIRS,SELL_A,1,2.229,1.969,29481.0,3538.0,25943.0,INTRADAY,True
882,2026-02-18,2026-02-19,TATAPOWER/HUDCO,PAIRS,SELL_A,1,1.595,1.253,22459.0,2695.0,19764.0,PROFIT,True
883,2026-02-20,2026-02-25,TATAPOWER/HUDCO,PAIRS,SELL_A,5,1.572,1.98,-46153.0,5538.0,-51691.0,TIME_STOP,False
884,2026-02-20,2026-02-25,IDFCFIRSTB/AUBANK,PAIRS,BUY_A,5,-2.311,-3.492,-189280.0,22714.0,-211994.0,TIME_STOP,False
885,2026-02-23,2026-02-24,SBIN/BANKBARODA,PAIRS,SELL_A,1,1.523,1.423,6610.0,793.0,5816.0,PROFIT,True
886,2026-02-25,2026-03-02,BANKBARODA/IDFCFIRSTB,PAIRS,SELL_A,5,3.832,2.572,40924.0,4911.0,36013.0,TIME_STOP,True
887,2026-03-04,2026-03-09,TATAPOWER/HUDCO,PAIRS,SELL_A,5,2.13,2.164,-39401.0,4728.0,-44129.0,TIME_STOP,False
888,2026-03-04,2026-03-09,IDFCFIRSTB/AUBANK,PAIRS,BUY_A,5,-1.974,-2.02,-40392.0,4847.0,-45239.0,TIME_STOP,False
889,2026-03-09,2026-03-16,TATAPOWER/ADANIGREEN,PAIRS,SELL_A,7,2.129,1.969,-44781.0,5374.0,-50155.0,TIME_STOP,False
890,2026-03-16,2026-03-23,TATAPOWER/HUDCO,PAIRS,SELL_A,7,2.182,1.884,6925.0,831.0,6094.0,INTRADAY,True
891,2026-03-23,2026-03-25,TATAPOWER/HUDCO,PAIRS,SELL_A,2,1.884,1.289,68925.0,8271.0,60654.0,PROFIT,True
892,2026-03-27,2026-03-30,LODHA/IRCTC,PAIRS,BUY_A,3,-2.066,-1.884,25731.0,3088.0,22643.0,INTRADAY,True
